article_id,ticker,headline,summary,author,published_at,updated_at,source,url,content
5114288,AAL,CNBC's Biggest Pops & Drops of 2014,,Benzinga,2015-01-01T19:14:12Z,2015-01-01T19:14:12Z,,https://www.benzinga.com/node/5114288,
5114288,AAPL,CNBC's Biggest Pops & Drops of 2014,,Benzinga,2015-01-01T19:14:12Z,2015-01-01T19:14:12Z,,https://www.benzinga.com/node/5114288,
5114710,CHTR,"Nexstar Broadcasting, Charter Communications Reach New Distribution Agreement",,Benzinga,2015-01-01T23:27:50Z,2015-01-01T23:27:50Z,,https://www.benzinga.com/node/5114710,
5113793,HON,Analysts Generally Bullish On New Year's Eve: Here Are Some Trading Ideas For 2015,,Benzinga,2015-01-01T19:38:08Z,2015-01-01T19:38:08Z,,https://www.benzinga.com/node/5113793,
5114288,INTC,CNBC's Biggest Pops & Drops of 2014,,Benzinga,2015-01-01T19:14:12Z,2015-01-01T19:14:12Z,,https://www.benzinga.com/node/5114288,
5113793,MEOH,Analysts Generally Bullish On New Year's Eve: Here Are Some Trading Ideas For 2015,,Benzinga,2015-01-01T19:38:08Z,2015-01-01T19:38:08Z,,https://www.benzinga.com/node/5113793,
5114710,NXST,"Nexstar Broadcasting, Charter Communications Reach New Distribution Agreement",,Benzinga,2015-01-01T23:27:50Z,2015-01-01T23:27:50Z,,https://www.benzinga.com/node/5114710,
5114288,WYNN,CNBC's Biggest Pops & Drops of 2014,,Benzinga,2015-01-01T19:14:12Z,2015-01-01T19:14:12Z,,https://www.benzinga.com/node/5114288,
5115376,AAPL,"Argus Expects Apple To Report Strong Q1 Results, Sees Double Digit EPS Growth Through 2016",,Benzinga,2015-01-02T14:09:15Z,2015-01-02T14:09:15Z,,https://www.benzinga.com/node/5115376,
5115611,AAPL,Hearing Chatter of Overheating in Apple iPhone 6,,Benzinga,2015-01-02T15:12:32Z,2015-01-02T15:12:32Z,,https://www.benzinga.com/node/5115611,
5115509,AAPL,Study: Only Five Percent of U.S. iPhone Users Are Very Likely To Buy Apple watch,,Benzinga,2015-01-02T15:33:04Z,2015-01-02T15:57:04Z,,https://www.benzinga.com/node/5115509,
5114926,AAPL,Companies To Watch As Music Streaming Explodes,,Benzinga,2015-01-02T17:21:05Z,2015-01-02T17:23:51Z,,https://www.benzinga.com/node/5114926,
5115112,ALGN,"Baird Upgrades Align Technology to Outperform, Raises PT to $64.00",,Benzinga,2015-01-02T12:45:26Z,2015-01-02T12:45:26Z,,https://www.benzinga.com/node/5115112,
5115130,ALDX,"8-K from Aldeyra Therapeutics Shows Co. Submitted INDA for Phase 2 of NS2 for Sjogren-Larsson as of Dec. 30, 2014",,Benzinga,2015-01-02T12:55:12Z,2015-01-02T12:55:12Z,,https://www.benzinga.com/node/5115130,
5116190,AMAT,"Option Alert: Applied Materials Feb $27 Call; 6,680 Contract Trade at Ask @$.53; Currently $24.97",,Benzinga,2015-01-02T20:57:08Z,2015-01-02T20:57:08Z,,https://www.benzinga.com/node/5116190,
5115957,AMBA,Should Microchip Technology Be in Your Portfolio Now?,,Benzinga,2015-01-02T21:16:24Z,2015-01-02T21:16:24Z,,https://www.benzinga.com/node/5115957,
5114235,APC,Fast Money Picks For January 2,,Benzinga,2015-01-02T12:03:11Z,2015-01-02T12:03:11Z,,https://www.benzinga.com/node/5114235,
5115277,ARWR,Benzinga's Top #PreMarket Gainers,,Benzinga,2015-01-02T13:38:01Z,2015-01-02T13:38:01Z,,https://www.benzinga.com/node/5115277,
5115918,ARLP,"Alliance Resource Partners, L.P. Reports Purchase of Coal Supply Deals from Affiliate of Patriot Coal Corporation",,Benzinga,2015-01-02T17:47:53Z,2015-01-02T17:47:53Z,,https://www.benzinga.com/node/5115918,
5116240,APA,Fast Money Traders Debate On Exxon Mobil Corporation,,Benzinga,2015-01-02T21:20:43Z,2015-01-02T21:20:43Z,,https://www.benzinga.com/node/5116240,
5115957,AVGO,Should Microchip Technology Be in Your Portfolio Now?,,Benzinga,2015-01-02T21:16:24Z,2015-01-02T21:16:24Z,,https://www.benzinga.com/node/5115957,
5115176,BLDP,Ballard Terminates License Agreements with Azure and Provides Update on 2014 Guidance,,Benzinga,2015-01-02T13:02:01Z,2015-01-02T13:02:01Z,,https://www.benzinga.com/node/5115176,
5115186,BLDP,"UPDATE: Ballard Says Will Not Achieve '14 Sales, Adj. EBITDA Outlook",,Benzinga,2015-01-02T13:04:19Z,2015-01-02T13:04:19Z,,https://www.benzinga.com/node/5115186,
5115187,BLDP,UPDATE: Ballard Power Expecting $4.5M Impairment Charge,,Benzinga,2015-01-02T13:04:44Z,2015-01-02T13:04:44Z,,https://www.benzinga.com/node/5115187,
5115529,BLDP,Morning Market Losers,,Benzinga,2015-01-02T14:55:18Z,2015-01-02T14:55:18Z,,https://www.benzinga.com/node/5115529,
5115694,BLDP,Mid-Morning Market Update: Markets Open Higher; Rite Aid Posts Rise In December Sales,,Benzinga,2015-01-02T16:10:43Z,2015-01-02T16:10:43Z,,https://www.benzinga.com/node/5115694,
5116024,CCRN,Is it Time to Add Insperity (NSP) Stock to Your Portfolio?,,Benzinga,2015-01-02T21:15:50Z,2015-01-02T21:15:50Z,,https://www.benzinga.com/node/5116024,
5115210,CPSS,"UPDATE: Jefferies Reiterates Buy Rating, Raises PT on Consumer Portfolio Services on December Activity Review",,Benzinga,2015-01-02T13:39:11Z,2015-01-02T13:39:11Z,,https://www.benzinga.com/node/5115210,
5115618,DLTR,Judge in Family Dollar Case Has Rejected Appeal Related to Dollar Tree Vote,,Benzinga,2015-01-02T15:29:34Z,2015-01-02T15:29:34Z,,https://www.benzinga.com/node/5115618,
5114921,DRH,How To Invest In The US Housing Market Recovery,,Benzinga,2015-01-02T16:58:13Z,2015-01-02T16:58:13Z,,https://www.benzinga.com/node/5114921,
5115048,FBIZ,"Keefe, Bruyette & Woods Doesn't Expect Chief Accounting Officer's Resignation to Affect First Business Financial Services",,Benzinga,2015-01-02T12:31:04Z,2015-01-02T12:31:04Z,,https://www.benzinga.com/node/5115048,
5115184,EXAS,Exact Sciences Reports Added Update on CMS Reimbursement for Cologuard: to Establish Final Reimbursement Rate of $492.72,,Benzinga,2015-01-02T13:03:47Z,2015-01-02T13:03:47Z,,https://www.benzinga.com/node/5115184,
5115487,FSLR,Will Crude Trading Lower Consistently Really Impact Solar Power Industry ?,,Benzinga,2015-01-02T14:47:50Z,2015-01-02T15:15:04Z,,https://www.benzinga.com/node/5115487,
5115110,GLNG,"Global Hunter Upgrades Golar LNG to Speculative Buy, Lowers PT to $50.00",,Benzinga,2015-01-02T12:44:30Z,2015-01-02T12:44:30Z,,https://www.benzinga.com/node/5115110,
5115638,GPRO,"Top Performing Industries For January 2, 2015",,Benzinga,2015-01-02T15:38:23Z,2015-01-02T15:38:23Z,,https://www.benzinga.com/node/5115638,
5115859,GPRO,GoPro Shares Rise 5.5% Following Positive JP Morgan Comments,,Benzinga,2015-01-02T17:17:31Z,2015-01-02T17:17:31Z,,https://www.benzinga.com/node/5115859,
5114926,GOOG,Companies To Watch As Music Streaming Explodes,,Benzinga,2015-01-02T17:21:05Z,2015-01-02T17:23:51Z,,https://www.benzinga.com/node/5114926,
5116051,GPRO,"J.P. Morgan Previews CES 2015, Sees 'Convergence' As Overarching Theme",,Benzinga,2015-01-02T19:27:40Z,2015-01-02T19:31:17Z,,https://www.benzinga.com/node/5116051,
5116108,GPRE,"Tourbillon Capital Partners Buys 40,000 Shares of Green Plains @$25.16/Share -Form 4",,Benzinga,2015-01-02T19:59:33Z,2015-01-02T19:59:33Z,,https://www.benzinga.com/node/5116108,
5115916,IBKR,"Interactive Brokers Reports DARTs Up 23% YoY, Up 2% MoM for Dec., Ending Customer Credit Balances Up 22% YoY",,Benzinga,2015-01-02T17:46:08Z,2015-01-02T17:46:08Z,,https://www.benzinga.com/node/5115916,
5115373,ISRG,"UPDATE: Bank of America Reiterates Buy Rating, Raises PT on Intuitive Surgical on Bullish Growth Outlook",,Benzinga,2015-01-02T14:06:05Z,2015-01-02T14:06:05Z,,https://www.benzinga.com/node/5115373,
5114921,LGIH,How To Invest In The US Housing Market Recovery,,Benzinga,2015-01-02T16:58:13Z,2015-01-02T16:58:13Z,,https://www.benzinga.com/node/5114921,
5115005,LINE,LINN Energy Announces 2015 Oil and Gas Capital Budget; Reduces Annual Distribution to $1.25 Per Unit,,Benzinga,2015-01-02T11:58:38Z,2015-01-02T11:58:38Z,,https://www.benzinga.com/node/5115005,
5115062,LINE,"Linn Energy Shares Fall 6%, Linn Co Shares Fall 11% on Reduction in Capex, Dividend",,Benzinga,2015-01-02T12:22:28Z,2015-01-02T12:22:28Z,,https://www.benzinga.com/node/5115062,
5115207,LINE,Why Shares of LinnCo And Linn Energy Are Tumbling On Friday,,Benzinga,2015-01-02T13:44:27Z,2015-01-02T13:44:27Z,,https://www.benzinga.com/node/5115207,
5115313,LINE,Benzinga's Top #PreMarket Losers,,Benzinga,2015-01-02T13:44:04Z,2015-01-02T13:52:34Z,,https://www.benzinga.com/node/5115313,
5115412,LINE,"4 Social Sentiment Stocks For Friday January 2, 2015",,Benzinga,2015-01-02T14:23:14Z,2015-01-02T14:23:14Z,,https://www.benzinga.com/node/5115412,
5115617,LINE,Benzinga's Volume Movers,,Benzinga,2015-01-02T15:27:34Z,2015-01-02T15:27:34Z,,https://www.benzinga.com/node/5115617,
5116051,LOGI,"J.P. Morgan Previews CES 2015, Sees 'Convergence' As Overarching Theme",,Benzinga,2015-01-02T19:27:40Z,2015-01-02T19:31:17Z,,https://www.benzinga.com/node/5116051,
5116025,LIVE,Can Shutterfly's Innovations Drive Long-Term Growth?,,Benzinga,2015-01-02T21:15:27Z,2015-01-02T21:15:27Z,,https://www.benzinga.com/node/5116025,
5114868,MDXG,"Stocks To Watch For January 2, 2015",,Benzinga,2015-01-02T09:02:05Z,2015-01-02T09:10:51Z,,https://www.benzinga.com/node/5114868,
5115529,MDXG,Morning Market Losers,,Benzinga,2015-01-02T14:55:18Z,2015-01-02T14:55:18Z,,https://www.benzinga.com/node/5115529,
5115694,MDXG,Mid-Morning Market Update: Markets Open Higher; Rite Aid Posts Rise In December Sales,,Benzinga,2015-01-02T16:10:43Z,2015-01-02T16:10:43Z,,https://www.benzinga.com/node/5115694,
5115957,MCHP,Should Microchip Technology Be in Your Portfolio Now?,,Benzinga,2015-01-02T21:16:24Z,2015-01-02T21:16:24Z,,https://www.benzinga.com/node/5115957,
5114882,MLAB,Top 4 NASDAQ Stocks In The Medical Instruments & Supplies Industry With The Highest EPS,,Benzinga,2015-01-02T09:20:09Z,2015-01-02T09:20:09Z,,https://www.benzinga.com/node/5114882,
5114917,MSFT,Bitcoin Poised For Success In 2015?,,Benzinga,2015-01-02T15:54:56Z,2015-01-02T15:54:56Z,,https://www.benzinga.com/node/5114917,
5114926,MSFT,Companies To Watch As Music Streaming Explodes,,Benzinga,2015-01-02T17:21:05Z,2015-01-02T17:23:51Z,,https://www.benzinga.com/node/5114926,
5115957,MTSI,Should Microchip Technology Be in Your Portfolio Now?,,Benzinga,2015-01-02T21:16:24Z,2015-01-02T21:16:24Z,,https://www.benzinga.com/node/5115957,
5115638,NFLX,"Top Performing Industries For January 2, 2015",,Benzinga,2015-01-02T15:38:23Z,2015-01-02T15:38:23Z,,https://www.benzinga.com/node/5115638,
5116105,NBIX,What Investors Expect From Neurocrine Biosciences' Next Drug Announcement,,Benzinga,2015-01-02T19:53:40Z,2015-01-02T19:55:57Z,,https://www.benzinga.com/node/5116105,
5115458,OPK,"Opko Health Chairman Frost Buys 92,500 Shares @$9.99/Share -Form 4",,Benzinga,2015-01-02T14:25:36Z,2015-01-02T14:25:36Z,,https://www.benzinga.com/node/5115458,
5113488,PCRX,New Biotech ETF from ALPS,,Benzinga,2015-01-02T13:05:16Z,2015-01-02T13:05:16Z,,https://www.benzinga.com/node/5113488,
5115135,PWRD,Perfect World Shares Halted News Pending,,Benzinga,2015-01-02T12:59:08Z,2015-01-02T12:59:08Z,,https://www.benzinga.com/node/5115135,
5115236,PWRD,Perfect World Reports Chair's Prelim. Non-Binding 'Go-Private' Offer at $20/ADS,,Benzinga,2015-01-02T13:27:03Z,2015-01-02T13:27:03Z,,https://www.benzinga.com/node/5115236,
5115243,PWRD,UPDATE: Perfect World Has Formed Special Committee to Consider Offer,,Benzinga,2015-01-02T13:28:38Z,2015-01-02T13:28:38Z,,https://www.benzinga.com/node/5115243,
5115257,PWRD,Shares of Perfect World to Resume Trade at 8:55 a.m. EDT,,Benzinga,2015-01-02T13:30:26Z,2015-01-02T13:30:26Z,,https://www.benzinga.com/node/5115257,
5115274,PWRD,Perfect World Names Yunfan Zhang as COO,,Benzinga,2015-01-02T13:37:16Z,2015-01-02T13:37:16Z,,https://www.benzinga.com/node/5115274,
5115337,PWRD,"Shares of Perfect World Resume Trade, Now Up ~16%",,Benzinga,2015-01-02T13:55:31Z,2015-01-02T13:55:31Z,,https://www.benzinga.com/node/5115337,
5115412,PWRD,"4 Social Sentiment Stocks For Friday January 2, 2015",,Benzinga,2015-01-02T14:23:14Z,2015-01-02T14:23:14Z,,https://www.benzinga.com/node/5115412,
5115495,PWRD,Morning Market Movers,,Benzinga,2015-01-02T14:39:59Z,2015-01-02T14:40:45Z,,https://www.benzinga.com/node/5115495,
5115531,PWRD,Perfect World Company Surges 20% On Founder's Offer To Go Private,,Benzinga,2015-01-02T15:24:36Z,2015-01-02T15:24:36Z,,https://www.benzinga.com/node/5115531,
5115617,PWRD,Benzinga's Volume Movers,,Benzinga,2015-01-02T15:27:34Z,2015-01-02T15:27:34Z,,https://www.benzinga.com/node/5115617,
5115694,PWRD,Mid-Morning Market Update: Markets Open Higher; Rite Aid Posts Rise In December Sales,,Benzinga,2015-01-02T16:10:43Z,2015-01-02T16:10:43Z,,https://www.benzinga.com/node/5115694,
5116036,PSEC,"Option Alert: Prospect Capital May 10 Call; 1,500 Contract Trade at Ask @$0.15; Currently $8.43",,Benzinga,2015-01-02T19:08:22Z,2015-01-02T19:08:22Z,,https://www.benzinga.com/node/5116036,
5116075,PWRD,13D Filing from Perfect Human Holdings on Perfect World Shows 16.8% Stake,,Benzinga,2015-01-02T19:39:10Z,2015-01-02T19:39:10Z,,https://www.benzinga.com/node/5116075,
5115631,SBLK,"Baltic Dry Index Continues Its Decline, Shipping Stocks Mixed",,Benzinga,2015-01-02T15:47:04Z,2015-01-02T15:47:04Z,,https://www.benzinga.com/node/5115631,
5116371,SMBC,Southern Missouri Bancorp Announces 2 for 1 Split,,Benzinga,2015-01-02T22:37:29Z,2015-01-02T22:37:29Z,,https://www.benzinga.com/node/5116371,
5114937,SYNA,"Pacific Crest Downgrades Synaptics to Sector Perform, Removes $100.00 PT",,Benzinga,2015-01-02T10:46:21Z,2015-01-02T10:46:21Z,,https://www.benzinga.com/node/5114937,
5115098,SYNA,Pacific Crest Downgrades Synaptics To Sector Perform,,Benzinga,2015-01-02T12:39:44Z,2015-01-02T12:39:44Z,,https://www.benzinga.com/node/5115098,
5115103,SSNC,"Raymond James Downgrades SS&C Technologies to Market Perform, Removes $48.50 PT",,Benzinga,2015-01-02T12:40:47Z,2015-01-02T12:40:47Z,,https://www.benzinga.com/node/5115103,
5115462,SYNA,Benzinga's Top Downgrades,,Benzinga,2015-01-02T14:28:05Z,2015-01-02T14:28:05Z,,https://www.benzinga.com/node/5115462,
5115529,SYNA,Morning Market Losers,,Benzinga,2015-01-02T14:55:18Z,2015-01-02T14:55:18Z,,https://www.benzinga.com/node/5115529,
5115721,SYNA,"Worst Performing Industries For January 2, 2015",,Benzinga,2015-01-02T16:10:33Z,2015-01-02T16:10:33Z,,https://www.benzinga.com/node/5115721,
5115694,SYNA,Mid-Morning Market Update: Markets Open Higher; Rite Aid Posts Rise In December Sales,,Benzinga,2015-01-02T16:10:43Z,2015-01-02T16:10:43Z,,https://www.benzinga.com/node/5115694,
5116051,SSYS,"J.P. Morgan Previews CES 2015, Sees 'Convergence' As Overarching Theme",,Benzinga,2015-01-02T19:27:40Z,2015-01-02T19:31:17Z,,https://www.benzinga.com/node/5116051,
5116051,SYNA,"J.P. Morgan Previews CES 2015, Sees 'Convergence' As Overarching Theme",,Benzinga,2015-01-02T19:27:40Z,2015-01-02T19:31:17Z,,https://www.benzinga.com/node/5116051,
5116181,SYNA,"Synaptics Falls Amid Pacific Crest Downgrade, Stifel Sees Buying Opportunity",,Benzinga,2015-01-02T21:44:33Z,2015-01-02T21:46:40Z,,https://www.benzinga.com/node/5116181,
5116365,STX,Seagate Filing Says the Company Will Record An Additional $200M Tax Expense For Q2 2015 For Chinese Audit,,Benzinga,2015-01-02T22:30:37Z,2015-01-02T22:30:37Z,,https://www.benzinga.com/node/5116365,
5116158,TC,Freeport (FCX) Cut to Strong Sell: Should You Dump It?,,Benzinga,2015-01-02T21:14:56Z,2015-01-02T21:14:56Z,,https://www.benzinga.com/node/5116158,
5115858,TSLA,"Bank Of America's Price Targets On Ford, GM And Tesla",,Benzinga,2015-01-02T17:37:07Z,2015-01-02T17:39:43Z,,https://www.benzinga.com/node/5115858,
5115993,TSLA,"Nikkei Reports Nissan to Release Two New Electric Vehicles, Plus Hybrid Version of Mainstay Compact as Early as FY 2016",,Benzinga,2015-01-02T18:50:43Z,2015-01-02T18:50:44Z,,https://www.benzinga.com/node/5115993,
5114882,UTMD,Top 4 NASDAQ Stocks In The Medical Instruments & Supplies Industry With The Highest EPS,,Benzinga,2015-01-02T09:20:09Z,2015-01-02T09:20:09Z,,https://www.benzinga.com/node/5114882,
5116070,WASH,"Washington Trust's Commercial Real Estate Group Reports Provided $2.6M to Curo Elmwood for Refinancing of Walgreens Store in Providence, Rhode Island",,Benzinga,2015-01-02T19:32:38Z,2015-01-02T19:32:38Z,,https://www.benzinga.com/node/5116070,
5114882,XRAY,Top 4 NASDAQ Stocks In The Medical Instruments & Supplies Industry With The Highest EPS,,Benzinga,2015-01-02T09:20:09Z,2015-01-02T09:20:09Z,,https://www.benzinga.com/node/5114882,
5115114,XRAY,"Baird Downgrades DENTSPLY International to Neutral, Maintains $55.00 PT",,Benzinga,2015-01-02T12:45:54Z,2015-01-02T12:45:55Z,,https://www.benzinga.com/node/5115114,
5115494,WYNN,"Macau Gaming Revenue Falls, Stocks Mixed",,Benzinga,2015-01-02T15:21:18Z,2015-01-02T15:21:18Z,,https://www.benzinga.com/node/5115494,
5116324,XELB,Hilco Trading 13G Filing Shows 16.3% Passive Stade,,Benzinga,2015-01-02T22:07:36Z,2015-01-02T22:09:31Z,,https://www.benzinga.com/node/5116324,
5116744,AAPL,European Apple Sites Now Show Watch 'Available in 2015; US Site Still Shows 'Coming Early 2015' -9to5Mac,,Benzinga,2015-01-03T15:08:07Z,2015-01-03T15:08:07Z,,https://www.benzinga.com/node/5116744,
5116219,AAPL,10 Of The Most Popular Stocks In 2014,,Benzinga,2015-01-03T20:08:25Z,2015-01-03T20:09:42Z,,https://www.benzinga.com/node/5116219,
5116132,AAPL,"Weekly Highlights: Apple Pay Growth, Apple Watch Sales Potential And More",,Benzinga,2015-01-03T20:28:16Z,2015-01-03T20:28:16Z,,https://www.benzinga.com/node/5116132,
5116252,AAPL,2015: The Year Of Apple's Wearables?,,Benzinga,2015-01-03T20:52:13Z,2015-01-03T20:53:34Z,,https://www.benzinga.com/node/5116252,
5116219,AMZN,10 Of The Most Popular Stocks In 2014,,Benzinga,2015-01-03T20:08:25Z,2015-01-03T20:09:42Z,,https://www.benzinga.com/node/5116219,
5115967,GPRO,GoPro Moves Higher Ahead Of Its CES Presentation,,Benzinga,2015-01-02T18:44:53Z,2015-01-03T19:25:16Z,,https://www.benzinga.com/node/5115967,
5116219,GILD,10 Of The Most Popular Stocks In 2014,,Benzinga,2015-01-03T20:08:25Z,2015-01-03T20:09:42Z,,https://www.benzinga.com/node/5116219,
5116219,INTC,10 Of The Most Popular Stocks In 2014,,Benzinga,2015-01-03T20:08:25Z,2015-01-03T20:09:42Z,,https://www.benzinga.com/node/5116219,
5116169,INTC,Here's How Microsoft Fueled Intel's Rise In 2014 And Will Continue Doing So In 2015,,Benzinga,2015-01-03T21:09:55Z,2015-01-03T21:10:19Z,,https://www.benzinga.com/node/5116169,
5116516,LINE,CNBC's Stock Pops & Drops From January 2,,Benzinga,2015-01-03T19:10:38Z,2015-01-03T19:10:39Z,,https://www.benzinga.com/node/5116516,
5116219,MSFT,10 Of The Most Popular Stocks In 2014,,Benzinga,2015-01-03T20:08:25Z,2015-01-03T20:09:42Z,,https://www.benzinga.com/node/5116219,
5116169,MSFT,Here's How Microsoft Fueled Intel's Rise In 2014 And Will Continue Doing So In 2015,,Benzinga,2015-01-03T21:09:55Z,2015-01-03T21:10:19Z,,https://www.benzinga.com/node/5116169,
5116360,MSFT,Microsoft Executive Explains The Company's Strategy For The Band,,Benzinga,2015-01-03T21:45:06Z,2015-01-03T21:45:06Z,,https://www.benzinga.com/node/5116360,
5116219,NFLX,10 Of The Most Popular Stocks In 2014,,Benzinga,2015-01-03T20:08:25Z,2015-01-03T20:09:42Z,,https://www.benzinga.com/node/5116219,
5116516,SYNA,CNBC's Stock Pops & Drops From January 2,,Benzinga,2015-01-03T19:10:38Z,2015-01-03T19:10:39Z,,https://www.benzinga.com/node/5116516,
5116516,TSLA,CNBC's Stock Pops & Drops From January 2,,Benzinga,2015-01-03T19:10:38Z,2015-01-03T19:10:39Z,,https://www.benzinga.com/node/5116516,
5116219,TSLA,10 Of The Most Popular Stocks In 2014,,Benzinga,2015-01-03T20:08:25Z,2015-01-03T20:09:42Z,,https://www.benzinga.com/node/5116219,
5116516,WYNN,CNBC's Stock Pops & Drops From January 2,,Benzinga,2015-01-03T19:10:38Z,2015-01-03T19:10:39Z,,https://www.benzinga.com/node/5116516,
5114161,CSCO,Facebook Vs. Twitter: Who Will Win The Battle For Sports Video?,,Benzinga,2015-01-02T12:29:33Z,2015-01-04T00:43:16Z,,https://www.benzinga.com/node/5114161,
5117017,ESLT,Elbit Systems Awarded $90M Maintenance Contract for Israeli Air Force's F-16 Avionics Systems,,Benzinga,2015-01-04T13:22:07Z,2015-01-04T13:22:07Z,,https://www.benzinga.com/node/5117017,
5117158,FOXA,Warner Bros' 'Hobbit: The Battle of the Five Armies' has Now Grossed $723M Globally,,Benzinga,2015-01-04T22:11:51Z,2015-01-04T22:11:51Z,,https://www.benzinga.com/node/5117158,
5117058,MU,Earnings Expectations For The Week Of January 5,,Benzinga,2015-01-04T18:08:43Z,2015-01-04T18:10:18Z,,https://www.benzinga.com/node/5117058,
5117158,RENT,Warner Bros' 'Hobbit: The Battle of the Five Armies' has Now Grossed $723M Globally,,Benzinga,2015-01-04T22:11:51Z,2015-01-04T22:11:51Z,,https://www.benzinga.com/node/5117158,
5117542,AAPL,Purported Photo Surfaces of 12-inch+ iPad Pro,,Benzinga,2015-01-05T10:16:52Z,2015-01-05T10:16:52Z,,https://www.benzinga.com/node/5117542,
5117596,ACTG,Acacia Announces Settlement and Patent License Agreement with ConforMIS,,Benzinga,2015-01-05T10:59:58Z,2015-01-05T10:59:58Z,,https://www.benzinga.com/node/5117596,
5117639,ACTG,Acacia Announces Settlement and Patent License Agreement with Cordis,,Benzinga,2015-01-05T11:06:45Z,2015-01-05T11:06:45Z,,https://www.benzinga.com/node/5117639,
5117681,AAL,American Airlines Announces Deal Regarding Tentative Joint Collective Bargaining Agreement With Allied Pilots Association -Reuters,,Benzinga,2015-01-05T11:17:26Z,2015-01-05T11:17:26Z,,https://www.benzinga.com/node/5117681,
5116560,AAPL,3 Silly Apple Stories Investors Should Ignore,,Benzinga,2015-01-05T15:52:04Z,2015-01-05T15:52:05Z,,https://www.benzinga.com/node/5116560,
5119658,AAPL,'Gartner Says Tablet Sales Continue To Be Slow In 2015',,Benzinga,2015-01-05T17:39:57Z,2015-01-05T17:39:57Z,,https://www.benzinga.com/node/5119658,
5119703,AAPL,"Is Marco Arment Correct In Saying That Apple's Hardware Is 'Amazing', But Software Quality Has 'Nosedived' Significantly",,Benzinga,2015-01-05T18:28:39Z,2015-01-05T18:46:47Z,,https://www.benzinga.com/node/5119703,
5119723,AAPL,TD Ameritrade's Investment Movement Index Rises In December,,Benzinga,2015-01-05T18:51:10Z,2015-01-05T18:55:39Z,,https://www.benzinga.com/node/5119723,
5120275,AAPL,Gartner: No Return For Tablet Sales Boom,,Benzinga,2015-01-05T21:13:56Z,2015-01-05T21:13:56Z,,https://www.benzinga.com/node/5120275,
5117758,AAL,Companies Benefitting From Lower Oil Prices,,Benzinga,2015-01-05T20:52:12Z,2015-01-05T21:25:41Z,,https://www.benzinga.com/node/5117758,
5118885,AKAM,Hearing Pacific Crest Cautious on Akamai,,Benzinga,2015-01-05T14:33:54Z,2015-01-05T14:33:54Z,,https://www.benzinga.com/node/5118885,
5120353,AKBA,Akebia Completes Enrollment In Two Planned Cohorts of its Phase 2 Study of AKB-6548,,Benzinga,2015-01-05T21:02:11Z,2015-01-05T21:02:11Z,,https://www.benzinga.com/node/5120353,
5117631,AMZN,Amazon Announces Sellers Sold 2B+ Items Worldwide in 2014,,Benzinga,2015-01-05T11:03:23Z,2015-01-05T11:03:23Z,,https://www.benzinga.com/node/5117631,
5117820,AMZN,US Stock Futures Slip Ahead Of Auto Sales Data,,Benzinga,2015-01-05T12:00:01Z,2015-01-05T12:00:02Z,,https://www.benzinga.com/node/5117820,
5118183,ALNY,"Alnylam Files Clinical Trial Application to Initiate a Phase 1 Study for ALN-AS1, a Subcutaneously Administered, Investigational RNAi Therapeutic Targeting Aminolevulinic Acid Synthase-1 (ALAS-1) for the Treatment of Hepatic Porphyrias",,Benzinga,2015-01-05T13:02:09Z,2015-01-05T13:02:09Z,,https://www.benzinga.com/node/5118183,
5118418,ALDX,Aldeyra Therapeutics Reports Submission of IND Filing to FDA for Clinical Testing of NS2 in Patients with Sjogren-Larsson Syndrome,,Benzinga,2015-01-05T13:31:35Z,2015-01-05T13:31:35Z,,https://www.benzinga.com/node/5118418,
5118504,AMGN,Morgan Stanley Downgrades Amgen to Equalweight,,Benzinga,2015-01-05T13:48:06Z,2015-01-05T13:48:07Z,,https://www.benzinga.com/node/5118504,
5118518,AMZN,Amazon Reports Over 2 Billion Items Sold By Amazon Sellers In 2014,,Benzinga,2015-01-05T14:02:27Z,2015-01-05T14:02:27Z,,https://www.benzinga.com/node/5118518,
5118678,AMGN,Amgen and Kite Pharma Announce Strategic Cancer Immunotherapy Collaboration to Advance the Application of Novel Chimeric Antigen Receptor (CAR) T Cell Therapies,,Benzinga,2015-01-05T14:07:19Z,2015-01-05T14:07:19Z,,https://www.benzinga.com/node/5118678,
5118834,AMGN,Monday Morning Movers,,Benzinga,2015-01-05T14:31:48Z,2015-01-05T14:31:48Z,,https://www.benzinga.com/node/5118834,
5118934,AMGN,Morning Market Losers,,Benzinga,2015-01-05T14:57:51Z,2015-01-05T14:57:51Z,,https://www.benzinga.com/node/5118934,
5117737,AMZN,Who Stands To Profit From Net Neutrality?,,Benzinga,2015-01-05T16:29:36Z,2015-01-05T16:31:06Z,,https://www.benzinga.com/node/5117737,
5119525,AMAT,Semiconductor ETFs Set to Continue Rally,,Benzinga,2015-01-05T20:09:30Z,2015-01-05T20:25:27Z,,https://www.benzinga.com/node/5119525,
5119845,AMGN,Morgan Stanley Issues Wave Of Pharma & Medical Device Upgrades/Downgrades,,Benzinga,2015-01-05T20:57:51Z,2015-01-05T20:57:51Z,,https://www.benzinga.com/node/5119845,
5117758,AMZN,Companies Benefitting From Lower Oil Prices,,Benzinga,2015-01-05T20:52:12Z,2015-01-05T21:25:41Z,,https://www.benzinga.com/node/5117758,
5119785,ARCB,ABF Logistics Acquires Smart Lines Transportation Group For $5.17M In Cash,,Benzinga,2015-01-05T18:17:06Z,2015-01-05T18:17:06Z,,https://www.benzinga.com/node/5119785,
5119525,ASML,Semiconductor ETFs Set to Continue Rally,,Benzinga,2015-01-05T20:09:30Z,2015-01-05T20:25:27Z,,https://www.benzinga.com/node/5119525,
5119150,ASTI,Ascent Solar Technologies Shares Rise on Positive Note Being Circulated Related to CES,,Benzinga,2015-01-05T15:38:59Z,2015-01-05T15:38:59Z,,https://www.benzinga.com/node/5119150,
5117910,BCRX,"BioCryst Pharma Names Lynne Powell as Senior VP, Chief Commercial Officer",,Benzinga,2015-01-05T12:08:46Z,2015-01-05T12:08:46Z,,https://www.benzinga.com/node/5117910,
5117767,BIIB,"Northland Securities Downgrades Biogen Idec to Neutral, Lowers PT to $378.00",,Benzinga,2015-01-05T11:41:35Z,2015-01-05T11:42:08Z,,https://www.benzinga.com/node/5117767,
5117768,BIIB,"CORRECTION: Nomura Downgrades Biogen Idec to Neutral, Lowers PT to $378.00",,Benzinga,2015-01-05T11:42:39Z,2015-01-05T11:42:39Z,,https://www.benzinga.com/node/5117768,
5117563,CARZ,"Economic Calendar for Monday January 5, 2015",,Benzinga,2015-01-05T10:30:17Z,2015-01-05T10:30:17Z,,https://www.benzinga.com/node/5117563,
5119198,CBK,"Top Performing Industries For January 5, 2015",,Benzinga,2015-01-05T15:45:32Z,2015-01-05T15:45:32Z,,https://www.benzinga.com/node/5119198,
5120643,CARZ,"Cars.com Chief Analyst: Economy, Financing, Interest Rates And New Products Will Keep Showrooms Full In 2015",,Benzinga,2015-01-05T22:01:40Z,2015-01-05T22:01:40Z,,https://www.benzinga.com/node/5120643,
5117508,CHEF,Top 4 Small-Cap Stocks In The Food Wholesale Industry With The Highest Operating Margin,,Benzinga,2015-01-05T10:01:14Z,2015-01-05T10:01:14Z,,https://www.benzinga.com/node/5117508,
5118065,CERS,Cerus Reports EU Phase 3 Trial of INTERCEPT Red Blood Cells Met Primary Endpoint,,Benzinga,2015-01-05T12:46:31Z,2015-01-05T12:46:31Z,,https://www.benzinga.com/node/5118065,
5118327,CERS,Benzinga's Top #PreMarket Gainers,,Benzinga,2015-01-05T13:13:15Z,2015-01-05T13:13:15Z,,https://www.benzinga.com/node/5118327,
5118834,CERS,Monday Morning Movers,,Benzinga,2015-01-05T14:31:48Z,2015-01-05T14:31:48Z,,https://www.benzinga.com/node/5118834,
5118916,CERS,Morning Market Movers,,Benzinga,2015-01-05T14:47:35Z,2015-01-05T14:47:35Z,,https://www.benzinga.com/node/5118916,
5120349,CERS,Cerus Announces Proposed Public Offering of Common Stock,,Benzinga,2015-01-05T21:02:04Z,2015-01-05T21:02:04Z,,https://www.benzinga.com/node/5120349,
5120790,CERS,After-hours Market Movers,,Benzinga,2015-01-05T23:53:49Z,2015-01-05T23:53:49Z,,https://www.benzinga.com/node/5120790,
5117626,CLNE,Clean Energy Sells Interest in McCommas Bluff Biomethane Production Facility for ~$40.6M,,Benzinga,2015-01-05T11:01:16Z,2015-01-05T11:01:16Z,,https://www.benzinga.com/node/5117626,
5117842,CMCO,Columbus McKinnon Acquires Stahlhammer Bommern GmbH for $24.6M,,Benzinga,2015-01-05T12:00:49Z,2015-01-05T12:00:49Z,,https://www.benzinga.com/node/5117842,
5118041,CME,"CME Reports Dec. Avg. Daily Volume Up 25% to 13.6M Contracts/Day, Options Volume Averaged 2.6M Contracts/Day",,Benzinga,2015-01-05T12:34:59Z,2015-01-05T12:34:59Z,,https://www.benzinga.com/node/5118041,
5118412,CHRW,C.H. Robinson Acquires Freightquote,,Benzinga,2015-01-05T13:31:06Z,2015-01-05T13:31:06Z,,https://www.benzinga.com/node/5118412,
5117737,CMCSA,Who Stands To Profit From Net Neutrality?,,Benzinga,2015-01-05T16:29:36Z,2015-01-05T16:31:06Z,,https://www.benzinga.com/node/5117737,
5119715,CLDX,"Option Alert: Celldex Jan 2016 $20 Call; 1,401 Contract Trade at Ask @$5.00; Currently $19.39",,Benzinga,2015-01-05T17:51:19Z,2015-01-05T17:51:19Z,,https://www.benzinga.com/node/5119715,
5120168,CLDX,Notable Option Activity For January 5,,Benzinga,2015-01-05T20:12:09Z,2015-01-05T20:12:09Z,,https://www.benzinga.com/node/5120168,
5120172,CHRW,"S&P 500 Stocks With Most Active Options Today: CHRW, MUR, HAR, IP, NVDA",,Benzinga,2015-01-05T20:14:29Z,2015-01-05T20:14:29Z,,https://www.benzinga.com/node/5120172,
5120786,COCO,"8-K from Corinthian Colleges Shows Co. Zenith Education Have Amended Deal: Extended Pact to Feb. 5th, 2015",,Benzinga,2015-01-05T22:32:35Z,2015-01-05T22:32:35Z,,https://www.benzinga.com/node/5120786,
5117740,COLM,Wells Fargo Initiates Coverage on Columbia Sportswear at Market Perform,,Benzinga,2015-01-05T11:33:29Z,2015-01-05T11:33:30Z,,https://www.benzinga.com/node/5117740,
5118210,CPRX,"Catalyst Pharmaceuticals Appoints David D. Muth, Executive VP, Chief Commercial Officer",,Benzinga,2015-01-05T13:03:41Z,2015-01-05T13:03:41Z,,https://www.benzinga.com/node/5118210,
5118220,CPRX,"Catalyst Pharma REports Naming of David Muth as Exec VP, Chief Commercial Officer",,Benzinga,2015-01-05T13:04:36Z,2015-01-05T13:04:36Z,,https://www.benzinga.com/node/5118220,
5119525,CRUS,Semiconductor ETFs Set to Continue Rally,,Benzinga,2015-01-05T20:09:30Z,2015-01-05T20:25:27Z,,https://www.benzinga.com/node/5119525,
5116407,CRESY,Argentine Stocks In Focus: What Are Analysts Saying?,,Benzinga,2015-01-05T21:37:06Z,2015-01-05T21:37:06Z,,https://www.benzinga.com/node/5116407,
5120689,CROX,From Amended 13G: Point72 Raises Stake In Crocs Inc. To 6.5%,,Benzinga,2015-01-05T22:00:25Z,2015-01-05T22:00:26Z,,https://www.benzinga.com/node/5120689,
5117942,CUB,Cubic Awarded Contracts from Lockheed Martin to Support F-35 Air Combat Training,,Benzinga,2015-01-05T12:11:20Z,2015-01-05T12:11:20Z,,https://www.benzinga.com/node/5117942,
5119514,CSIQ,Canadian Solar Reports Closing of Sale of Two Utility Solar Power Plats to RET Capital,,Benzinga,2015-01-05T16:53:26Z,2015-01-05T16:53:26Z,,https://www.benzinga.com/node/5119514,
5119185,CZR,"Gambling Stock Roundup: Macau Revenues Fall Again, Las Vegas Sands to Resume Cotai Strip Resort Construction",,Benzinga,2015-01-05T18:52:12Z,2015-01-05T18:52:12Z,,https://www.benzinga.com/node/5119185,
5119723,CSCO,TD Ameritrade's Investment Movement Index Rises In December,,Benzinga,2015-01-05T18:51:10Z,2015-01-05T18:55:39Z,,https://www.benzinga.com/node/5119723,
5119916,CZR,ISDA Says Caesars CDS Payout To Be Heard By Arbitration Panel,,Benzinga,2015-01-05T19:00:18Z,2015-01-05T19:00:18Z,,https://www.benzinga.com/node/5119916,
5120763,CZR,"8-K from Caesars Entertainment Corp. Shows Co., Caesars Entertainment Operating Co. Reported Proposed Amended, Restated Term Sheet Which Will Cut Cash Amount of Recovery to Holders from $413M to $207M",,Benzinga,2015-01-05T22:23:15Z,2015-01-05T22:23:15Z,,https://www.benzinga.com/node/5120763,
5118417,DPZ,UPDATE: Janney Capital Markets Upgrades Domino's Pizza to Buy as 2015E EPS is Raised,,Benzinga,2015-01-05T13:32:17Z,2015-01-05T13:32:17Z,,https://www.benzinga.com/node/5118417,
5119518,DLTR,"Buy Dollar Tree, Sell Kohl's, Sears & Target: S&P Capital IQ Analyst",,Benzinga,2015-01-05T19:27:44Z,2015-01-05T19:27:44Z,,https://www.benzinga.com/node/5119518,
5117897,EA,"Brean Capital Maintains Buy on Electronic Arts, Raises PT to $54.00",,Benzinga,2015-01-05T12:04:17Z,2015-01-05T12:04:18Z,,https://www.benzinga.com/node/5117897,
5118439,DXCM,"DexCom Inc Names Kevin Sayer As President, CEO; Terry Gregg Assumes Role Of Executive Chairman",,Benzinga,2015-01-05T13:33:59Z,2015-01-05T13:33:59Z,,https://www.benzinga.com/node/5118439,
5118495,EA,"Brean Capital: Electronic Arts Well Positioned For 2015, But Stock Could 'Pause' In Near Term",,Benzinga,2015-01-05T13:56:30Z,2015-01-05T13:56:30Z,,https://www.benzinga.com/node/5118495,
5119157,EBAY,"Option Alert: Ebay Jan $56 Call; 1,709 Contract Trade Above Ask @$0.58; Currently $55.52",,Benzinga,2015-01-05T15:40:48Z,2015-01-05T15:40:49Z,,https://www.benzinga.com/node/5119157,
5119113,EBAY,Survey: Internet Competitors' Places Hold Steady In Q4,,Benzinga,2015-01-05T16:23:19Z,2015-01-05T16:38:25Z,,https://www.benzinga.com/node/5119113,
5119519,EBAY,Analyst: Small-Cap Internet Stocks Could Outperform In 2015,,Benzinga,2015-01-05T17:12:19Z,2015-01-05T17:12:19Z,,https://www.benzinga.com/node/5119519,
5117552,ESCA,"Roth Capital Initiates Coverage on Escalade at Buy, Announces $18.00 PT",,Benzinga,2015-01-05T10:27:28Z,2015-01-05T10:27:28Z,,https://www.benzinga.com/node/5117552,
5117632,ENSG,"Ensign Group Acquires Lubbock, TX Hospice Operation",,Benzinga,2015-01-05T11:04:36Z,2015-01-05T11:04:36Z,,https://www.benzinga.com/node/5117632,
5117637,ENSG,"The Ensign Group Acquires Rock Canyon Respiratory and Rehabilitation Center in Pueblo, CO",,Benzinga,2015-01-05T11:05:31Z,2015-01-05T11:05:31Z,,https://www.benzinga.com/node/5117637,
5117638,ENSG,"The Ensign Group Acquires Skilled Nursing Operation in Lubbock, TX",,Benzinga,2015-01-05T11:06:09Z,2015-01-05T11:06:09Z,,https://www.benzinga.com/node/5117638,
5118930,ESPR,"UPDATE: JMP Securities Reiterates Market Outperform Rating, Raises PT on Esperion Therapeutics on Minimal Risks",,Benzinga,2015-01-05T15:00:17Z,2015-01-05T15:00:17Z,,https://www.benzinga.com/node/5118930,
5119268,ERIC,"Ericsson Reports 'First to Give Smartphone Users Indoor Boost with License Assisted Access,' Related to Unlicensed Spectrum on Small Cells",,Benzinga,2015-01-05T16:04:59Z,2015-01-05T16:04:59Z,,https://www.benzinga.com/node/5119268,
5119237,EXAS,"Lake Street Capital Initiates Coverage on Exact Sciences at Buy, Announces $33.00 PT",,Benzinga,2015-01-05T16:00:27Z,2015-01-05T16:00:28Z,,https://www.benzinga.com/node/5119237,
5117809,FFIV,"Oppenheimer Upgrades F5 Networks to Outperform, Announces $160.00 PT",,Benzinga,2015-01-05T11:55:25Z,2015-01-05T11:55:26Z,,https://www.benzinga.com/node/5117809,
5119083,FSTR,L.B Forster Acquires Chemtec Energy Services; No Terms Disclosed,,Benzinga,2015-01-05T15:14:07Z,2015-01-05T15:14:07Z,,https://www.benzinga.com/node/5119083,
5118633,GIG,Gigoptix Raises Q4 Sales Outlook,,Benzinga,2015-01-05T14:02:25Z,2015-01-05T14:02:25Z,,https://www.benzinga.com/node/5118633,
5118637,GIG,UPDATE: GigOptix Raises Q4 Sales Guidance from $8.50M-8.80M to $9.0M vs $8.70M Est,,Benzinga,2015-01-05T14:02:54Z,2015-01-05T14:02:55Z,,https://www.benzinga.com/node/5118637,
5118689,GEVO,Gevo Reports Transferring Listing to NASDAQ Capital Market,,Benzinga,2015-01-05T14:08:58Z,2015-01-05T14:08:58Z,,https://www.benzinga.com/node/5118689,
5117550,GPRE,"Roth Capital Initiates Coverage on Green Plains at Buy, Announces $34.00 PT",,Benzinga,2015-01-05T10:26:47Z,2015-01-05T10:26:47Z,,https://www.benzinga.com/node/5117550,
5117682,GPRE,"Piper Jaffray Downgrades Green Plains to Neutral, Lowers PT to $28.00",,Benzinga,2015-01-05T11:17:26Z,2015-01-05T11:17:27Z,,https://www.benzinga.com/node/5117682,
5118217,GLMD,Galmed Pharmaceuticals Announces the Appointment of Josh Blacher as CFO,,Benzinga,2015-01-05T13:04:16Z,2015-01-05T13:04:16Z,,https://www.benzinga.com/node/5118217,
5118419,GPT,"Gramercy Property Trust Announces $109.9M in Year-End Acquisitions, Exceeds 2014 Projected Acquisition Target",,Benzinga,2015-01-05T13:31:47Z,2015-01-05T13:31:47Z,,https://www.benzinga.com/node/5118419,
5119198,GPRO,"Top Performing Industries For January 5, 2015",,Benzinga,2015-01-05T15:45:32Z,2015-01-05T15:45:32Z,,https://www.benzinga.com/node/5119198,
5117737,GOOG,Who Stands To Profit From Net Neutrality?,,Benzinga,2015-01-05T16:29:36Z,2015-01-05T16:31:06Z,,https://www.benzinga.com/node/5117737,
5119113,GOOGL,Survey: Internet Competitors' Places Hold Steady In Q4,,Benzinga,2015-01-05T16:23:19Z,2015-01-05T16:38:25Z,,https://www.benzinga.com/node/5119113,
5119113,GRPN,Survey: Internet Competitors' Places Hold Steady In Q4,,Benzinga,2015-01-05T16:23:19Z,2015-01-05T16:38:25Z,,https://www.benzinga.com/node/5119113,
5119483,GILD,CVS Health Corp. Gives Preferred Formulary Status to Gilead Sciences' Drugs Harvoni and Sovaldi,,Benzinga,2015-01-05T16:43:48Z,2015-01-05T16:43:48Z,,https://www.benzinga.com/node/5119483,
5119519,GRPN,Analyst: Small-Cap Internet Stocks Could Outperform In 2015,,Benzinga,2015-01-05T17:12:19Z,2015-01-05T17:12:19Z,,https://www.benzinga.com/node/5119519,
5119622,GILD,Gilead Sciences Spikes Amid CVS Formulary Status,,Benzinga,2015-01-05T17:32:46Z,2015-01-05T17:32:46Z,,https://www.benzinga.com/node/5119622,
5119723,GPRO,TD Ameritrade's Investment Movement Index Rises In December,,Benzinga,2015-01-05T18:51:10Z,2015-01-05T18:55:39Z,,https://www.benzinga.com/node/5119723,
5120275,GOOGL,Gartner: No Return For Tablet Sales Boom,,Benzinga,2015-01-05T21:13:56Z,2015-01-05T21:13:56Z,,https://www.benzinga.com/node/5120275,
5120501,GOOD,"Gladstone Commercial Corporation Acquires Properties In Monroe, MI For $30.75M",,Benzinga,2015-01-05T21:16:48Z,2015-01-05T21:16:48Z,,https://www.benzinga.com/node/5120501,
5118876,GTIM,Good Times Reports Q1 Comps Growth 8%,,Benzinga,2015-01-05T14:31:46Z,2015-01-05T14:31:46Z,,https://www.benzinga.com/node/5118876,
5120295,HALO,"Option Alert: Halozyme Han $11 Call; 2,000 Contract Trade at Ask @$0.25; Currently $10.08",,Benzinga,2015-01-05T20:52:35Z,2015-01-05T20:54:00Z,,https://www.benzinga.com/node/5120295,
5117786,IPDN,Professional Diversity Reports Q4 Revenue of $8.30M vs $7.52M Est,,Benzinga,2015-01-05T11:48:16Z,2015-01-05T11:48:17Z,,https://www.benzinga.com/node/5117786,
5117801,INTC,"MKM Partners Upgrades Intel to Buy, Raises PT to $45.00",,Benzinga,2015-01-05T11:51:43Z,2015-01-05T11:51:43Z,,https://www.benzinga.com/node/5117801,
5118247,IPWR,Ideal Power Wins Critical European Patent for Its Core Power Packet Switching Architecture Power Conversion Technology,,Benzinga,2015-01-05T13:07:43Z,2015-01-05T13:07:43Z,,https://www.benzinga.com/node/5118247,
5119112,IMKTA,Stocks Hitting 52-Week Highs,,Benzinga,2015-01-05T15:24:51Z,2015-01-05T15:24:51Z,,https://www.benzinga.com/node/5119112,
5119090,IMKTA,Mid-Morning Market Update: Markets Open Lower; General Motors US Sales Surge 19%,,Benzinga,2015-01-05T15:28:57Z,2015-01-05T15:28:57Z,,https://www.benzinga.com/node/5119090,
5119149,IMKTA,Benzinga's Volume Movers,,Benzinga,2015-01-05T15:38:25Z,2015-01-05T15:38:25Z,,https://www.benzinga.com/node/5119149,
5120167,INTC,Here's Why Intel Is Betting $25 Million On Google Glass Rival,,Benzinga,2015-01-05T21:53:27Z,2015-01-05T21:54:11Z,,https://www.benzinga.com/node/5120167,
5119090,JBSS,Mid-Morning Market Update: Markets Open Lower; General Motors US Sales Surge 19%,,Benzinga,2015-01-05T15:28:57Z,2015-01-05T15:28:57Z,,https://www.benzinga.com/node/5119090,
5117886,KTOS,Kratos Announces $26 M in Critical Infrastructure Security Awards,,Benzinga,2015-01-05T12:02:39Z,2015-01-05T12:02:39Z,,https://www.benzinga.com/node/5117886,
5119525,KLAC,Semiconductor ETFs Set to Continue Rally,,Benzinga,2015-01-05T20:09:30Z,2015-01-05T20:25:27Z,,https://www.benzinga.com/node/5119525,
5120640,KPTI,From S-3: Karyopharm Therapeutics Files Automatic Mixed Shelf Offering,,Benzinga,2015-01-05T21:44:17Z,2015-01-05T21:44:17Z,,https://www.benzinga.com/node/5120640,
5119821,LAKE,"CDC Removes Mali from List of Ebola Affected Countries; Guinea, Liberia, Sierra Leone Remain at Warning Level 3 -Reuters",,Benzinga,2015-01-05T18:24:11Z,2015-01-05T18:24:11Z,,https://www.benzinga.com/node/5119821,
5117695,LPLA,Wells Fargo Upgrades LPL Financial Holdings to Outperform,,Benzinga,2015-01-05T11:21:59Z,2015-01-05T11:22:00Z,,https://www.benzinga.com/node/5117695,
5117780,LULU,William Blair Upgrades Lululemon Athletica to Outperform,,Benzinga,2015-01-05T11:47:10Z,2015-01-05T11:47:10Z,,https://www.benzinga.com/node/5117780,
5117734,LOCO,"Baird Downgrades El Pollo Loco Holdings to Outperform, Maintains $34.00 PT",,Benzinga,2015-01-05T11:31:16Z,2015-01-05T12:27:50Z,,https://www.benzinga.com/node/5117734,
5118327,LOCO,Benzinga's Top #PreMarket Gainers,,Benzinga,2015-01-05T13:13:15Z,2015-01-05T13:13:15Z,,https://www.benzinga.com/node/5118327,
5118751,LIVE,LiveDeal Completes Integration Of e-commerce Platform; Plans To Launch Products Offering in Coming Weeks,,Benzinga,2015-01-05T14:17:16Z,2015-01-05T14:17:16Z,,https://www.benzinga.com/node/5118751,
5118834,LOCO,Monday Morning Movers,,Benzinga,2015-01-05T14:31:48Z,2015-01-05T14:31:48Z,,https://www.benzinga.com/node/5118834,
5118916,LOCO,Morning Market Movers,,Benzinga,2015-01-05T14:47:35Z,2015-01-05T14:47:35Z,,https://www.benzinga.com/node/5118916,
5119090,LOCO,Mid-Morning Market Update: Markets Open Lower; General Motors US Sales Surge 19%,,Benzinga,2015-01-05T15:28:57Z,2015-01-05T15:28:57Z,,https://www.benzinga.com/node/5119090,
5119116,LULU,Mizuho Securities: December Retail Sales Improved As Month Progressed,,Benzinga,2015-01-05T15:45:07Z,2015-01-05T15:45:07Z,,https://www.benzinga.com/node/5119116,
5119522,LINE,"Linn Energy Shares Quiet, LinnCo Shares Ticker Higher as Co.'s Business Update Call is Still in Q&A: Exec Recently Discussed Talks to Possibly Sell Permian Basin Assets",,Benzinga,2015-01-05T16:55:59Z,2015-01-05T16:55:59Z,,https://www.benzinga.com/node/5119522,
5119706,MAR,Marriott International Anticipates Growing China Distribution,,Benzinga,2015-01-05T17:50:20Z,2015-01-05T17:50:20Z,,https://www.benzinga.com/node/5119706,
5118233,MRVL,Marvell Launches the World's First Highly Integrated and Scalable Smart Home Cloud Center for Mobile Internet and Internet of Things,,Benzinga,2015-01-05T13:05:59Z,2015-01-05T13:05:59Z,,https://www.benzinga.com/node/5118233,
5118932,MU,Summit Research: Micron A 'Value Play' Ahead Of Q1 Earnings,,Benzinga,2015-01-05T15:13:19Z,2015-01-05T15:13:19Z,,https://www.benzinga.com/node/5118932,
5120275,MSFT,Gartner: No Return For Tablet Sales Boom,,Benzinga,2015-01-05T21:13:56Z,2015-01-05T21:13:56Z,,https://www.benzinga.com/node/5120275,
5120736,MSTX,"Mast Therapeutics Reports Update on Epic Study Enrollment, Offers '15 Milestones",,Benzinga,2015-01-05T22:18:46Z,2015-01-05T22:18:46Z,,https://www.benzinga.com/node/5120736,
5118044,NDAQ,"Reuters Reporting NASDAQ to Purchase Dorsey Wright & Associates for $225M in Cash, Debt Deal; FT Had Earlier Reported Similar Headline",,Benzinga,2015-01-05T12:38:09Z,2015-01-05T12:38:09Z,,https://www.benzinga.com/node/5118044,
5118107,NDAQ,NASDAQ Confirms Purchase of Dorsey Wright & Associates for $225M,,Benzinga,2015-01-05T13:00:50Z,2015-01-05T13:00:50Z,,https://www.benzinga.com/node/5118107,
5118832,NFLX,From Netflix Blog: 'The Misconception About Internet Fast Lanes',,Benzinga,2015-01-05T14:24:59Z,2015-01-05T14:24:59Z,,https://www.benzinga.com/node/5118832,
5119026,NDAQ,4 Stocks Trending On Social Media,,Benzinga,2015-01-05T15:37:19Z,2015-01-05T15:44:45Z,,https://www.benzinga.com/node/5119026,
5117737,NFLX,Who Stands To Profit From Net Neutrality?,,Benzinga,2015-01-05T16:29:36Z,2015-01-05T16:31:06Z,,https://www.benzinga.com/node/5117737,
5119113,NFLX,Survey: Internet Competitors' Places Hold Steady In Q4,,Benzinga,2015-01-05T16:23:19Z,2015-01-05T16:38:25Z,,https://www.benzinga.com/node/5119113,
5119570,NFLX,"Netflix Announces ""Netflix Recommended TV' Program",,Benzinga,2015-01-05T17:02:00Z,2015-01-05T17:02:00Z,,https://www.benzinga.com/node/5119570,
5120431,NERV,Minerva Neurosciences Announces Data Shows Analog of Minerva's MIN-301 Compound Improves Symptoms Of Parkinson's Disease in Primates,,Benzinga,2015-01-05T21:06:14Z,2015-01-05T21:06:14Z,,https://www.benzinga.com/node/5120431,
5116094,NFLX,Netflix Up And Trending: A Look At The Company And A Couple Other Paid Content Providers,,Benzinga,2015-01-05T22:17:04Z,2015-01-05T22:17:04Z,,https://www.benzinga.com/node/5116094,
5120790,NERV,After-hours Market Movers,,Benzinga,2015-01-05T23:53:49Z,2015-01-05T23:53:49Z,,https://www.benzinga.com/node/5120790,
5120172,NVDA,"S&P 500 Stocks With Most Active Options Today: CHRW, MUR, HAR, IP, NVDA",,Benzinga,2015-01-05T20:14:29Z,2015-01-05T20:14:29Z,,https://www.benzinga.com/node/5120172,
5120585,NSPR,InspireMD Sees Q4 Sales $900.0K vs $700.0K Est,,Benzinga,2015-01-05T21:33:12Z,2015-01-05T21:33:13Z,,https://www.benzinga.com/node/5120585,
5118652,OTEX,"OpenText Acquires Informative Graphics Corporation, No Terms Disclosed",,Benzinga,2015-01-05T14:04:58Z,2015-01-05T14:04:58Z,,https://www.benzinga.com/node/5118652,
5119198,OSBC,"Top Performing Industries For January 5, 2015",,Benzinga,2015-01-05T15:45:32Z,2015-01-05T15:45:32Z,,https://www.benzinga.com/node/5119198,
5120432,OTEX,OpenText Announces $600M Proposed Offering Of Senior Unsecured Fixed Rate Notes,,Benzinga,2015-01-05T21:06:15Z,2015-01-05T21:06:15Z,,https://www.benzinga.com/node/5120432,
5118438,PESI,"Perma-Fix Environmental Services Reports US PTO Issued Patent for Microporous Composite Material, Applications",,Benzinga,2015-01-05T13:33:48Z,2015-01-05T13:33:48Z,,https://www.benzinga.com/node/5118438,
5117895,PLUG,Plug Power Executes Multi-year Contract With  SouthernLINC Wireless,,Benzinga,2015-01-05T12:03:48Z,2015-01-05T12:03:48Z,,https://www.benzinga.com/node/5117895,
5117959,PLUG,Plug Power Reports Identified SouthernLINC Wireless as Multi-Year ReliOn Fuel Cell Customer,,Benzinga,2015-01-05T12:20:12Z,2015-01-05T12:20:12Z,,https://www.benzinga.com/node/5117959,
5118086,POWL,"DA Davidson Downgrades Powell Industries to Underperform, Lowers PT to $43.00",,Benzinga,2015-01-05T12:58:11Z,2015-01-05T12:58:11Z,,https://www.benzinga.com/node/5118086,
5118507,POWL,"UPDATE: D.A. Davidson Downgrades Powell Industries to Underperform, Lowers PT as Growth Prospects are Less Clear",,Benzinga,2015-01-05T13:58:18Z,2015-01-05T13:58:18Z,,https://www.benzinga.com/node/5118507,
5119116,PLCE,Mizuho Securities: December Retail Sales Improved As Month Progressed,,Benzinga,2015-01-05T15:45:07Z,2015-01-05T15:45:07Z,,https://www.benzinga.com/node/5119116,
5117199,PWRD,Benzinga's Weekend M&A Chatter,,Benzinga,2015-01-05T00:47:55Z,2015-01-05T00:49:03Z,,https://www.benzinga.com/node/5117199,
5117643,PTEN,"Patterson-UTI Reports 208 Drilling Rigs Operating in US, 8 in Canada for December 2014",,Benzinga,2015-01-05T11:08:17Z,2015-01-05T11:08:17Z,,https://www.benzinga.com/node/5117643,
5118343,PTC,PTC Names Andrew Miller as CFO,,Benzinga,2015-01-05T13:19:39Z,2015-01-05T13:19:39Z,,https://www.benzinga.com/node/5118343,
5120329,QCOM,Qualcomm Reports Strategic Collaboration with Novartis Related to Optimization of Global Clinical Trials,,Benzinga,2015-01-05T21:01:27Z,2015-01-05T21:01:27Z,,https://www.benzinga.com/node/5120329,
5117228,QRVO,"BMO Capital Initiates Coverage on Qorvo at Market Perform, Announces $68.00 PT",,Benzinga,2015-01-05T03:35:39Z,2015-01-05T03:35:40Z,,https://www.benzinga.com/node/5117228,
5117688,QRVO,"Barclays Initiates Coverage on Qorvo at Equal-weight, Announces $65.00 PT",,Benzinga,2015-01-05T11:19:15Z,2015-01-05T11:19:16Z,,https://www.benzinga.com/node/5117688,
5118363,QRVO,Barclays Initiates Qorvo At Equal-weight,,Benzinga,2015-01-05T13:23:31Z,2015-01-05T13:23:31Z,,https://www.benzinga.com/node/5118363,
5118529,QRVO,Benzinga's Top Initiations,,Benzinga,2015-01-05T13:55:03Z,2015-01-05T13:55:03Z,,https://www.benzinga.com/node/5118529,
5119074,QRVO,Bank Of America's Top Ten U.S. Driven Ideas,,Benzinga,2015-01-05T16:03:22Z,2015-01-05T16:03:22Z,,https://www.benzinga.com/node/5119074,
5117814,RDWR,"Oppenheimer Upgrades Radware to Outperform, Announces $26.00 PT",,Benzinga,2015-01-05T11:57:01Z,2015-01-05T11:57:01Z,,https://www.benzinga.com/node/5117814,
5117946,RDHL,"RedHill Biopharma Announces Business Outlook, Anticipated Key Milestones for 2015",,Benzinga,2015-01-05T12:12:16Z,2015-01-05T12:12:16Z,,https://www.benzinga.com/node/5117946,
5118085,REGN,Morgan Stanley Upgrades Regeneron Pharmaceuticals to Overweight,,Benzinga,2015-01-05T12:57:52Z,2015-01-05T12:57:52Z,,https://www.benzinga.com/node/5118085,
5118534,RDWR,"UPDATE: Oppenheimer Upgrades Radware Ltd. to Underperform, Names $26 PT as Tides are Turning",,Benzinga,2015-01-05T13:59:06Z,2015-01-05T13:59:06Z,,https://www.benzinga.com/node/5118534,
5119845,REGN,Morgan Stanley Issues Wave Of Pharma & Medical Device Upgrades/Downgrades,,Benzinga,2015-01-05T20:57:51Z,2015-01-05T20:57:51Z,,https://www.benzinga.com/node/5119845,
5117562,SBUX,"Janney Capital Downgrades Starbucks to Neutral, Lowers PT to $85.00",,Benzinga,2015-01-05T10:30:14Z,2015-01-05T10:30:15Z,,https://www.benzinga.com/node/5117562,
5117820,SBUX,US Stock Futures Slip Ahead Of Auto Sales Data,,Benzinga,2015-01-05T12:00:01Z,2015-01-05T12:00:02Z,,https://www.benzinga.com/node/5117820,
5117971,SBUX,"Janney Capital Downgrades Starbucks To Neutral, Shares Slip",,Benzinga,2015-01-05T12:21:48Z,2015-01-05T12:21:48Z,,https://www.benzinga.com/node/5117971,
5117709,SBUX,Starbucks Grinds Forward,,Benzinga,2015-01-05T13:10:38Z,2015-01-05T13:10:38Z,,https://www.benzinga.com/node/5117709,
5118360,SBUX,Benzinga's Top #PreMarket Losers,,Benzinga,2015-01-05T13:22:37Z,2015-01-05T13:22:37Z,,https://www.benzinga.com/node/5118360,
5118486,SBUX,Benzinga's Top Downgrades,,Benzinga,2015-01-05T13:41:34Z,2015-01-05T13:41:34Z,,https://www.benzinga.com/node/5118486,
5118792,SBUX,UPDATE: Janney Capital Markets Downgrades Starbucks Corporation to Neutral on Near-Term Concerns,,Benzinga,2015-01-05T14:25:50Z,2015-01-05T14:25:51Z,,https://www.benzinga.com/node/5118792,
5118834,SBUX,Monday Morning Movers,,Benzinga,2015-01-05T14:31:48Z,2015-01-05T14:31:48Z,,https://www.benzinga.com/node/5118834,
5118934,SBUX,Morning Market Losers,,Benzinga,2015-01-05T14:57:51Z,2015-01-05T14:57:51Z,,https://www.benzinga.com/node/5118934,
5119112,SGC,Stocks Hitting 52-Week Highs,,Benzinga,2015-01-05T15:24:51Z,2015-01-05T15:24:51Z,,https://www.benzinga.com/node/5119112,
5119113,SIRI,Survey: Internet Competitors' Places Hold Steady In Q4,,Benzinga,2015-01-05T16:23:19Z,2015-01-05T16:38:25Z,,https://www.benzinga.com/node/5119113,
5119525,SMH,Semiconductor ETFs Set to Continue Rally,,Benzinga,2015-01-05T20:09:30Z,2015-01-05T20:25:27Z,,https://www.benzinga.com/node/5119525,
5118616,SNDK,SanDisk Unveils New USB Flash Drive for Android,,Benzinga,2015-01-05T14:01:11Z,2015-01-05T14:01:11Z,,https://www.benzinga.com/node/5118616,
5119525,SPWR,Semiconductor ETFs Set to Continue Rally,,Benzinga,2015-01-05T20:09:30Z,2015-01-05T20:25:27Z,,https://www.benzinga.com/node/5119525,
5118450,STI,"8-K from SunTrust Shows Q4 Results Will Include $0.17/Share Expense Related to Legacy Mortgage Matters, Legal Reserves",,Benzinga,2015-01-05T13:35:03Z,2015-01-05T13:35:03Z,,https://www.benzinga.com/node/5118450,
5119525,SWKS,Semiconductor ETFs Set to Continue Rally,,Benzinga,2015-01-05T20:09:30Z,2015-01-05T20:25:27Z,,https://www.benzinga.com/node/5119525,
5120459,SSS,Sovran Self Storage Raises Quarterly Dividend From $0.68 To $0.75/share,,Benzinga,2015-01-05T21:10:18Z,2015-01-05T21:10:19Z,,https://www.benzinga.com/node/5120459,
5118937,TGTX,TG Therapeutics Shares Spike to High,,Benzinga,2015-01-05T14:58:57Z,2015-01-05T14:58:57Z,,https://www.benzinga.com/node/5118937,
5120651,TREE,From 8-K: Home Loan Center Enter Settlement Agreement With Investor That Previously Purchased Loans From Home Loan Center,,Benzinga,2015-01-05T21:50:16Z,2015-01-05T21:50:16Z,,https://www.benzinga.com/node/5120651,
5117738,TXRH,"Miller Tabak Downgrades Texas Roadhouse to Hold, Maintains $34.00 PT",,Benzinga,2015-01-05T11:32:48Z,2015-01-05T11:32:49Z,,https://www.benzinga.com/node/5117738,
5120241,UAL,United Airlines Launches In-flight Wi-Fi On Regional Jet Service,,Benzinga,2015-01-05T20:32:51Z,2015-01-05T20:32:51Z,,https://www.benzinga.com/node/5120241,
5120490,UCTT,UCT Names James Scholhamer as CEO,,Benzinga,2015-01-05T21:15:43Z,2015-01-05T21:15:43Z,,https://www.benzinga.com/node/5120490,
5117758,TSLA,Companies Benefitting From Lower Oil Prices,,Benzinga,2015-01-05T20:52:12Z,2015-01-05T21:25:41Z,,https://www.benzinga.com/node/5117758,
5117698,URBN,"Jefferies Downgrades Urban Outfitters to Hold, Lowers PT to $35.00",,Benzinga,2015-01-05T11:23:04Z,2015-01-05T11:23:05Z,,https://www.benzinga.com/node/5117698,
5118209,URBN,"Bank Of America On Specialty Retailers: Performance At Gap A Concern, L Brands Benefited From Fashion Show And Urban Outfitters Still Under Pressure",,Benzinga,2015-01-05T13:17:20Z,2015-01-05T13:17:20Z,,https://www.benzinga.com/node/5118209,
5118687,VC,"Visteon, Verizon Form Automotive Collaboration",,Benzinga,2015-01-05T14:08:30Z,2015-01-05T14:08:30Z,,https://www.benzinga.com/node/5118687,
5120773,UTHR,BTIG Research Initiates Coverage on United Therapeutics at Neutral,,Benzinga,2015-01-05T22:27:51Z,2015-01-05T22:27:52Z,,https://www.benzinga.com/node/5120773,
5117478,VRSN,Top 4 Mid-Cap Stocks In The Internet Information Providers Industry With The Highest EPS,,Benzinga,2015-01-05T09:43:02Z,2015-01-05T09:43:02Z,,https://www.benzinga.com/node/5117478,
5117713,VNCE,"B. Riley Downgrades Vince Holding to Neutral, Lowers PT to $30.00",,Benzinga,2015-01-05T11:29:25Z,2015-01-05T11:29:25Z,,https://www.benzinga.com/node/5117713,
5120774,VRTX,"BTIG Research Initiates Coverage on Vertex Pharmaceuticals at Buy, Announces $200.00 PT",,Benzinga,2015-01-05T22:28:11Z,2015-01-05T22:28:11Z,,https://www.benzinga.com/node/5120774,
5119998,WMT,Fast Money Halftime Report Final Trade From January 5,,Benzinga,2015-01-05T19:20:49Z,2015-01-05T19:20:49Z,,https://www.benzinga.com/node/5119998,
5119185,WYNN,"Gambling Stock Roundup: Macau Revenues Fall Again, Las Vegas Sands to Resume Cotai Strip Resort Construction",,Benzinga,2015-01-05T18:52:12Z,2015-01-05T18:52:12Z,,https://www.benzinga.com/node/5119185,
5119116,ZUMZ,Mizuho Securities: December Retail Sales Improved As Month Progressed,,Benzinga,2015-01-05T15:45:07Z,2015-01-05T15:45:07Z,,https://www.benzinga.com/node/5119116,
5121592,ACT,"Actavis, Gedeon Richter Announce FDA Receives NDA Resubmission for Cariprazine",,Benzinga,2015-01-06T10:00:05Z,2015-01-06T10:00:05Z,,https://www.benzinga.com/node/5121592,
5121677,ACTG,Acacia Announces Settlement With Carl Zeiss Microscopy GmbH and Carl Zeiss Microscopy LLC,,Benzinga,2015-01-06T10:59:56Z,2015-01-06T10:59:56Z,,https://www.benzinga.com/node/5121677,
5121745,ACTG,Acacia Announces Agreement with RPX Corporation,,Benzinga,2015-01-06T11:02:07Z,2015-01-06T11:02:07Z,,https://www.benzinga.com/node/5121745,
5121866,ACT,US Stock Futures Edge Higher Ahead Of Economic Data,,Benzinga,2015-01-06T11:56:54Z,2015-01-06T11:56:54Z,,https://www.benzinga.com/node/5121866,
5123690,AAPL,Hearing Craig-Hallum Says Doesn't Believe IDTI Lost Apple,,Benzinga,2015-01-06T16:18:04Z,2015-01-06T16:18:04Z,,https://www.benzinga.com/node/5123690,
5124195,AAPL,Apple Patents Flexible Devices And Lifestream Smart-Glasses,,Benzinga,2015-01-06T18:17:48Z,2015-01-06T18:17:48Z,,https://www.benzinga.com/node/5124195,
5124275,AAPL,Here's Why Apple Is Giving The CES A Cold Shoulder,,Benzinga,2015-01-06T18:35:58Z,2015-01-06T18:35:58Z,,https://www.benzinga.com/node/5124275,
5124720,ACT,Actavis Confirms Appeals Court Grants Expedited Appeal of Ruling Requiring Continued Distribution of NAMENDA IR,,Benzinga,2015-01-06T20:56:28Z,2015-01-06T20:56:28Z,,https://www.benzinga.com/node/5124720,
5121982,AAL,A Rundown Of US Airline Stocks,,Benzinga,2015-01-06T22:57:00Z,2015-01-06T22:57:00Z,,https://www.benzinga.com/node/5121982,
5121773,AEC,"MLV & Co. Downgrades Associated Estates Realty to Hold, Raises PT to $25.00",,Benzinga,2015-01-06T11:14:02Z,2015-01-06T11:14:03Z,,https://www.benzinga.com/node/5121773,
5121787,AMGN,"Barclays Initiates Coverage on Amgen at Equal-weight, Announces $180.00 PT",,Benzinga,2015-01-06T11:19:36Z,2015-01-06T11:19:37Z,,https://www.benzinga.com/node/5121787,
5123695,AMGN,Analyst Sees Biotech FY15 EPS Growth Outstripping Market,,Benzinga,2015-01-06T17:21:57Z,2015-01-06T17:21:57Z,,https://www.benzinga.com/node/5123695,
5124051,AMCX,Is ESPN's Next Move The Final Nail In Cable's Coffin?,,Benzinga,2015-01-06T18:11:48Z,2015-01-06T18:11:48Z,,https://www.benzinga.com/node/5124051,
5121779,BIIB,"Barclays Initiates Coverage on Biogen Idec at Overweight, Announces $425.00 PT",,Benzinga,2015-01-06T11:16:41Z,2015-01-06T11:16:42Z,,https://www.benzinga.com/node/5121779,
5122489,BIIB,Barclays Initiates Biogen Idec At Overweight,,Benzinga,2015-01-06T13:23:10Z,2015-01-06T13:23:10Z,,https://www.benzinga.com/node/5122489,
5123131,BIIB,Benzinga's Top Initiations,,Benzinga,2015-01-06T14:30:25Z,2015-01-06T14:30:25Z,,https://www.benzinga.com/node/5123131,
5123242,BIIB,"UPDATE: Barclays Capital Initiates Coverage on Biogen Idec with Overweight Rating, $425 PT on Tecfidera Upside",,Benzinga,2015-01-06T15:00:37Z,2015-01-06T15:00:37Z,,https://www.benzinga.com/node/5123242,
5123695,BIIB,Analyst Sees Biotech FY15 EPS Growth Outstripping Market,,Benzinga,2015-01-06T17:21:57Z,2015-01-06T17:21:57Z,,https://www.benzinga.com/node/5123695,
5124814,BIOA,BioAmber Announces New CFO and Change to the Board,,Benzinga,2015-01-06T21:06:08Z,2015-01-06T21:06:08Z,,https://www.benzinga.com/node/5124814,
5122004,CAPN,Capnia Clinvest Partner on Development of Cluster Headache Therapeutic,,Benzinga,2015-01-06T12:09:24Z,2015-01-06T12:09:24Z,,https://www.benzinga.com/node/5122004,
5120169,CARZ,5 Auto Sector Stories Everyone Should Be Watching In 2015,,Benzinga,2015-01-06T14:00:52Z,2015-01-06T14:02:36Z,,https://www.benzinga.com/node/5120169,
5121523,CERS,"Keep an Eye on These 7 Stocks for January 6, 2015",,Benzinga,2015-01-06T09:01:25Z,2015-01-06T09:01:25Z,,https://www.benzinga.com/node/5121523,
5123244,CERS,Morning Market Losers,,Benzinga,2015-01-06T14:58:26Z,2015-01-06T14:58:26Z,,https://www.benzinga.com/node/5123244,
5123488,CERS,Mid-Morning Market Update: Markets Open Higher; Commercial Metals Posts Upbeat Earnings,,Benzinga,2015-01-06T15:46:21Z,2015-01-06T15:46:21Z,,https://www.benzinga.com/node/5123488,
5124009,CERS,What Investors Should Know About Tomorrow's Biotech Secondary Offerings,,Benzinga,2015-01-06T18:05:37Z,2015-01-06T18:07:36Z,,https://www.benzinga.com/node/5124009,
5124208,CG,"Carlyle Has Purchase AxleTech Int'l from General Dynamics, No Terms Disclosed",,Benzinga,2015-01-06T18:15:50Z,2015-01-06T18:15:50Z,,https://www.benzinga.com/node/5124208,
5121840,CHRW,"RBC Capital Upgrades CH Robinson Worldwide to Sector Perform, Raises PT to $80.00",,Benzinga,2015-01-06T11:38:32Z,2015-01-06T11:38:33Z,,https://www.benzinga.com/node/5121840,
5121848,CHRW,Goldman Sachs Downgrades CH Robinson Worldwide to Neutral,,Benzinga,2015-01-06T11:40:19Z,2015-01-06T14:18:15Z,,https://www.benzinga.com/node/5121848,
5122923,CHRW,"CORRECTION: Goldman Sachs Upgrades CH Robinson Worldwide to Neutral, Raises Target from $68 to $74",,Benzinga,2015-01-06T14:18:39Z,2015-01-06T14:18:39Z,,https://www.benzinga.com/node/5122923,
5124672,CHTR,"Charter, Cisco Said To Unveil Web-Based Interface For Cable TV Service",,Benzinga,2015-01-06T20:36:47Z,2015-01-06T20:36:47Z,,https://www.benzinga.com/node/5124672,
5124483,CHRW,A pair Of Upgrades For C.H. Robinson,,Benzinga,2015-01-06T21:17:41Z,2015-01-06T21:18:41Z,,https://www.benzinga.com/node/5124483,
5124962,CRNT,Ceragon Served Motion To Approve Class Action,,Benzinga,2015-01-06T21:31:42Z,2015-01-06T21:31:42Z,,https://www.benzinga.com/node/5124962,
5125066,CRNT,Ceragon Served With a Motion to Approve a Class Action,,Benzinga,2015-01-06T22:02:31Z,2015-01-06T22:02:31Z,,https://www.benzinga.com/node/5125066,
5121555,CVLT,Top 4 Mid-Cap Stocks In The Application Software Industry With The Lowest PEG Ratio,,Benzinga,2015-01-06T09:19:42Z,2015-01-06T09:19:42Z,,https://www.benzinga.com/node/5121555,
5121570,DCTH,Top 4 Small-Cap Stocks In The Drug Delivery Industry With The Highest Gross Margin,,Benzinga,2015-01-06T09:35:42Z,2015-01-06T09:35:42Z,,https://www.benzinga.com/node/5121570,
5121589,CVGW,"Earnings Scheduled For January 6, 2015",,Benzinga,2015-01-06T09:52:06Z,2015-01-06T09:52:06Z,,https://www.benzinga.com/node/5121589,
5121639,CSX,"UBS Downgrades CSX to Neutral, Lowers PT to $38.00, UBS Citing Concerns for 2015 EPS Growth",,Benzinga,2015-01-06T10:22:00Z,2015-01-06T10:22:00Z,,https://www.benzinga.com/node/5121639,
5121978,CUB,Cubic Awarded $6.5M Italian Army Follow-on Option Contract for Home Station Training,,Benzinga,2015-01-06T12:05:14Z,2015-01-06T12:05:14Z,,https://www.benzinga.com/node/5121978,
5121991,CSIQ,Canadian Solar Completes Sale of SparkleLight Solar Power Plant to BluEarth,,Benzinga,2015-01-06T12:07:09Z,2015-01-06T12:07:09Z,,https://www.benzinga.com/node/5121991,
5122002,CUB,Cubic Wins Italian Army Follow-On Contract Worth Over $6.5M,,Benzinga,2015-01-06T12:08:54Z,2015-01-06T12:08:54Z,,https://www.benzinga.com/node/5122002,
5122162,CSX,UBS Downgrades CSX To Neutral,,Benzinga,2015-01-06T12:51:52Z,2015-01-06T12:51:52Z,,https://www.benzinga.com/node/5122162,
5122485,CSX,Benzinga's Top #PreMarket Losers,,Benzinga,2015-01-06T13:21:28Z,2015-01-06T13:21:28Z,,https://www.benzinga.com/node/5122485,
5117750,CSX,"Oil Prices Lower, Three Industries That Suffered",,Benzinga,2015-01-06T13:34:48Z,2015-01-06T13:40:39Z,,https://www.benzinga.com/node/5117750,
5122660,CSX,Benzinga's Top Downgrades,,Benzinga,2015-01-06T13:44:28Z,2015-01-06T13:44:28Z,,https://www.benzinga.com/node/5122660,
5123244,CSX,Morning Market Losers,,Benzinga,2015-01-06T14:58:26Z,2015-01-06T14:58:26Z,,https://www.benzinga.com/node/5123244,
5123588,CSCO,"Top Performing Industries For January 6, 2015",,Benzinga,2015-01-06T15:52:27Z,2015-01-06T15:52:27Z,,https://www.benzinga.com/node/5123588,
5124672,CSCO,"Charter, Cisco Said To Unveil Web-Based Interface For Cable TV Service",,Benzinga,2015-01-06T20:36:47Z,2015-01-06T20:36:47Z,,https://www.benzinga.com/node/5124672,
5121839,DPZ,"Jefferies Downgrades Domino's Pizza to Hold, Raises PT to $101.00",,Benzinga,2015-01-06T11:37:48Z,2015-01-06T11:37:48Z,,https://www.benzinga.com/node/5121839,
5122492,DPZ,Jefferies Downgrades Domino's Pizza To Hold,,Benzinga,2015-01-06T13:24:33Z,2015-01-06T13:24:33Z,,https://www.benzinga.com/node/5122492,
5122660,DPZ,Benzinga's Top Downgrades,,Benzinga,2015-01-06T13:44:28Z,2015-01-06T13:44:28Z,,https://www.benzinga.com/node/5122660,
5123521,DLTR,"Option Alert: Dollar General Feb $75 Call; 1,582 Contract Trade at Ask @$1.50; Currently $70.58",,Benzinga,2015-01-06T15:42:24Z,2015-01-06T15:42:24Z,,https://www.benzinga.com/node/5123521,
5121841,DXCM,"Sterne Agee Downgrades DexCom to Neutral, Removes $56.00 PT",,Benzinga,2015-01-06T11:38:54Z,2015-01-06T11:38:55Z,,https://www.benzinga.com/node/5121841,
5123511,EA,"Option Alert: EA Jan 2016 $40 Put 7,500 Traded vs 2,377 OI",,Benzinga,2015-01-06T15:41:32Z,2015-01-06T15:41:32Z,,https://www.benzinga.com/node/5123511,
5123927,EBAY,Option Alert: Ebay Jan $56 Call; 4.075 Contract Trade Above Ask @$0.52; Currently $55.23,,Benzinga,2015-01-06T16:48:30Z,2015-01-06T16:48:30Z,,https://www.benzinga.com/node/5123927,
5121147,EQIX,Data Center REIT Digital Realty: 2015 Guidance - A Closer Look,,Benzinga,2015-01-06T20:47:20Z,2015-01-06T20:48:11Z,,https://www.benzinga.com/node/5121147,
5119428,EXAS,Lake Street Initiates Coverage On EXACT Sciences,,Benzinga,2015-01-05T16:36:25Z,2015-01-06T13:56:31Z,,https://www.benzinga.com/node/5119428,
5124414,EXAS,"Option Alert: Exact Sciences Jan $27 Call; 2,360 Contract Trade at Ask; Currently $26.05",,Benzinga,2015-01-06T19:03:15Z,2015-01-06T19:03:58Z,,https://www.benzinga.com/node/5124414,
5124443,EXAS,"Option Alert: Exact Sciences Feb $27 Call; 1,318 Contract Trade at Ask @$1.80; Currently $25.96",,Benzinga,2015-01-06T19:20:52Z,2015-01-06T19:21:30Z,,https://www.benzinga.com/node/5124443,
5124724,EXC,Michael Pacilio Named COO of Exelon Generation LLC,,Benzinga,2015-01-06T20:59:31Z,2015-01-06T20:59:31Z,,https://www.benzinga.com/node/5124724,
5121770,FFIV,Needham Downgrades F5 Networks to Hold,,Benzinga,2015-01-06T11:12:45Z,2015-01-06T11:12:46Z,,https://www.benzinga.com/node/5121770,
5120958,FFIV,Fast Money Picks For January 6,,Benzinga,2015-01-06T12:27:03Z,2015-01-06T12:27:03Z,,https://www.benzinga.com/node/5120958,
5121804,FOXA,"Barclays Assumes Twenty-First Century Fox at Overweight, Announces $42.00 PT",,Benzinga,2015-01-06T11:25:58Z,2015-01-06T11:25:59Z,,https://www.benzinga.com/node/5121804,
5122903,FSTR,"UPDATE: Stifel Reiterates Buy Rating, Raises PT on L.B. Foster Company on News of Chemtec Acquisition Agreement",,Benzinga,2015-01-06T14:19:00Z,2015-01-06T14:19:01Z,,https://www.benzinga.com/node/5122903,
5123638,FRME,"First Merchants Corporation, C Financial Corporation To Merge",,Benzinga,2015-01-06T16:02:58Z,2015-01-06T16:02:58Z,,https://www.benzinga.com/node/5123638,
5124662,FSLR,Standpoint Research Upgrades First Solar to Buy,,Benzinga,2015-01-06T20:29:25Z,2015-01-06T20:29:25Z,,https://www.benzinga.com/node/5124662,
5123590,GASS,"Global Hunter Initiates Coverage on StealthGas at Speculative Buy, Announces $9.00 PT",,Benzinga,2015-01-06T15:52:55Z,2015-01-06T15:52:55Z,,https://www.benzinga.com/node/5123590,
5120978,GILD,CNBC's Stock Pops & Drops From January 5,,Benzinga,2015-01-06T00:36:39Z,2015-01-06T00:36:39Z,,https://www.benzinga.com/node/5120978,
5117729,GPRO,Personal Surveillance To Continue Growing,,Benzinga,2015-01-06T10:49:47Z,2015-01-06T10:52:11Z,,https://www.benzinga.com/node/5117729,
5121781,GILD,"Barclays Initiates Coverage on Gilead Sciences at Overweight, Announces $125.00 PT",,Benzinga,2015-01-06T11:17:17Z,2015-01-06T11:17:18Z,,https://www.benzinga.com/node/5121781,
5122572,GILD,Gilead Sciences Announces Purchase of Phenex Pharma's Development Program for NASH,,Benzinga,2015-01-06T13:31:46Z,2015-01-06T13:31:46Z,,https://www.benzinga.com/node/5122572,
5122701,GILD,Barclays Initiates Coverage Of Gilead Sciences At Overweight,,Benzinga,2015-01-06T14:08:37Z,2015-01-06T14:08:37Z,,https://www.benzinga.com/node/5122701,
5123177,GRPN,"Option Alert: Groupon Jan 9 $8 Call; 1,457 Contract Trade at Ask @$0.18; Currently $8.01",,Benzinga,2015-01-06T14:36:42Z,2015-01-06T14:36:42Z,,https://www.benzinga.com/node/5123177,
5123485,GOOGL,"Hearing Yelp Hires Goldman Sachs to Sell Itself to Google, Unconfirmed Marker Chatter",,Benzinga,2015-01-06T15:37:13Z,2015-01-06T15:39:03Z,,https://www.benzinga.com/node/5123485,
5123695,GILD,Analyst Sees Biotech FY15 EPS Growth Outstripping Market,,Benzinga,2015-01-06T17:21:57Z,2015-01-06T17:21:57Z,,https://www.benzinga.com/node/5123695,
5124052,GOOG,Yelp Falls Following Rumors Of Google Acquisition,,Benzinga,2015-01-06T17:31:51Z,2015-01-06T17:37:01Z,,https://www.benzinga.com/node/5124052,
5124052,GOOGL,Yelp Falls Following Rumors Of Google Acquisition,,Benzinga,2015-01-06T17:31:51Z,2015-01-06T17:37:01Z,,https://www.benzinga.com/node/5124052,
5123244,HERO,Morning Market Losers,,Benzinga,2015-01-06T14:58:26Z,2015-01-06T14:58:26Z,,https://www.benzinga.com/node/5123244,
5123119,HALO,What Investors Are Looking for After Seeing Unusual Option Activity In Halozyme,,Benzinga,2015-01-06T17:15:22Z,2015-01-06T17:37:57Z,,https://www.benzinga.com/node/5123119,
5124655,GT,Fast Money Halftime Report Final Trade From January 6,,Benzinga,2015-01-06T20:34:41Z,2015-01-06T20:34:41Z,,https://www.benzinga.com/node/5124655,
5123798,HERO,Crude Oil Below $50: Has It Reached Bottom?,,Benzinga,2015-01-06T21:06:53Z,2015-01-06T21:06:53Z,,https://www.benzinga.com/node/5123798,
5121854,HIVE,"Goldman Sachs Downgrades Aerohive Networks to Neutral, Lowers PT to $5.25",,Benzinga,2015-01-06T11:41:44Z,2015-01-06T11:41:44Z,,https://www.benzinga.com/node/5121854,
5122599,HTZ,"Hertz Names Jeffrey Foland as Senior VP, Chief Revenue Officer",,Benzinga,2015-01-06T13:34:11Z,2015-01-06T13:34:11Z,,https://www.benzinga.com/node/5122599,
5123554,HIMX,"Option Alert: Himax Technologies Jan $8 Call; 4,386 Contract Trade at Ask @$0.35; Currently $7.93",,Benzinga,2015-01-06T15:43:21Z,2015-01-06T15:43:21Z,,https://www.benzinga.com/node/5123554,
5122697,IEF,U.S. 10 Year Bond Yields Dip Below 2%,,Benzinga,2015-01-06T14:26:19Z,2015-01-06T14:26:19Z,,https://www.benzinga.com/node/5122697,
5122280,INO,Inovio Pharmaceuticals HIV Immunotherapy Shows Characteristics Considered Vital to Treating HIV,,Benzinga,2015-01-06T13:01:33Z,2015-01-06T13:01:33Z,,https://www.benzinga.com/node/5122280,
5122369,INO,io Pharmaceuticals HIV Immunotherapy Shows Characteristics Considered Vital to Treating HIV,,Benzinga,2015-01-06T13:05:45Z,2015-01-06T13:05:45Z,,https://www.benzinga.com/node/5122369,
5124525,INTC,QUALCOMM CEO On Competition With Intel And The Internet Of Everything,,Benzinga,2015-01-06T21:07:03Z,2015-01-06T21:07:03Z,,https://www.benzinga.com/node/5124525,
5121652,JRVR,"SunTrust Robinson Humphrey Initiates Coverage on James River Group Hldgs at Buy, Announces $30.00 PT",,Benzinga,2015-01-06T10:27:02Z,2015-01-06T10:27:03Z,,https://www.benzinga.com/node/5121652,
5121987,JRVR,"FBR Capital Initiates Coverage on James River Group Hldgs at Outperform, Announces $28.00 PT",,Benzinga,2015-01-06T12:06:11Z,2015-01-06T12:06:11Z,,https://www.benzinga.com/node/5121987,
5121989,JRVR,"BMO Capital Initiates Coverage on James River Group Hldgs at Outperform, Announces $25.00 PT",,Benzinga,2015-01-06T12:06:28Z,2015-01-06T12:06:28Z,,https://www.benzinga.com/node/5121989,
5122495,JRVR,"UPDATE: Keefe, Bruyette & Woods Initiates Coverage on James River Group Holdings Ltd. with Outperform Rating, $26.50 PT on Multiple Positive Factors",,Benzinga,2015-01-06T13:28:42Z,2015-01-06T13:28:42Z,,https://www.benzinga.com/node/5122495,
5121564,KTCC,Top 4 Small-Cap Stocks In The Computer Peripherals Industry With The Highest ROI,,Benzinga,2015-01-06T09:27:15Z,2015-01-06T09:27:15Z,,https://www.benzinga.com/node/5121564,
5121985,KTOS,Kratos Awarded $41.5M in Contracts for Satellite Operations for the U.S. Air Force,,Benzinga,2015-01-06T12:06:03Z,2015-01-06T12:06:03Z,,https://www.benzinga.com/node/5121985,
5124009,KPTI,What Investors Should Know About Tomorrow's Biotech Secondary Offerings,,Benzinga,2015-01-06T18:05:37Z,2015-01-06T18:07:36Z,,https://www.benzinga.com/node/5124009,
5122100,LGIH,"LGI Homes Reports Dec. Closings 246 Homes, Q4 Closings 652 Homes; Expecting FY15 Closings in 2.8-3.2K Homes Range",,Benzinga,2015-01-06T12:33:26Z,2015-01-06T12:33:26Z,,https://www.benzinga.com/node/5122100,
5122586,LAND,Gladstone Land Announces Acquisition of $17M Farm in California,,Benzinga,2015-01-06T13:32:54Z,2015-01-06T13:32:54Z,,https://www.benzinga.com/node/5122586,
5120827,LBTYA,Liberty Global: A Good Way To Play Cablevision Systems' Downgrade Monday,,Benzinga,2015-01-06T23:03:15Z,2015-01-06T23:03:15Z,,https://www.benzinga.com/node/5120827,
5120827,LBTYB,Liberty Global: A Good Way To Play Cablevision Systems' Downgrade Monday,,Benzinga,2015-01-06T23:03:15Z,2015-01-06T23:03:15Z,,https://www.benzinga.com/node/5120827,
5120827,LBTYK,Liberty Global: A Good Way To Play Cablevision Systems' Downgrade Monday,,Benzinga,2015-01-06T23:03:15Z,2015-01-06T23:03:15Z,,https://www.benzinga.com/node/5120827,
5120978,LOCO,CNBC's Stock Pops & Drops From January 5,,Benzinga,2015-01-06T00:36:39Z,2015-01-06T00:36:39Z,,https://www.benzinga.com/node/5120978,
5122171,LOCO,"CORRECTION: Jefferies Upgrades El Pollo Loco Holdings to Buy, Lowers PT to $27.00",,Benzinga,2015-01-06T12:56:03Z,2015-01-06T12:56:03Z,,https://www.benzinga.com/node/5122171,
5121838,LOCO,"Jefferies Downgrades El Pollo Loco Holdings to Buy, Lowers PT to $27.00",,Benzinga,2015-01-06T11:37:18Z,2015-01-06T12:56:26Z,,https://www.benzinga.com/node/5121838,
5122441,LOCO,Benzinga's Top #PreMarket Gainers,,Benzinga,2015-01-06T13:12:30Z,2015-01-06T13:12:30Z,,https://www.benzinga.com/node/5122441,
5123217,LOCO,Morning Market Movers,,Benzinga,2015-01-06T14:50:00Z,2015-01-06T14:50:00Z,,https://www.benzinga.com/node/5123217,
5123398,LOCO,Morning Movers,,Benzinga,2015-01-06T15:42:10Z,2015-01-06T15:42:10Z,,https://www.benzinga.com/node/5123398,
5124865,LIQT,"LiqTech International Says Expecting Q4 Sales, Net Earnings Below Expectations: Sees Q4 Sales $2.20M-2.70M vs $6.80M Est",,Benzinga,2015-01-06T21:12:36Z,2015-01-06T21:12:37Z,,https://www.benzinga.com/node/5124865,
5124870,LIQT,LiqTech International Receives $2.4M Order,,Benzinga,2015-01-06T21:14:46Z,2015-01-06T21:14:46Z,,https://www.benzinga.com/node/5124870,
5125031,LULU,Stephanie Link's Picks For 2015,,Benzinga,2015-01-06T22:18:38Z,2015-01-06T22:18:38Z,,https://www.benzinga.com/node/5125031,
5123896,MDXG,MiMedx Increases Stock Buyback Program by $10M,,Benzinga,2015-01-06T16:37:02Z,2015-01-06T16:37:02Z,,https://www.benzinga.com/node/5123896,
5123173,MNKD,"Option Alert: Mannkind Jan 2016 $7 Call; 1,000 Contract Trade at Ask @$1.29; Currently $5.85",,Benzinga,2015-01-06T14:35:14Z,2015-01-06T14:35:14Z,,https://www.benzinga.com/node/5123173,
5120767,MNST,"Following Dr Pepper Snapple's Downgrade, Here's Another Stock To Freshen Up Your Portfolio",,Benzinga,2015-01-06T16:47:30Z,2015-01-06T16:47:30Z,,https://www.benzinga.com/node/5120767,
5121523,MU,"Keep an Eye on These 7 Stocks for January 6, 2015",,Benzinga,2015-01-06T09:01:25Z,2015-01-06T09:01:25Z,,https://www.benzinga.com/node/5121523,
5121589,MU,"Earnings Scheduled For January 6, 2015",,Benzinga,2015-01-06T09:52:06Z,2015-01-06T09:52:06Z,,https://www.benzinga.com/node/5121589,
5121615,MU,"Earning and Economic Calendar for Tuesday January 6, 2015",,Benzinga,2015-01-06T10:19:40Z,2015-01-06T10:19:40Z,,https://www.benzinga.com/node/5121615,
5117729,MSFT,Personal Surveillance To Continue Growing,,Benzinga,2015-01-06T10:49:47Z,2015-01-06T10:52:11Z,,https://www.benzinga.com/node/5117729,
5121080,MU,"Dan Nathan Sees Unusual Options Activity In Micron Technology, Inc.",,Benzinga,2015-01-06T12:31:12Z,2015-01-06T12:31:13Z,,https://www.benzinga.com/node/5121080,
5123163,MTLS,"Credit Suisse Assumes Materialise at Outperform, Announces $15.00 PT",,Benzinga,2015-01-06T14:32:44Z,2015-01-06T14:32:45Z,,https://www.benzinga.com/node/5123163,
5123170,MTLS,"Cruisse Assumes Coverage On Additive Manufacturing Names: Stratasys, 3D Systems, ExOne, and Materialise",,Benzinga,2015-01-06T14:34:49Z,2015-01-06T14:34:49Z,,https://www.benzinga.com/node/5123170,
5124006,MRVL,"Option Alert: Marvell Technology Jan $14.5 Call; 2,778 Contract Trade at Ask @$0.12; Currently $13.89",,Benzinga,2015-01-06T17:04:20Z,2015-01-06T17:04:20Z,,https://www.benzinga.com/node/5124006,
5124027,MRVL,Marvell Technology Shares Spike Higher on Heavy Call Buying,,Benzinga,2015-01-06T17:18:27Z,2015-01-06T17:18:27Z,,https://www.benzinga.com/node/5124027,
5124140,MRVL,UPDATE: Report from Hihuadu.com on China Mobile Interest in Marvell Unit was Published on Monday,,Benzinga,2015-01-06T17:52:07Z,2015-01-06T18:03:13Z,,https://www.benzinga.com/node/5124140,
5124125,MRVL,Hearing Unconfirmed Market Chatter China Mobile Considering Acquisition of Marvell Mobile Phone Chip Business,,Benzinga,2015-01-06T17:45:57Z,2015-01-06T18:03:36Z,,https://www.benzinga.com/node/5124125,
5124761,MU,Micron Technology Reports Q1Revenue of $4.57B vs $4.62B Est,,Benzinga,2015-01-06T21:02:05Z,2015-01-06T21:02:06Z,,https://www.benzinga.com/node/5124761,
5124756,MU,Micron Technology Reports Q1 EPS of $1.14 vs $0.92 Est,,Benzinga,2015-01-06T21:01:54Z,2015-01-06T21:04:46Z,,https://www.benzinga.com/node/5124756,
5124507,MRCC,Waddell & Reed Sees Mounting Expenses: Should You Hold?,,Benzinga,2015-01-06T21:06:23Z,2015-01-06T21:06:23Z,,https://www.benzinga.com/node/5124507,
5124923,MU,Micron Expecting Q2 DRAM Production to Decline in the High Single to Low Double Digits Range; Reaffirms FY15 CapEx Outlook,,Benzinga,2015-01-06T21:28:29Z,2015-01-06T21:28:29Z,,https://www.benzinga.com/node/5124923,
5124948,MU,Micron Technology Sees Q2 Sales $4.10B-4.30B vs $4.53B Est,,Benzinga,2015-01-06T21:30:34Z,2015-01-06T21:30:35Z,,https://www.benzinga.com/node/5124948,
5124994,MU,Micron Technology Inc. Q1 Rev Slightly Short Of Views,,Benzinga,2015-01-06T21:58:00Z,2015-01-06T21:58:00Z,,https://www.benzinga.com/node/5124994,
5125019,MU,Tuesday's After-Hours Movers,,Benzinga,2015-01-06T22:10:11Z,2015-01-06T22:10:11Z,,https://www.benzinga.com/node/5125019,
5122441,NERV,Benzinga's Top #PreMarket Gainers,,Benzinga,2015-01-06T13:12:30Z,2015-01-06T13:12:30Z,,https://www.benzinga.com/node/5122441,
5122897,NERV,Minerva Neurosciences Soars 60% Following Parkinson's Disease Treatment News,,Benzinga,2015-01-06T14:21:10Z,2015-01-06T14:21:11Z,,https://www.benzinga.com/node/5122897,
5123217,NERV,Morning Market Movers,,Benzinga,2015-01-06T14:50:00Z,2015-01-06T14:50:00Z,,https://www.benzinga.com/node/5123217,
5123457,NERV,Stocks Hitting 52-Week Highs,,Benzinga,2015-01-06T15:23:38Z,2015-01-06T15:23:38Z,,https://www.benzinga.com/node/5123457,
5123398,NERV,Morning Movers,,Benzinga,2015-01-06T15:42:10Z,2015-01-06T15:42:10Z,,https://www.benzinga.com/node/5123398,
5123488,NERV,Mid-Morning Market Update: Markets Open Higher; Commercial Metals Posts Upbeat Earnings,,Benzinga,2015-01-06T15:46:21Z,2015-01-06T15:46:21Z,,https://www.benzinga.com/node/5123488,
5120637,NVDA,"Will NVIDIA's Tegra X1 Dethrone PlayStation 4, Xbox One?",,Benzinga,2015-01-06T14:29:02Z,2015-01-06T14:29:02Z,,https://www.benzinga.com/node/5120637,
5123676,NTAP,From 13G: Primecap Management Increases Stake In NetApp To 5.08%,,Benzinga,2015-01-06T16:13:40Z,2015-01-06T16:13:40Z,,https://www.benzinga.com/node/5123676,
5124668,NTAP,"Primecap Exceeds 5% Threshold In Shutterfly Inc., 3 Other Companies",,Benzinga,2015-01-06T20:51:35Z,2015-01-06T20:51:35Z,,https://www.benzinga.com/node/5124668,
5121564,OLED,Top 4 Small-Cap Stocks In The Computer Peripherals Industry With The Highest ROI,,Benzinga,2015-01-06T09:27:15Z,2015-01-06T09:27:15Z,,https://www.benzinga.com/node/5121564,
5122344,NXPI,NXP Releases World's First Ultra-Compact Smart Car Access Solution for Car Keys and Wearables,,Benzinga,2015-01-06T13:02:57Z,2015-01-06T13:02:57Z,,https://www.benzinga.com/node/5122344,
5125051,OMAB,OMA Reports a 14.1% Increase in Dec 2014 Passenger Traffic And 10.6% Increase For FY2014,,Benzinga,2015-01-06T22:00:41Z,2015-01-06T22:00:41Z,,https://www.benzinga.com/node/5125051,
5121555,OTEX,Top 4 Mid-Cap Stocks In The Application Software Industry With The Lowest PEG Ratio,,Benzinga,2015-01-06T09:19:42Z,2015-01-06T09:19:42Z,,https://www.benzinga.com/node/5121555,
5121570,PETS,Top 4 Small-Cap Stocks In The Drug Delivery Industry With The Highest Gross Margin,,Benzinga,2015-01-06T09:35:42Z,2015-01-06T09:35:42Z,,https://www.benzinga.com/node/5121570,
5120767,PEP,"Following Dr Pepper Snapple's Downgrade, Here's Another Stock To Freshen Up Your Portfolio",,Benzinga,2015-01-06T16:47:30Z,2015-01-06T16:47:30Z,,https://www.benzinga.com/node/5120767,
5123938,PN,From Amended S-1: Patriot National To Offer 8.32M Shares At $16-18/share,,Benzinga,2015-01-06T16:59:44Z,2015-01-06T16:59:44Z,,https://www.benzinga.com/node/5123938,
5124525,QCOM,QUALCOMM CEO On Competition With Intel And The Internet Of Everything,,Benzinga,2015-01-06T21:07:03Z,2015-01-06T21:07:03Z,,https://www.benzinga.com/node/5124525,
5120958,QQQ,Fast Money Picks For January 6,,Benzinga,2015-01-06T12:27:03Z,2015-01-06T12:27:03Z,,https://www.benzinga.com/node/5120958,
5122793,RARE,Ultragenyx Initiates New Development Program Studying KRN23 for the Treatment of Tumor-Induced Osteomalacia,,Benzinga,2015-01-06T14:02:18Z,2015-01-06T14:02:18Z,,https://www.benzinga.com/node/5122793,
5121788,RGEN,"Barclays Initiates Coverage on Repligen at Equal-weight, Announces $450.00 PT",,Benzinga,2015-01-06T11:19:53Z,2015-01-06T13:26:30Z,,https://www.benzinga.com/node/5121788,
5122498,REGN,"CORRECTION: Barclays Initiates Coverage on Regeneron at Equal-weight, Announces $450.00 PT",,Benzinga,2015-01-06T13:26:50Z,2015-01-06T13:26:50Z,,https://www.benzinga.com/node/5122498,
5122498,RGEN,"CORRECTION: Barclays Initiates Coverage on Regeneron at Equal-weight, Announces $450.00 PT",,Benzinga,2015-01-06T13:26:50Z,2015-01-06T13:26:50Z,,https://www.benzinga.com/node/5122498,
5123694,REGN,Barclays Initiates Coverage Of Regeneron At Equal Weight,,Benzinga,2015-01-06T16:28:00Z,2015-01-06T16:28:01Z,,https://www.benzinga.com/node/5123694,
5123695,REGN,Analyst Sees Biotech FY15 EPS Growth Outstripping Market,,Benzinga,2015-01-06T17:21:57Z,2015-01-06T17:21:57Z,,https://www.benzinga.com/node/5123695,
5123579,SBLK,"Global Hunter Initiates Coverage on Star Bulk Carriers at Speculative Buy, Announces $13.00 PT",,Benzinga,2015-01-06T15:51:06Z,2015-01-06T15:51:07Z,,https://www.benzinga.com/node/5123579,
5122922,SPCB,SuperCom To Acquire Cyber Security Company Prevision Ltd. For $2.5M,,Benzinga,2015-01-06T14:18:00Z,2015-01-06T14:18:00Z,,https://www.benzinga.com/node/5122922,
5123151,SSYS,"Credit Suisse Assumes Stratasys at Outperform, Announces $138.00 PT",,Benzinga,2015-01-06T14:32:03Z,2015-01-06T14:32:03Z,,https://www.benzinga.com/node/5123151,
5123170,SSYS,"Cruisse Assumes Coverage On Additive Manufacturing Names: Stratasys, 3D Systems, ExOne, and Materialise",,Benzinga,2015-01-06T14:34:49Z,2015-01-06T14:34:49Z,,https://www.benzinga.com/node/5123170,
5124055,SUNE,"Option Alert: SunEdison Jan $20 Call; 1,010 Contract Trade at Ask @$0.20; Currently $17.47",,Benzinga,2015-01-06T17:25:44Z,2015-01-06T17:25:44Z,,https://www.benzinga.com/node/5124055,
5121564,TACT,Top 4 Small-Cap Stocks In The Computer Peripherals Industry With The Highest ROI,,Benzinga,2015-01-06T09:27:15Z,2015-01-06T09:27:15Z,,https://www.benzinga.com/node/5121564,
5121971,TNXP,Tonix Pharmaceuticals Provides Clinical and Regulatory Update on its Continued Development of TNX-102 SL in Fibromyalgia,,Benzinga,2015-01-06T12:04:29Z,2015-01-06T12:04:29Z,,https://www.benzinga.com/node/5121971,
5122539,TSEM,Israel Corporation Approves Spin-Off of Kenon,,Benzinga,2015-01-06T13:30:47Z,2015-01-06T13:30:47Z,,https://www.benzinga.com/node/5122539,
5123217,TNXP,Morning Market Movers,,Benzinga,2015-01-06T14:50:00Z,2015-01-06T14:50:00Z,,https://www.benzinga.com/node/5123217,
5124052,TRIP,Yelp Falls Following Rumors Of Google Acquisition,,Benzinga,2015-01-06T17:31:51Z,2015-01-06T17:37:01Z,,https://www.benzinga.com/node/5124052,
5120377,TSLA,"Tigress Financial CIO: Auto Industry Is ""Hitting On All Cylinders,"" Will See Strong Growth In 2015 And 2016",,Benzinga,2015-01-05T21:28:05Z,2015-01-06T03:45:03Z,,https://www.benzinga.com/node/5120377,
5121756,TSL,Trina Solar Sells 13.2 MW UK Solar Power Project to Funds Managed by Foresight Group,,Benzinga,2015-01-06T11:09:55Z,2015-01-06T11:09:55Z,,https://www.benzinga.com/node/5121756,
5121866,TSL,US Stock Futures Edge Higher Ahead Of Economic Data,,Benzinga,2015-01-06T11:56:54Z,2015-01-06T11:56:54Z,,https://www.benzinga.com/node/5121866,
5120958,UAL,Fast Money Picks For January 6,,Benzinga,2015-01-06T12:27:03Z,2015-01-06T12:27:03Z,,https://www.benzinga.com/node/5120958,
5122494,TSLA,"Elon Musk Answers Questions On Reddit, Gives Advice On Learning",,Benzinga,2015-01-06T13:35:08Z,2015-01-06T14:22:44Z,,https://www.benzinga.com/node/5122494,
5122964,TTWO,"UPDATE: Stifel Reiterates Buy Rating, Raises PT on Take-Two Interactive Software on Positive Outlook",,Benzinga,2015-01-06T14:24:22Z,2015-01-06T14:24:22Z,,https://www.benzinga.com/node/5122964,
5121982,UAL,A Rundown Of US Airline Stocks,,Benzinga,2015-01-06T22:57:00Z,2015-01-06T22:57:00Z,,https://www.benzinga.com/node/5121982,
5120887,UTHR,BTIG Initiates Coverage On United Therapeutics,,Benzinga,2015-01-06T00:14:44Z,2015-01-06T00:14:44Z,,https://www.benzinga.com/node/5120887,
5121798,UTHR,"Barclays Initiates Coverage on United Therapeutics at Equal-weight, Announces $135.00 PT",,Benzinga,2015-01-06T11:22:15Z,2015-01-06T11:22:16Z,,https://www.benzinga.com/node/5121798,
5123695,UTHR,Analyst Sees Biotech FY15 EPS Growth Outstripping Market,,Benzinga,2015-01-06T17:21:57Z,2015-01-06T17:21:57Z,,https://www.benzinga.com/node/5123695,
5123980,UTHR,United Therapeutics Corporation (NASDAQ:UTHR),,Benzinga,2015-01-06T18:03:27Z,2015-01-06T18:03:27Z,,https://www.benzinga.com/node/5123980,
5120867,VRTX,BTIG Initiates Coverage On Vertex Pharmaceuticals,,Benzinga,2015-01-06T00:11:27Z,2015-01-06T00:11:27Z,,https://www.benzinga.com/node/5120867,
5121785,VRTX,"Barclays Initiates Coverage on Vertex Pharmaceuticals at Equal-weight, Announces $120.00 PT",,Benzinga,2015-01-06T11:18:40Z,2015-01-06T11:18:41Z,,https://www.benzinga.com/node/5121785,
5121801,VRNS,"Barclays Downgrades Varonis Systems to Equal-weight, Raises PT to $34.00",,Benzinga,2015-01-06T11:24:30Z,2015-01-06T11:24:30Z,,https://www.benzinga.com/node/5121801,
5123453,VRTX,"UPDATE: Barclays Capital Initiates Coverage on Vertex Pharmaceuticals with Equal-Weight Rating, $120 PT on Leading Position in CF Market",,Benzinga,2015-01-06T15:24:11Z,2015-01-06T15:24:12Z,,https://www.benzinga.com/node/5123453,
5123695,VRTX,Analyst Sees Biotech FY15 EPS Growth Outstripping Market,,Benzinga,2015-01-06T17:21:57Z,2015-01-06T17:21:57Z,,https://www.benzinga.com/node/5123695,
5121803,WDAY,"Barclays Upgrades Workday to Overweight, Maintains $91.00 PT",,Benzinga,2015-01-06T11:25:29Z,2015-01-06T11:25:30Z,,https://www.benzinga.com/node/5121803,
5121099,WYNN,"Jim Cramer Advises His Viewers On Wynn Resorts, Limited And Second Sight Medical Products Inc",,Benzinga,2015-01-06T12:53:56Z,2015-01-06T12:53:56Z,,https://www.benzinga.com/node/5121099,
5121769,Z,"Cowen &amp; Company Initiates Coverage on Zillow at Market Perform, Announces $106.00 PT",,Benzinga,2015-01-06T11:12:29Z,2015-01-06T11:12:30Z,,https://www.benzinga.com/node/5121769,
5122488,Z,Cowen Initiates Zillow With Market Perform,,Benzinga,2015-01-06T13:22:44Z,2015-01-06T13:22:44Z,,https://www.benzinga.com/node/5122488,
5123131,Z,Benzinga's Top Initiations,,Benzinga,2015-01-06T14:30:25Z,2015-01-06T14:30:25Z,,https://www.benzinga.com/node/5123131,
5125432,AAPL,"Monster Cable Products Sues Beats Electronics, Founders For Fraud; Says Beats Fraudulently Acquired Headphone Line in 'Sham' Deal'; Apple Not Named in Suit -DJ",,Benzinga,2015-01-07T00:41:45Z,2015-01-07T00:41:45Z,,https://www.benzinga.com/node/5125432,
5126093,ADP,"Credit Suisse Downgrades Automatic Data to Neutral, Maintains $82.00 PT",,Benzinga,2015-01-07T11:45:09Z,2015-01-07T11:45:10Z,,https://www.benzinga.com/node/5126093,
5126261,ADP,"UPDATE: Credit Suisse Downgrades Automatic Data Processing to Neutral, Reiterates $82 PT Awaiting Better Entry Point",,Benzinga,2015-01-07T12:31:09Z,2015-01-07T12:31:09Z,,https://www.benzinga.com/node/5126261,
5126312,ADP,Credit Suisse Downgrades Automatic Data Processing To Neutral,,Benzinga,2015-01-07T12:33:26Z,2015-01-07T12:33:26Z,,https://www.benzinga.com/node/5126312,
5126973,ADP,Benzinga's Top Downgrades,,Benzinga,2015-01-07T14:16:15Z,2015-01-07T14:16:15Z,,https://www.benzinga.com/node/5126973,
5127779,AAPL,Nomura On Google Vs. Apple,,Benzinga,2015-01-07T17:05:53Z,2015-01-07T17:05:53Z,,https://www.benzinga.com/node/5127779,
5126594,AGYS,Agilysys Attains Gold Certified Status In Microsoft Partner Program,,Benzinga,2015-01-07T13:26:37Z,2015-01-07T13:26:38Z,,https://www.benzinga.com/node/5126594,
5126891,AGIO,Halozyme Closes In On A Breakout,,Benzinga,2015-01-07T19:31:16Z,2015-01-07T19:42:06Z,,https://www.benzinga.com/node/5126891,
5123867,AMGN,Barclays Initiates Coverage On Amgen At Equal-weight,,Benzinga,2015-01-06T17:07:16Z,2015-01-07T04:57:40Z,,https://www.benzinga.com/node/5123867,
5126174,ALKS,"Alkermes Announces Positive Topline Results From Phase 2 Study, Primary Endpoint Met",,Benzinga,2015-01-07T12:02:19Z,2015-01-07T12:02:19Z,,https://www.benzinga.com/node/5126174,
5125424,AMBA,Fast Money Picks For January 7,,Benzinga,2015-01-07T12:23:26Z,2015-01-07T12:23:26Z,,https://www.benzinga.com/node/5125424,
5126548,ALKS,Benzinga's Top #PreMarket Gainers,,Benzinga,2015-01-07T13:10:34Z,2015-01-07T13:10:34Z,,https://www.benzinga.com/node/5126548,
5126889,AMZN,"ChannelAdvisor Reports Holiday '14 Total Same-Store Sales Growth 16.2%; Comps at Amazon Up 26.9%, Comps at eBay Up 7.3%",,Benzinga,2015-01-07T14:08:50Z,2015-01-07T14:08:50Z,,https://www.benzinga.com/node/5126889,
5127113,ALKS,Morning Market Gainers,,Benzinga,2015-01-07T14:38:48Z,2015-01-07T14:38:48Z,,https://www.benzinga.com/node/5127113,
5127155,AMZN,ChannelAdvisor Reports December Online SSS Data,,Benzinga,2015-01-07T15:05:39Z,2015-01-07T15:05:39Z,,https://www.benzinga.com/node/5127155,
5123562,ALKS,Benzinga's Volume Movers,,Benzinga,2015-01-06T15:45:52Z,2015-01-07T15:24:33Z,,https://www.benzinga.com/node/5123562,
5127594,AMZN,Comscore Reports 2014 Desktop Online Holiday Sales Reach $53.3B  +15% vs Yr Ago,,Benzinga,2015-01-07T16:19:34Z,2015-01-07T16:19:34Z,,https://www.benzinga.com/node/5127594,
5127723,AMGN,From FDA Panel Meeting: Novartis Says Biosimilar Neupogen Price May Be Same As Amgen; Will Cost Health Systems Less With Rebates,,Benzinga,2015-01-07T16:30:08Z,2015-01-07T16:30:08Z,,https://www.benzinga.com/node/5127723,
5128550,AMGN,FDA Panel Gives Unanimous Backing to Novartis Copy of Amgen Cancer Drug Neupogen,,Benzinga,2015-01-07T20:54:33Z,2015-01-07T20:54:33Z,,https://www.benzinga.com/node/5128550,
5129069,ALGT,"Allegiant Reports Dec. Total Traffic Growth 6.1%, Capacity Growth 3.9%; Expecting PRASM Down in 3.3-3.7% Range; Expecting Jan Scheduled ASMs Growth 3%, Q4 CASM Excluding Fuel in 43-43.5% Range",,Benzinga,2015-01-07T23:28:14Z,2015-01-07T23:28:14Z,,https://www.benzinga.com/node/5129069,
5127749,ASRV,"Ameriserv Financial CEO Wilson Buys 58,633 Shares @$2.05/Share -Form 4",,Benzinga,2015-01-07T16:33:36Z,2015-01-07T16:33:37Z,,https://www.benzinga.com/node/5127749,
5126266,BANX,"Wunderlich Initiates Coverage on StoneCastle Financial at Buy, Announces $22.00 PT",,Benzinga,2015-01-07T12:24:23Z,2015-01-07T12:24:24Z,,https://www.benzinga.com/node/5126266,
5126689,BANX,"UPDATE: Wunderlich Securities Initiates Coverage on StoneCastle Financial Corp. with Buy Rating, $22 PT on Investing in Healthy Community Banks",,Benzinga,2015-01-07T13:44:46Z,2015-01-07T13:44:46Z,,https://www.benzinga.com/node/5126689,
5126724,BANX,Wunderlich Initiates StoneCastle Financial With Buy,,Benzinga,2015-01-07T13:47:15Z,2015-01-07T13:47:15Z,,https://www.benzinga.com/node/5126724,
5126979,BANX,Benzinga's Top Initiations,,Benzinga,2015-01-07T14:20:36Z,2015-01-07T14:20:36Z,,https://www.benzinga.com/node/5126979,
5125563,BMR,High-Yield REITs Show Strength As U.S. 10-Yr Treasury Falls Below 2%,,Benzinga,2015-01-07T20:43:01Z,2015-01-07T20:43:01Z,,https://www.benzinga.com/node/5125563,
5128553,BIDU,Analyst: China Internet Investors To See FY15 Gains,,Benzinga,2015-01-07T21:38:23Z,2015-01-07T21:38:23Z,,https://www.benzinga.com/node/5128553,
5127402,BOKF,Analyst: 'Fear At High Point' For Texas Banks,,Benzinga,2015-01-07T16:06:59Z,2015-01-07T16:51:28Z,,https://www.benzinga.com/node/5127402,
5127548,CAKE,Shares Of Cheesecake Factory Higher Following Earlier Bank of America Upgrade to Neutral,,Benzinga,2015-01-07T16:10:00Z,2015-01-07T16:10:01Z,,https://www.benzinga.com/node/5127548,
5127807,CAKE,Cheesecake Factory Upgraded By Bank Of America,,Benzinga,2015-01-07T17:33:43Z,2015-01-07T17:33:43Z,,https://www.benzinga.com/node/5127807,
5126477,CERS,Cerus Prices $70M Offering at $5.50/Share,,Benzinga,2015-01-07T13:04:40Z,2015-01-07T13:04:40Z,,https://www.benzinga.com/node/5126477,
5126491,CDNA,CareDx Announces Positive Coverage Decision for AlloMap from Two Added Medicare Administrative Carrier Jurisdictions,,Benzinga,2015-01-07T13:05:54Z,2015-01-07T13:05:54Z,,https://www.benzinga.com/node/5126491,
5127099,CEVA,Wunderlich Securities Sees Big Changes Since Last Year for CEVA,,Benzinga,2015-01-07T14:36:37Z,2015-01-07T14:36:37Z,,https://www.benzinga.com/node/5127099,
5127941,CERS,4 More Biotech Secondaries Investors are Watching,,Benzinga,2015-01-07T17:50:04Z,2015-01-07T17:50:04Z,,https://www.benzinga.com/node/5127941,
5127160,CME,Shares of CME Group Unchanged Following CLSA Downgrade to Underperform,,Benzinga,2015-01-07T15:00:05Z,2015-01-07T15:00:06Z,,https://www.benzinga.com/node/5127160,
5125545,CPB,"36 Capital Considering Pepsico, Campbell Soup as Potential Takeover Targets, According to Sources -Wall Street Journal",,Benzinga,2015-01-07T03:36:56Z,2015-01-07T03:36:56Z,,https://www.benzinga.com/node/5125545,
5125552,CPB,"3G Capital May be Targeting Deals for Pepsi, Campbell Soup -Wall Street Journal",,Benzinga,2015-01-07T03:48:43Z,2015-01-07T03:48:43Z,,https://www.benzinga.com/node/5125552,
5125237,COST,Retailer Stocks To Watch Following JC Penny's Positive Sales Report,,Benzinga,2015-01-07T12:44:03Z,2015-01-07T13:38:32Z,,https://www.benzinga.com/node/5125237,
5127365,CRESY,Benzinga's Volume Movers,,Benzinga,2015-01-07T15:23:51Z,2015-01-07T15:23:51Z,,https://www.benzinga.com/node/5127365,
5127763,CPB,Campbell Soup Spokesperson Declines Comment on Rumored Interest from 3G,,Benzinga,2015-01-07T16:40:14Z,2015-01-07T16:40:14Z,,https://www.benzinga.com/node/5127763,
5127780,CPB,"Argus Research Analyst: 3G Capital Could Do A Lot With PepsiCo, Campbell",,Benzinga,2015-01-07T16:54:49Z,2015-01-07T16:54:49Z,,https://www.benzinga.com/node/5127780,
5127920,CPB,Morningstar Analyst Says 3G Capital Takeover Of Campbell Is 'Less Likely',,Benzinga,2015-01-07T17:28:51Z,2015-01-07T17:28:51Z,,https://www.benzinga.com/node/5127920,
5122003,COLM,Heat Up Your Portfolio As Cold Weather Moves In,,Benzinga,2015-01-07T18:04:47Z,2015-01-07T18:04:47Z,,https://www.benzinga.com/node/5122003,
5116442,CRESY,Two Alternative Ways To Play Latin American Growth With NYSE-Traded Argentine Stocks,,Benzinga,2015-01-07T22:43:15Z,2015-01-07T22:43:15Z,,https://www.benzinga.com/node/5116442,
5126059,CZR,"Caesars, Certain Holders Agree on Amended Term Sheet to December 31, 2014 Restructuring Support Agreement -8-K",,Benzinga,2015-01-07T11:20:01Z,2015-01-07T11:20:01Z,,https://www.benzinga.com/node/5126059,
5126340,CYN,"JP Morgan Upgrades City National to Overweight, Raises PT to $94.00",,Benzinga,2015-01-07T12:49:30Z,2015-01-07T12:49:31Z,,https://www.benzinga.com/node/5126340,
5126887,CSWC,RectorSeal Announces Acquisition of Sure-Seal LLC; No Terms Disclosed,,Benzinga,2015-01-07T14:08:08Z,2015-01-07T14:08:08Z,,https://www.benzinga.com/node/5126887,
5127275,CSX,Hearing Unconfirmed Market Chatter CP has Made $45/Share Bid for CSX,,Benzinga,2015-01-07T15:05:11Z,2015-01-07T15:05:11Z,,https://www.benzinga.com/node/5127275,
5127279,CSX,"Option Alert: CSX Jan $35 Call; 1,506 Contract Trade Above Ask @$0.37, Currently $34.07",,Benzinga,2015-01-07T15:06:18Z,2015-01-07T15:06:18Z,,https://www.benzinga.com/node/5127279,
5127366,CSCO,J.P Morgan Sees 'Neutral Impact' From Cisco's Set Top Box,,Benzinga,2015-01-07T15:42:22Z,2015-01-07T15:42:22Z,,https://www.benzinga.com/node/5127366,
5128375,CVGW,"Notable Earnings After The Close: GEF, WDFC, RECN, CVGW",,Benzinga,2015-01-07T19:54:08Z,2015-01-07T19:54:08Z,,https://www.benzinga.com/node/5128375,
5122016,DPZ,Janney Names Chain Restaurants to Watch in 2015,,Benzinga,2015-01-07T21:11:56Z,2015-01-07T21:11:56Z,,https://www.benzinga.com/node/5122016,
5125424,EBAY,Fast Money Picks For January 7,,Benzinga,2015-01-07T12:23:26Z,2015-01-07T12:23:26Z,,https://www.benzinga.com/node/5125424,
5126889,EBAY,"ChannelAdvisor Reports Holiday '14 Total Same-Store Sales Growth 16.2%; Comps at Amazon Up 26.9%, Comps at eBay Up 7.3%",,Benzinga,2015-01-07T14:08:50Z,2015-01-07T14:08:50Z,,https://www.benzinga.com/node/5126889,
5127155,EBAY,ChannelAdvisor Reports December Online SSS Data,,Benzinga,2015-01-07T15:05:39Z,2015-01-07T15:05:39Z,,https://www.benzinga.com/node/5127155,
5127403,EBAY,"Option Alert: Ebay Jan $56.5 Call; 2,453 Contract Trade Above Ask @$0.24; Currently $54.79",,Benzinga,2015-01-07T15:33:59Z,2015-01-07T15:34:31Z,,https://www.benzinga.com/node/5127403,
5127594,EBAY,Comscore Reports 2014 Desktop Online Holiday Sales Reach $53.3B  +15% vs Yr Ago,,Benzinga,2015-01-07T16:19:34Z,2015-01-07T16:19:34Z,,https://www.benzinga.com/node/5127594,
5128552,EBAY,Notable Option Activity For January 7,,Benzinga,2015-01-07T20:57:17Z,2015-01-07T20:57:17Z,,https://www.benzinga.com/node/5128552,
5128770,EBAY,8-K from eBay Shows Bonnie Hammer Named as Board Member,,Benzinga,2015-01-07T21:39:10Z,2015-01-07T21:39:10Z,,https://www.benzinga.com/node/5128770,
5126025,ENSG,Ensign Group Acquires Urgent Care Clinics in Colorado,,Benzinga,2015-01-07T11:07:52Z,2015-01-07T11:07:52Z,,https://www.benzinga.com/node/5126025,
5126192,ENSG,"US Stock Futures Surge Ahead Of ADP Report, Fed Minutes",,Benzinga,2015-01-07T12:06:48Z,2015-01-07T12:06:48Z,,https://www.benzinga.com/node/5126192,
5126666,EXEL,"Exelixis, Swedish Orphan Biovitrum AB (Sobi) Extend And Restructure Distribution Agreement for COMETRIQ",,Benzinga,2015-01-07T13:33:44Z,2015-01-07T13:33:44Z,,https://www.benzinga.com/node/5126666,
5128397,FIVE,"Jefferies Reiterates On Five Below, 'Had A Good Holiday Season'",,Benzinga,2015-01-07T20:21:29Z,2015-01-07T20:21:29Z,,https://www.benzinga.com/node/5128397,
5126125,FSLR,"Goldman Sachs Upgrades First Solar to Neutral, Maintains $44.00 PT",,Benzinga,2015-01-07T12:00:01Z,2015-01-07T12:00:01Z,,https://www.benzinga.com/node/5126125,
5126334,FSLR,Goldman Sachs Upgrades First Solar To Neutral,,Benzinga,2015-01-07T12:47:24Z,2015-01-07T12:47:25Z,,https://www.benzinga.com/node/5126334,
5126704,FOX,21st Century Fox America Extends Exchange Offer For Certain Senior Notes,,Benzinga,2015-01-07T13:41:38Z,2015-01-07T13:41:38Z,,https://www.benzinga.com/node/5126704,
5126825,FTNT,NSS Labs Releases New Intrusion Prevention Systems Research,,Benzinga,2015-01-07T14:01:15Z,2015-01-07T14:01:15Z,,https://www.benzinga.com/node/5126825,
5126888,FSLR,Benzinga's Top Upgrades,,Benzinga,2015-01-07T14:08:23Z,2015-01-07T14:08:23Z,,https://www.benzinga.com/node/5126888,
5126975,FSLR,Wednesday Morning Movers,,Benzinga,2015-01-07T14:17:46Z,2015-01-07T14:17:46Z,,https://www.benzinga.com/node/5126975,
5127541,FOSL,"Worst Performing Industries For January 7, 2015",,Benzinga,2015-01-07T16:06:06Z,2015-01-07T16:06:06Z,,https://www.benzinga.com/node/5127541,
5127924,FOSL,Bank Of America Downgrades Fossil To Underperform,,Benzinga,2015-01-07T17:37:22Z,2015-01-07T17:37:22Z,,https://www.benzinga.com/node/5127924,
5126455,GALT,Galectin Therapeutics Announces Phase 1 Trial Shows Drug Safe For Fibrosis and May Have Therapeutic Effects,,Benzinga,2015-01-07T13:02:27Z,2015-01-07T13:02:28Z,,https://www.benzinga.com/node/5126455,
5126560,GALT,Galectin Therapeutics Shares Rise 46% Premarket on Positive Phase 1 for GR-MD-02,,Benzinga,2015-01-07T13:13:31Z,2015-01-07T13:13:31Z,,https://www.benzinga.com/node/5126560,
5126975,GALT,Wednesday Morning Movers,,Benzinga,2015-01-07T14:17:46Z,2015-01-07T14:17:46Z,,https://www.benzinga.com/node/5126975,
5127113,GALT,Morning Market Gainers,,Benzinga,2015-01-07T14:38:48Z,2015-01-07T14:38:48Z,,https://www.benzinga.com/node/5127113,
5125884,GLDD,Top 4 Small-Cap Stocks In The Heavy Construction Industry With The Lowest PEG Ratio,,Benzinga,2015-01-07T09:43:17Z,2015-01-07T09:43:17Z,,https://www.benzinga.com/node/5125884,
5126862,GLDD,"DA Davidson Comments On The Engineering And Construction Sector, Offers Top Picks",,Benzinga,2015-01-07T14:31:51Z,2015-01-07T14:31:51Z,,https://www.benzinga.com/node/5126862,
5127155,GOOG,ChannelAdvisor Reports December Online SSS Data,,Benzinga,2015-01-07T15:05:39Z,2015-01-07T15:05:39Z,,https://www.benzinga.com/node/5127155,
5127155,GOOGL,ChannelAdvisor Reports December Online SSS Data,,Benzinga,2015-01-07T15:05:39Z,2015-01-07T15:05:39Z,,https://www.benzinga.com/node/5127155,
5127280,GILD,Gilead Receives Orphan Drug Status For Simtuzumab,,Benzinga,2015-01-07T15:06:33Z,2015-01-07T15:06:33Z,,https://www.benzinga.com/node/5127280,
5127159,GPRO,Citigroup Analysts Chat With GoPro Executives At CES Event,,Benzinga,2015-01-07T15:13:24Z,2015-01-07T15:15:50Z,,https://www.benzinga.com/node/5127159,
5127541,GPRO,"Worst Performing Industries For January 7, 2015",,Benzinga,2015-01-07T16:06:06Z,2015-01-07T16:06:06Z,,https://www.benzinga.com/node/5127541,
5127589,GILD,Gilead Sciences Inc. Gains Orphan Drug Status For Liver Treatment,,Benzinga,2015-01-07T16:27:51Z,2015-01-07T16:58:08Z,,https://www.benzinga.com/node/5127589,
5127779,GOOG,Nomura On Google Vs. Apple,,Benzinga,2015-01-07T17:05:53Z,2015-01-07T17:05:53Z,,https://www.benzinga.com/node/5127779,
5127779,GOOGL,Nomura On Google Vs. Apple,,Benzinga,2015-01-07T17:05:53Z,2015-01-07T17:05:53Z,,https://www.benzinga.com/node/5127779,
5128434,GPRO,UPDATE: GoPro CEO Nick Woodman to Appear on CNBC at 5:00 PM ET,,Benzinga,2015-01-07T20:20:14Z,2015-01-07T20:20:14Z,,https://www.benzinga.com/node/5128434,
5128882,GPRO,GoPro CEO On CNBC 'Have Done Better Job Leveraging Brand Than Competitors',,Benzinga,2015-01-07T22:20:04Z,2015-01-07T22:20:04Z,,https://www.benzinga.com/node/5128882,
5128900,GPRO,GoPro CEO: 'GoPro Is a Lifestyle Brand Which Allowed Us To Remain Ahead',,Benzinga,2015-01-07T22:21:53Z,2015-01-07T22:21:53Z,,https://www.benzinga.com/node/5128900,
5128923,GPRO,GoPro CEO 'We See A lot Of Growth Outside U.S.;Growth Overall Will Be Healthy In 2015',,Benzinga,2015-01-07T22:24:33Z,2015-01-07T22:24:33Z,,https://www.benzinga.com/node/5128923,
5128929,GPRO,GoPro CEO 'Drone Market Is Fabulous For GoPro; GoPro Now Being Used in Medical Industry',,Benzinga,2015-01-07T22:27:03Z,2015-01-07T22:27:03Z,,https://www.benzinga.com/node/5128929,
5128933,GPRO,GoPro CEO 'Everywhere We Have Placed GoPro Channel Has Been Successful',,Benzinga,2015-01-07T22:29:02Z,2015-01-07T22:29:02Z,,https://www.benzinga.com/node/5128933,
5125470,GT,Cramer Gives His Opinion On Goodyear Tire & Rubber Co And Glu Mobile Inc.,,Benzinga,2015-01-07T02:25:27Z,2015-01-07T02:25:27Z,,https://www.benzinga.com/node/5125470,
5126468,HALO,Halozyme Provides Agenda Highlights For Analyst And Investor Meeting,,Benzinga,2015-01-07T13:03:52Z,2015-01-07T13:03:52Z,,https://www.benzinga.com/node/5126468,
5126890,HCAC,"Hennessy Capital Acquisition Corp to Exchange Common Stock for Up to 5,750,000 of Its Outstanding Warrants",,Benzinga,2015-01-07T14:09:16Z,2015-01-07T14:09:16Z,,https://www.benzinga.com/node/5126890,
5126891,HALO,Halozyme Closes In On A Breakout,,Benzinga,2015-01-07T19:31:16Z,2015-01-07T19:42:06Z,,https://www.benzinga.com/node/5126891,
5128398,HALO,"UPDATE: Halozyme Shares Rise 27% on Day of Investor, Analyst Meeting",,Benzinga,2015-01-07T20:03:49Z,2015-01-07T20:03:49Z,,https://www.benzinga.com/node/5128398,
5126123,HST,"JP Morgan Downgrades Host Hotels & Resorts to Neutral, Raises PT to $25.00",,Benzinga,2015-01-07T11:59:14Z,2015-01-07T11:59:14Z,,https://www.benzinga.com/node/5126123,
5126366,HST,JP Morgan Downgrades Host Hotels & Resorts To Neutral,,Benzinga,2015-01-07T12:58:07Z,2015-01-07T12:58:07Z,,https://www.benzinga.com/node/5126366,
5126367,HURN,Huron Consulting Group Announces Senior Level Promotions,,Benzinga,2015-01-07T12:58:35Z,2015-01-07T12:58:35Z,,https://www.benzinga.com/node/5126367,
5126973,HST,Benzinga's Top Downgrades,,Benzinga,2015-01-07T14:16:15Z,2015-01-07T14:16:15Z,,https://www.benzinga.com/node/5126973,
5127542,HON,'Honeywell Starts Full-Scale Production of Low-Global-Warming Material in Baton Rouge',,Benzinga,2015-01-07T16:06:20Z,2015-01-07T16:06:20Z,,https://www.benzinga.com/node/5127542,
5128759,HOLX,"Barclays Initiates Coverage On Life Science Tools & Diagnostics, Names Thermo Fisher As 'Top Pick'",,Benzinga,2015-01-07T21:41:38Z,2015-01-07T21:41:38Z,,https://www.benzinga.com/node/5128759,
5128842,HTZ,"Hertz Appoints Tyler Best As EVP, Chief Information Officer",,Benzinga,2015-01-07T22:00:55Z,2015-01-07T22:00:55Z,,https://www.benzinga.com/node/5128842,
5128759,ILMN,"Barclays Initiates Coverage On Life Science Tools & Diagnostics, Names Thermo Fisher As 'Top Pick'",,Benzinga,2015-01-07T21:41:38Z,2015-01-07T21:41:38Z,,https://www.benzinga.com/node/5128759,
5127158,INTC,"Silicon Motion Shares Higher on Report of SSD Controller Orders from Intel, SanDisk and Micron",,Benzinga,2015-01-07T14:56:16Z,2015-01-07T14:56:16Z,,https://www.benzinga.com/node/5127158,
5127897,INSM,Insmed Spikes to High on Volume,,Benzinga,2015-01-07T17:14:36Z,2015-01-07T17:14:36Z,,https://www.benzinga.com/node/5127897,
5126891,INCY,Halozyme Closes In On A Breakout,,Benzinga,2015-01-07T19:31:16Z,2015-01-07T19:42:06Z,,https://www.benzinga.com/node/5126891,
5128627,JAZZ,"Jazz Pharmaceuticals Director Enright Sells 10,000 Shares @$160.25/Share -Form 4",,Benzinga,2015-01-07T21:05:11Z,2015-01-07T21:05:11Z,,https://www.benzinga.com/node/5128627,
5125902,KPTI,Karyopharm Therapeutics Prices 3M Share Offering @$33.00/Share,,Benzinga,2015-01-07T10:01:43Z,2015-01-07T10:01:43Z,,https://www.benzinga.com/node/5125902,
5126197,KMDA,"Kamada Announces Update For Phase 2 and 3 Trial, Says Encouraged",,Benzinga,2015-01-07T12:08:20Z,2015-01-07T12:08:20Z,,https://www.benzinga.com/node/5126197,
5126773,KOPN,Kopin Offers Prelim. FY14 Sales Results 'Exceeding Views',,Benzinga,2015-01-07T14:00:27Z,2015-01-07T14:00:27Z,,https://www.benzinga.com/node/5126773,
5126824,KOPN,UPDATE: Kopin Raises FY2014 Sales Guidance from $24.0M-28.0M to $30.0M vs $27.50M Est,,Benzinga,2015-01-07T14:01:10Z,2015-01-07T14:01:12Z,,https://www.benzinga.com/node/5126824,
5126975,KPTI,Wednesday Morning Movers,,Benzinga,2015-01-07T14:17:46Z,2015-01-07T14:17:46Z,,https://www.benzinga.com/node/5126975,
5126976,KNDI,Kandi Technologies Announces Expansion Of Micro Public EV Sharing Program,,Benzinga,2015-01-07T14:19:02Z,2015-01-07T14:19:02Z,,https://www.benzinga.com/node/5126976,
5127078,KTWO,"Piper Jaffray Initiates Coverage on K2M Group Holdings at Overweight, Announces $25.00 PT",,Benzinga,2015-01-07T14:30:40Z,2015-01-07T14:30:40Z,,https://www.benzinga.com/node/5127078,
5127113,KOPN,Morning Market Gainers,,Benzinga,2015-01-07T14:38:48Z,2015-01-07T14:38:48Z,,https://www.benzinga.com/node/5127113,
5127151,KPTI,Morning Market Losers,,Benzinga,2015-01-07T14:50:32Z,2015-01-07T14:50:32Z,,https://www.benzinga.com/node/5127151,
5127453,KOPN,Mid-Morning Market Update: Markets Surge; Monsanto Profit Tops Estimates,,Benzinga,2015-01-07T15:59:57Z,2015-01-07T15:59:57Z,,https://www.benzinga.com/node/5127453,
5127453,KPTI,Mid-Morning Market Update: Markets Surge; Monsanto Profit Tops Estimates,,Benzinga,2015-01-07T15:59:57Z,2015-01-07T15:59:57Z,,https://www.benzinga.com/node/5127453,
5127941,KPTI,4 More Biotech Secondaries Investors are Watching,,Benzinga,2015-01-07T17:50:04Z,2015-01-07T17:50:04Z,,https://www.benzinga.com/node/5127941,
5128025,KOPN,Mid-Day Market Update: J. C. Penney Jumps On Strong Holiday Sales; Micron Shares Decline,,Benzinga,2015-01-07T18:11:49Z,2015-01-07T18:12:13Z,,https://www.benzinga.com/node/5128025,
5128025,KPTI,Mid-Day Market Update: J. C. Penney Jumps On Strong Holiday Sales; Micron Shares Decline,,Benzinga,2015-01-07T18:11:49Z,2015-01-07T18:12:13Z,,https://www.benzinga.com/node/5128025,
5128143,JYNT,The Joint Corp. Reacquires 6 Franchises In LA For $1.4M,,Benzinga,2015-01-07T18:47:01Z,2015-01-07T18:47:01Z,,https://www.benzinga.com/node/5128143,
5128396,KPTI,Mid-Afternoon Market Update: Dow Jumps Over 200 Points After Fed Minutes; RPM Shares Drop On Downbeat Results,,Benzinga,2015-01-07T20:17:45Z,2015-01-07T20:17:45Z,,https://www.benzinga.com/node/5128396,
5127541,LEDS,"Worst Performing Industries For January 7, 2015",,Benzinga,2015-01-07T16:06:06Z,2015-01-07T16:06:06Z,,https://www.benzinga.com/node/5127541,
5128301,LAKE,"WHO Reports Ebola Death Toll Rises to 8,235 from 20,747 Cases Worldwide Through January 4",,Benzinga,2015-01-07T19:36:05Z,2015-01-07T19:36:05Z,,https://www.benzinga.com/node/5128301,
5128302,LAKE,"UPDATE: WHO Says Sierra Leone Cases Leveling Off, But Still Worst Country Affected",,Benzinga,2015-01-07T19:37:02Z,2015-01-07T19:37:02Z,,https://www.benzinga.com/node/5128302,
5126242,LINE,"Barclays Downgrades Linn Energy to Equalweight, Lowers PT to $12.00",,Benzinga,2015-01-07T12:18:31Z,2015-01-07T12:18:31Z,,https://www.benzinga.com/node/5126242,
5127151,LIQT,Morning Market Losers,,Benzinga,2015-01-07T14:50:32Z,2015-01-07T14:50:32Z,,https://www.benzinga.com/node/5127151,
5127104,LINE,Why Barclays Downgraded Linn Energy To Equal Weight,,Benzinga,2015-01-07T14:58:07Z,2015-01-07T14:58:07Z,,https://www.benzinga.com/node/5127104,
5128702,LULU,Lululemon Athletica Inc Appoints Stuart Haselden As CFO,,Benzinga,2015-01-07T21:15:58Z,2015-01-07T21:15:58Z,,https://www.benzinga.com/node/5128702,
5128712,LULU,"UPDATE: Lululemon Says Haselden Served as CFO, Executive VP of J. Crew",,Benzinga,2015-01-07T21:18:12Z,2015-01-07T21:18:12Z,,https://www.benzinga.com/node/5128712,
5125879,MU,7 Stocks You Should Be Watching Today,,Benzinga,2015-01-07T09:31:22Z,2015-01-07T09:31:22Z,,https://www.benzinga.com/node/5125879,
5126192,MU,"US Stock Futures Surge Ahead Of ADP Report, Fed Minutes",,Benzinga,2015-01-07T12:06:48Z,2015-01-07T12:06:48Z,,https://www.benzinga.com/node/5126192,
5126364,MU,Stifel Expects One Quarter Production Lull for Micron Technology,,Benzinga,2015-01-07T13:04:32Z,2015-01-07T13:04:32Z,,https://www.benzinga.com/node/5126364,
5126569,MU,Benzinga's Top #PreMarket Losers,,Benzinga,2015-01-07T13:19:32Z,2015-01-07T13:19:32Z,,https://www.benzinga.com/node/5126569,
5126975,MU,Wednesday Morning Movers,,Benzinga,2015-01-07T14:17:46Z,2015-01-07T14:17:46Z,,https://www.benzinga.com/node/5126975,
5127151,MU,Morning Market Losers,,Benzinga,2015-01-07T14:50:32Z,2015-01-07T14:50:32Z,,https://www.benzinga.com/node/5127151,
5127158,MU,"Silicon Motion Shares Higher on Report of SSD Controller Orders from Intel, SanDisk and Micron",,Benzinga,2015-01-07T14:56:16Z,2015-01-07T14:56:16Z,,https://www.benzinga.com/node/5127158,
5125149,MSFT,Quantum Strategies CIO: Yahoo-Twitter Combination Is 'Somewhat Possible',,Benzinga,2015-01-06T22:42:51Z,2015-01-07T15:20:03Z,,https://www.benzinga.com/node/5125149,
5127475,MRVL,J.P. Morgan Sees 'Neutral Impact' On Hewlett-Packard And Corning On Day 2 Of CES 2015 Developments,,Benzinga,2015-01-07T16:14:25Z,2015-01-07T16:14:25Z,,https://www.benzinga.com/node/5127475,
5128025,MU,Mid-Day Market Update: J. C. Penney Jumps On Strong Holiday Sales; Micron Shares Decline,,Benzinga,2015-01-07T18:11:49Z,2015-01-07T18:12:13Z,,https://www.benzinga.com/node/5128025,
5124521,MSFT,PlayStation Now's $20 Monthly Fee Could Be A 'Bargain',,Benzinga,2015-01-07T19:14:21Z,2015-01-07T19:14:21Z,,https://www.benzinga.com/node/5124521,
5128396,MU,Mid-Afternoon Market Update: Dow Jumps Over 200 Points After Fed Minutes; RPM Shares Drop On Downbeat Results,,Benzinga,2015-01-07T20:17:45Z,2015-01-07T20:17:45Z,,https://www.benzinga.com/node/5128396,
5128249,MU,Analysts Trim Views On Micron Technology Inc.,,Benzinga,2015-01-07T20:37:23Z,2015-01-07T20:37:23Z,,https://www.benzinga.com/node/5128249,
5128663,MRVL,Marvell Technology Shares Spike Higher After-Hours,,Benzinga,2015-01-07T21:08:04Z,2015-01-07T21:08:04Z,,https://www.benzinga.com/node/5128663,
5128759,MYGN,"Barclays Initiates Coverage On Life Science Tools & Diagnostics, Names Thermo Fisher As 'Top Pick'",,Benzinga,2015-01-07T21:41:38Z,2015-01-07T21:41:38Z,,https://www.benzinga.com/node/5128759,
5127819,NEON,Neonode Signs Technology Development Agreement With Additional Global Tier One Printer OEM,,Benzinga,2015-01-07T17:00:17Z,2015-01-07T17:00:17Z,,https://www.benzinga.com/node/5127819,
5127862,NFLX,Netflix To Air Second Season Of Marco Polo,,Benzinga,2015-01-07T17:06:04Z,2015-01-07T17:06:04Z,,https://www.benzinga.com/node/5127862,
5127919,NFLX,From TV Critics Event: Netflix Says No Plans To Shift To News & Sports,,Benzinga,2015-01-07T17:22:51Z,2015-01-07T17:22:51Z,,https://www.benzinga.com/node/5127919,
5125946,NTIC,"Earnings Scheduled For January 7, 2015",,Benzinga,2015-01-07T10:12:24Z,2015-01-07T10:12:24Z,,https://www.benzinga.com/node/5125946,
5126392,NTIC,"Northern Technologies Int Reports Q1 EPS of $0.22, Down 39% YOY; Revenue of $7.21M vs $7.44M Est",,Benzinga,2015-01-07T13:00:48Z,2015-01-07T13:00:49Z,,https://www.benzinga.com/node/5126392,
5127289,NTIC,Stocks Hitting 52-Week Highs,,Benzinga,2015-01-07T15:10:05Z,2015-01-07T15:10:05Z,,https://www.benzinga.com/node/5127289,
5128553,NTES,Analyst: China Internet Investors To See FY15 Gains,,Benzinga,2015-01-07T21:38:23Z,2015-01-07T21:38:23Z,,https://www.benzinga.com/node/5128553,
5125982,NXPI,NXP Semiconductors Expands Investment in Cohda Wireless,,Benzinga,2015-01-07T10:50:11Z,2015-01-07T10:50:11Z,,https://www.benzinga.com/node/5125982,
5126483,OSIS,OSI Announces $5M Order,,Benzinga,2015-01-07T13:05:14Z,2015-01-07T13:05:14Z,,https://www.benzinga.com/node/5126483,
5125545,PEP,"36 Capital Considering Pepsico, Campbell Soup as Potential Takeover Targets, According to Sources -Wall Street Journal",,Benzinga,2015-01-07T03:36:56Z,2015-01-07T03:36:56Z,,https://www.benzinga.com/node/5125545,
5125552,PEP,"3G Capital May be Targeting Deals for Pepsi, Campbell Soup -Wall Street Journal",,Benzinga,2015-01-07T03:48:43Z,2015-01-07T03:48:43Z,,https://www.benzinga.com/node/5125552,
5126487,PEP,Pepsico Shares Rise 2% Premarket Following WSJ Report of Potential Takeover Interest from Brazil's 3G,,Benzinga,2015-01-07T13:05:29Z,2015-01-07T13:05:30Z,,https://www.benzinga.com/node/5126487,
5127718,PEP,Sanford Bernstein Analyst on 3G-PepsiCo Rumor: 'This Is Not New Thinking About 3G's Strategy',,Benzinga,2015-01-07T16:35:28Z,2015-01-07T16:35:28Z,,https://www.benzinga.com/node/5127718,
5127780,PEP,"Argus Research Analyst: 3G Capital Could Do A Lot With PepsiCo, Campbell",,Benzinga,2015-01-07T16:54:49Z,2015-01-07T16:54:49Z,,https://www.benzinga.com/node/5127780,
5128222,PEP,Pepsico Spokesperson Declines Comment on Takeover Speculation Involving 3G,,Benzinga,2015-01-07T19:07:51Z,2015-01-07T19:07:51Z,,https://www.benzinga.com/node/5128222,
5128138,PEP,Tigress Financial Partners On 3G Capital-PepsiCo Rumor: Growth Areas Are Not In Carbonated Beverages,,Benzinga,2015-01-07T19:34:02Z,2015-01-07T19:34:02Z,,https://www.benzinga.com/node/5128138,
5128638,PDFS,"PDF Solutions Reports Signing of Two Contracts, Offers Related Effects on Expected Sales: Expecting Orders to Add Sales ~$6M in Q1",,Benzinga,2015-01-07T21:05:34Z,2015-01-07T21:05:34Z,,https://www.benzinga.com/node/5128638,
5128282,PLCE,"Option Alert: Children's Place Jan $57.5 Call; 2,000 Contract Trade at Ask @$57.62",,Benzinga,2015-01-07T19:24:49Z,2015-01-07T19:25:44Z,,https://www.benzinga.com/node/5128282,
5128709,PODD,"Insulet Lowers Q4 Sales Guidance from $76.0M-81.0M to $71.0M-73.0M vs $79.50M Est, Cites Delay in Shipments",,Benzinga,2015-01-07T21:16:50Z,2015-01-07T21:16:51Z,,https://www.benzinga.com/node/5128709,
5128711,PODD,Insulet Lowers FY2014 Sales Guidance from $292.0M-297.0M to $287.0M-289.0M vs $296.0M Est,,Benzinga,2015-01-07T21:17:13Z,2015-01-07T21:17:13Z,,https://www.benzinga.com/node/5128711,
5128966,PODD,After-Hours Movers,,Benzinga,2015-01-07T22:49:22Z,2015-01-07T22:49:22Z,,https://www.benzinga.com/node/5128966,
5128661,RARE,Ultragenyx Reports License of IP Related to Treatment for Huntingon's Disease Using Triheptanoin,,Benzinga,2015-01-07T21:07:49Z,2015-01-07T21:07:49Z,,https://www.benzinga.com/node/5128661,
5128966,RARE,After-Hours Movers,,Benzinga,2015-01-07T22:49:22Z,2015-01-07T22:49:22Z,,https://www.benzinga.com/node/5128966,
5125892,RGCO,Top 4 Small-Cap Stocks In The Gas Utilities Industry With The Highest ROI,,Benzinga,2015-01-07T09:50:33Z,2015-01-07T09:50:33Z,,https://www.benzinga.com/node/5125892,
5125907,RJET,Top 4 Small-Cap Stocks In The Regional Airlines Industry With The Highest Gross Margin,,Benzinga,2015-01-07T10:05:11Z,2015-01-07T10:05:11Z,,https://www.benzinga.com/node/5125907,
5125946,RELL,"Earnings Scheduled For January 7, 2015",,Benzinga,2015-01-07T10:12:24Z,2015-01-07T10:12:24Z,,https://www.benzinga.com/node/5125946,
5129053,RELL,Richardson Electronics Reports Q2 EPS of $(0.08) vs $(0.01) Est; Revenue of $33.80M vs $35.10M Est,,Benzinga,2015-01-07T23:11:15Z,2015-01-07T23:11:15Z,,https://www.benzinga.com/node/5129053,
5129054,RELL,Richardson Electronics Sees Q3 Sales $34.0M-36.0M vs $35.80M Est,,Benzinga,2015-01-07T23:11:39Z,2015-01-07T23:11:39Z,,https://www.benzinga.com/node/5129054,
5126743,RMTI,"UPDATE: Oppenheimer Initiates Coverage on Rockwell Medical with Outperform Rating, $24 PT on Significant Expected Upside",,Benzinga,2015-01-07T13:56:23Z,2015-01-07T13:56:24Z,,https://www.benzinga.com/node/5126743,
5126858,RMTI,Oppenheimer Initiates Rockwell Medical With Outperform,,Benzinga,2015-01-07T14:04:36Z,2015-01-07T14:04:36Z,,https://www.benzinga.com/node/5126858,
5126979,RMTI,Benzinga's Top Initiations,,Benzinga,2015-01-07T14:20:36Z,2015-01-07T14:20:36Z,,https://www.benzinga.com/node/5126979,
5128066,SABR,From 8-K: Court Issues Summary Judgement Statement; Eliminates Claims Related To Majority Of Alleged Damages; Has Not Yet Published Full Opinion,,Benzinga,2015-01-07T18:12:15Z,2015-01-07T18:12:15Z,,https://www.benzinga.com/node/5128066,
5127102,SBCF,Raymond James Downgrades Seacoast Banking to Underperform,,Benzinga,2015-01-07T14:35:02Z,2015-01-07T14:35:03Z,,https://www.benzinga.com/node/5127102,
5126978,SFM,Grocers To Watch Following SUPERVALU's Earnings Beat,,Benzinga,2015-01-07T14:42:27Z,2015-01-07T14:42:44Z,,https://www.benzinga.com/node/5126978,
5122016,SBUX,Janney Names Chain Restaurants to Watch in 2015,,Benzinga,2015-01-07T21:11:56Z,2015-01-07T21:11:56Z,,https://www.benzinga.com/node/5122016,
5125907,SKYW,Top 4 Small-Cap Stocks In The Regional Airlines Industry With The Highest Gross Margin,,Benzinga,2015-01-07T10:05:11Z,2015-01-07T10:05:11Z,,https://www.benzinga.com/node/5125907,
5126136,SIRI,"SiriusXM Announces Exceeds FY14 Sub, Financial Targets",,Benzinga,2015-01-07T12:00:40Z,2015-01-07T12:00:40Z,,https://www.benzinga.com/node/5126136,
5126149,SIRI,"UPDATE: SiriusXM Announces Exceeds FY14 Sub, Financial Targets",,Benzinga,2015-01-07T12:00:59Z,2015-01-07T12:00:59Z,,https://www.benzinga.com/node/5126149,
5126150,SIRI,Sirius XM Holdings Sees FY2015 Sales $4.40B vs $4.49B Est,,Benzinga,2015-01-07T12:01:03Z,2015-01-07T12:01:04Z,,https://www.benzinga.com/node/5126150,
5126175,SIRI,UPDATE: Sirius XM Expecting FY15 Net Subscriber Additions ~1.2M,,Benzinga,2015-01-07T12:02:23Z,2015-01-07T12:02:23Z,,https://www.benzinga.com/node/5126175,
5126584,SIRI,Why Shares Of Sirius XM Are Trading Higher Wednesday Morning,,Benzinga,2015-01-07T13:24:25Z,2015-01-07T13:30:23Z,,https://www.benzinga.com/node/5126584,
5127158,SIMO,"Silicon Motion Shares Higher on Report of SSD Controller Orders from Intel, SanDisk and Micron",,Benzinga,2015-01-07T14:56:16Z,2015-01-07T14:56:16Z,,https://www.benzinga.com/node/5127158,
5127695,SIRI,From Citi Conference: Sirius Says Howard Stern Pact Ends This Year; Will Keep Him On If He Wants To Keep Show,,Benzinga,2015-01-07T16:21:41Z,2015-01-07T16:21:41Z,,https://www.benzinga.com/node/5127695,
5127750,SIRI,Sirius Says 'Seeing Healthy Expansion Of Margins Ahead; 40% Margins Are Achievable',,Benzinga,2015-01-07T16:35:08Z,2015-01-07T16:35:08Z,,https://www.benzinga.com/node/5127750,
5127946,SIGA,Delaware Court Orders Siga Technologies to Pay 113.1M to Pharmathene for Damages in Contract Dispute -Reuters,,Benzinga,2015-01-07T17:32:28Z,2015-01-07T17:32:28Z,,https://www.benzinga.com/node/5127946,
5128947,SIGA,"SIGA Tech Reports Delaware Court of Chancery Issues Letter Opinion Related to Litigation by PharmAthene: Court Directed PharmAthene to Submit Revised Form of Judgement, Final Judgement Will Be ~$190M",,Benzinga,2015-01-07T22:31:24Z,2015-01-07T22:31:24Z,,https://www.benzinga.com/node/5128947,
5127158,SNDK,"Silicon Motion Shares Higher on Report of SSD Controller Orders from Intel, SanDisk and Micron",,Benzinga,2015-01-07T14:56:16Z,2015-01-07T14:56:16Z,,https://www.benzinga.com/node/5127158,
5128553,SOHU,Analyst: China Internet Investors To See FY15 Gains,,Benzinga,2015-01-07T21:38:23Z,2015-01-07T21:38:23Z,,https://www.benzinga.com/node/5128553,
5126246,STLD,Morgan Stanley Adds Steel Dynamics to 'Best Ideas' List,,Benzinga,2015-01-07T12:20:42Z,2015-01-07T12:20:42Z,,https://www.benzinga.com/node/5126246,
5126309,SUNE,"SunEdison, TerraForm Power Announce TerraForm Has Purchased 21 US DG Solar Power Plants (Comprising 26MW) from SunEdison for ~$47M",,Benzinga,2015-01-07T12:32:34Z,2015-01-07T12:32:34Z,,https://www.benzinga.com/node/5126309,
5127475,STX,J.P. Morgan Sees 'Neutral Impact' On Hewlett-Packard And Corning On Day 2 Of CES 2015 Developments,,Benzinga,2015-01-07T16:14:25Z,2015-01-07T16:14:25Z,,https://www.benzinga.com/node/5127475,
5125431,TLT,Mike Khouw Sees Unusual Options Activity In iShares Barclays 20+ Yr Treas.Bond (ETF),,Benzinga,2015-01-07T02:27:49Z,2015-01-07T02:27:49Z,,https://www.benzinga.com/node/5125431,
5126358,TRMB,"Baird Downgrades Trimble Navigation to Neutral, Lowers PT to $29.00",,Benzinga,2015-01-07T12:50:39Z,2015-01-07T12:50:43Z,,https://www.benzinga.com/node/5126358,
5126716,TMUS,"T-Mobile US Reports +8.3M Net Customers for FY 2014, +89% vs Prior Year",,Benzinga,2015-01-07T13:45:42Z,2015-01-07T13:45:42Z,,https://www.benzinga.com/node/5126716,
5128553,TOUR,Analyst: China Internet Investors To See FY15 Gains,,Benzinga,2015-01-07T21:38:23Z,2015-01-07T21:38:23Z,,https://www.benzinga.com/node/5128553,
5125470,TTWO,Cramer Gives His Opinion On Goodyear Tire & Rubber Co And Glu Mobile Inc.,,Benzinga,2015-01-07T02:25:27Z,2015-01-07T02:25:27Z,,https://www.benzinga.com/node/5125470,
5128003,VNET,"Option Alert: 21ViaNet Jun $14 Put; 4,884 Contract Trade at Bid @$1.55; Currently $16.22",,Benzinga,2015-01-07T17:48:00Z,2015-01-07T17:48:22Z,,https://www.benzinga.com/node/5128003,
5128552,VNET,Notable Option Activity For January 7,,Benzinga,2015-01-07T20:57:17Z,2015-01-07T20:57:17Z,,https://www.benzinga.com/node/5128552,
5125946,WDFC,"Earnings Scheduled For January 7, 2015",,Benzinga,2015-01-07T10:12:24Z,2015-01-07T10:12:24Z,,https://www.benzinga.com/node/5125946,
5126188,WLDN,"Willdan Group Announces Mike Bieber Named Senior VP, Corporate Development",,Benzinga,2015-01-07T12:04:38Z,2015-01-07T12:04:38Z,,https://www.benzinga.com/node/5126188,
5122145,WMT,Three Sectors That Could Survive A Correction,,Benzinga,2015-01-07T13:11:23Z,2015-01-07T13:11:23Z,,https://www.benzinga.com/node/5122145,
5127537,WMT,"Jefferies: Wal-Mart Saw Good Holiday Sales, Lower Gas Prices To Help Sales",,Benzinga,2015-01-07T16:19:22Z,2015-01-07T16:19:22Z,,https://www.benzinga.com/node/5127537,
5128375,WDFC,"Notable Earnings After The Close: GEF, WDFC, RECN, CVGW",,Benzinga,2015-01-07T19:54:08Z,2015-01-07T19:54:08Z,,https://www.benzinga.com/node/5128375,
5128428,WMT,#Premarket Prep Technical Update - Wal-Mart Makes New All Time High,,Benzinga,2015-01-07T20:12:21Z,2015-01-07T20:12:21Z,,https://www.benzinga.com/node/5128428,
5128628,WDFC,WD-40 Reports Q1 EPS of $0.73 vs $0.80 Est; Revenue of $96.40M vs $99.52M Est,,Benzinga,2015-01-07T21:05:19Z,2015-01-07T21:05:20Z,,https://www.benzinga.com/node/5128628,
5128659,WDFC,WD-40 Reaffirms FY2015 Guidance: EPS $3.07-3.16 vs $3.11 Est; Sees Sales $398.0M-413.0M vs $399.90M Est,,Benzinga,2015-01-07T21:07:14Z,2015-01-07T21:07:14Z,,https://www.benzinga.com/node/5128659,
5128824,WDFC,WD-40 Company Misses Q1 Expectations,,Benzinga,2015-01-07T22:08:41Z,2015-01-07T22:08:41Z,,https://www.benzinga.com/node/5128824,
5128966,WDFC,After-Hours Movers,,Benzinga,2015-01-07T22:49:22Z,2015-01-07T22:49:22Z,,https://www.benzinga.com/node/5128966,
5128750,XNCR,S-3 Filing from Xencor Shows $150M Mixed Securities Shelf Offering,,Benzinga,2015-01-07T21:32:21Z,2015-01-07T21:32:21Z,,https://www.benzinga.com/node/5128750,
5128846,XEL,"8-K from Xcel Energy Shows Reaffirmed FY14, FY15 EPS Outlook",,Benzinga,2015-01-07T22:01:27Z,2015-01-07T22:01:27Z,,https://www.benzinga.com/node/5128846,
5127402,ZION,Analyst: 'Fear At High Point' For Texas Banks,,Benzinga,2015-01-07T16:06:59Z,2015-01-07T16:51:28Z,,https://www.benzinga.com/node/5127402,
5128570,ZUMZ,Zumiez Reports Dec. Comps Growth 8%; Raises Q4 Outlook,,Benzinga,2015-01-07T21:00:42Z,2015-01-07T21:00:42Z,,https://www.benzinga.com/node/5128570,
5128613,ZUMZ,UPDATE: Zumiez Raises Q4 EPS Guidance from $0.71-0.74 to $0.77-0.79 vs $0.73 Est; Raises Q4 Sales Guidance from $249.0M-251.0M to $255.0M-256.0M vs $252.84M Est,,Benzinga,2015-01-07T21:03:20Z,2015-01-07T21:03:20Z,,https://www.benzinga.com/node/5128613,
5128879,ZUMZ,Zumiez Inc. Boosts Q4 Outlook On Strong Holiday Sales,,Benzinga,2015-01-07T22:20:47Z,2015-01-07T22:20:48Z,,https://www.benzinga.com/node/5128879,
5128961,ADSK,Oppenheimer Gives 3D Printing Observations From CES 2015,,Benzinga,2015-01-08T11:44:14Z,2015-01-08T11:44:14Z,,https://www.benzinga.com/node/5128961,
5126092,AAPL,Beats Causes More Legal Trouble For Apple,,Benzinga,2015-01-08T12:23:14Z,2015-01-08T12:24:48Z,,https://www.benzinga.com/node/5126092,
5131318,AAPL,UPDATE: Apple App Store Revenue Rose 50% In 2014; Generated $10B For Developers In 2014,,Benzinga,2015-01-08T16:04:47Z,2015-01-08T16:04:47Z,,https://www.benzinga.com/node/5131318,
5128522,AAPL,Brian White: Apple Watch Can Be The Biggest Product In Apple's History In The First Year,,Benzinga,2015-01-08T13:41:53Z,2015-01-08T16:06:35Z,,https://www.benzinga.com/node/5128522,
5131306,AAPL,Apple: App Store Rings In 2015 With New Records,,Benzinga,2015-01-08T16:01:39Z,2015-01-08T16:10:59Z,,https://www.benzinga.com/node/5131306,
5131696,AAPL,Carl Icahn @Carl_C_Icahn Tweet:  I'll be on @CNBCFastMoney today at 5:30pm ET for their 8th anniversary show,,Benzinga,2015-01-08T17:33:30Z,2015-01-08T17:33:30Z,,https://www.benzinga.com/node/5131696,
5131621,AAPL,Here's How Apple's App Store Blew Google Play Out Of The Water In 2014,,Benzinga,2015-01-08T19:20:33Z,2015-01-08T19:21:27Z,,https://www.benzinga.com/node/5131621,
5132216,AAPL,re/code: Apple Hires Former HPQ Exec,,Benzinga,2015-01-08T20:20:09Z,2015-01-08T20:20:09Z,,https://www.benzinga.com/node/5132216,
5132680,AAPL,Report: Apple Inc. Makes Key Hire In Corporate Sales Push,,Benzinga,2015-01-08T21:43:15Z,2015-01-08T21:43:41Z,,https://www.benzinga.com/node/5132680,
5132896,AAPL,Carl Icahn Speaking on CNBC,,Benzinga,2015-01-08T22:35:06Z,2015-01-08T22:35:06Z,,https://www.benzinga.com/node/5132896,
5132911,AAPL,Carl Icahn Says 'Apple is my favorite stock' Still a No-Brainer,,Benzinga,2015-01-08T22:41:03Z,2015-01-08T22:41:03Z,,https://www.benzinga.com/node/5132911,
5130902,AEP,American Electric Power Company Says During Course Investor Meetings to Reaffirm Prior Guidance of Operating EPS of $3.40-$3.50/Share for FY 2014;  $3.40-$3.60/Share for FY 2015 -8-K,,Benzinga,2015-01-08T14:48:32Z,2015-01-08T14:48:32Z,,https://www.benzinga.com/node/5130902,
5132478,AEHR,Aehr Test Systems Reports Q2 EPS of $(0.16); Revenue of $2.60M,,Benzinga,2015-01-08T21:03:41Z,2015-01-08T21:03:41Z,,https://www.benzinga.com/node/5132478,
5129695,ANGO,"Earnings Scheduled For January 8, 2015",,Benzinga,2015-01-08T10:13:45Z,2015-01-08T10:13:45Z,,https://www.benzinga.com/node/5129695,
5129706,ANDE,"BMO Capital Downgrades Andersons to Market Perform, Lowers PT to $56.00",,Benzinga,2015-01-08T10:25:20Z,2015-01-08T10:25:21Z,,https://www.benzinga.com/node/5129706,
5128381,AMZN,Why Is Amazon Still Unable To Post Big Profits?,,Benzinga,2015-01-08T12:52:47Z,2015-01-08T12:52:47Z,,https://www.benzinga.com/node/5128381,
5126102,AMZN,Here's Why Commercial Real Estate Is Still Struggling,,Benzinga,2015-01-08T13:03:12Z,2015-01-08T13:03:13Z,,https://www.benzinga.com/node/5126102,
5130313,ALNY,Alnylam Increases Guidance To End 2014 With ~880M In Cash,,Benzinga,2015-01-08T13:05:10Z,2015-01-08T13:05:10Z,,https://www.benzinga.com/node/5130313,
5130188,AMZN,"Stifel Turns Bearish On Google, Downgrades To Hold",,Benzinga,2015-01-08T13:17:55Z,2015-01-08T13:17:55Z,,https://www.benzinga.com/node/5130188,
5130153,AMZN,"What's News Today: Thursday, January 8",,Benzinga,2015-01-08T14:00:19Z,2015-01-08T14:04:19Z,,https://www.benzinga.com/node/5130153,
5131120,AMAT,"Option Alert: Applied Materials Jan $25 Call; 2,305 Contract Trade at Ask @$0.24; Currently $24.27",,Benzinga,2015-01-08T15:18:08Z,2015-01-08T15:18:51Z,,https://www.benzinga.com/node/5131120,
5131106,AMZN,"'New Era:' Stifel Downgrades Google Inc., Priceline Group Inc.",,Benzinga,2015-01-08T15:38:56Z,2015-01-08T15:39:12Z,,https://www.benzinga.com/node/5131106,
5131283,ALNY,"Deutsche Bank Reiterates Buy on Alnylam Pharmaceuticals, Raises PT to $155.00",,Benzinga,2015-01-08T15:59:28Z,2015-01-08T15:59:29Z,,https://www.benzinga.com/node/5131283,
5131562,AMZN,Analyst: Internet Sector Values 'Not Compelling',,Benzinga,2015-01-08T17:29:57Z,2015-01-08T17:29:57Z,,https://www.benzinga.com/node/5131562,
5132473,ANGO,AngioDynamics Reports Q2 EPS of $0.17; Revenue of $92.10M,,Benzinga,2015-01-08T21:03:03Z,2015-01-08T21:03:03Z,,https://www.benzinga.com/node/5132473,
5129665,APC,Citigroup Downgrades Anadarko Petroleum to Neutral,,Benzinga,2015-01-08T10:08:39Z,2015-01-08T10:08:39Z,,https://www.benzinga.com/node/5129665,
5130092,BIIB,"Biogen Reports anti-LINGO Treatment Shows Evidence of Primary Endpoint Improvement, No Effect on Secondary Endpoint",,Benzinga,2015-01-08T12:31:01Z,2015-01-08T12:31:01Z,,https://www.benzinga.com/node/5130092,
5131700,BIIB,These Stocks Are Trending On Social Media This Thursday,,Benzinga,2015-01-08T17:37:15Z,2015-01-08T17:42:33Z,,https://www.benzinga.com/node/5131700,
5129658,CAKE,Top 4 NASDAQ Stocks In The Restaurants Industry With The Highest Gross Margin,,Benzinga,2015-01-08T10:05:36Z,2015-01-08T10:05:36Z,,https://www.benzinga.com/node/5129658,
5129988,CAPN,Capnia Announces Application For Orphan Designation For Trigeminal Neuralgia Treatment in US,,Benzinga,2015-01-08T12:07:53Z,2015-01-08T12:07:53Z,,https://www.benzinga.com/node/5129988,
5130931,BWEN,Morning Market Losers,,Benzinga,2015-01-08T14:54:33Z,2015-01-08T14:54:33Z,,https://www.benzinga.com/node/5130931,
5131138,BWEN,Stocks Hitting 52-Week Lows,,Benzinga,2015-01-08T15:27:20Z,2015-01-08T15:27:20Z,,https://www.benzinga.com/node/5131138,
5129710,CHDN,"Wells Fargo Adds Churchill Downs to Priority Stock List, Names Stock Among its Top Gaming Ideas for 2015",,Benzinga,2015-01-08T10:28:41Z,2015-01-08T10:28:42Z,,https://www.benzinga.com/node/5129710,
5129725,COST,Costco Wholesale US Comparable Sales Surge 5% In December,,Benzinga,2015-01-08T10:34:41Z,2015-01-08T10:34:41Z,,https://www.benzinga.com/node/5129725,
5129729,COST,"Costco December Net Sales $12.12B, +5%",,Benzinga,2015-01-08T10:38:11Z,2015-01-08T10:38:11Z,,https://www.benzinga.com/node/5129729,
5129730,COST,Costco December SSS +3%,,Benzinga,2015-01-08T10:39:01Z,2015-01-08T10:39:01Z,,https://www.benzinga.com/node/5129730,
5129937,COST,US Stock Futures Jump Ahead Of Jobless Claims,,Benzinga,2015-01-08T12:00:35Z,2015-01-08T12:00:35Z,,https://www.benzinga.com/node/5129937,
5126098,COST,Chinese Tech Companies Look To The US For Demand,,Benzinga,2015-01-08T12:46:20Z,2015-01-08T12:52:39Z,,https://www.benzinga.com/node/5126098,
5130503,COST,Costco Reports December Sales Up 5%,,Benzinga,2015-01-08T13:46:14Z,2015-01-08T13:46:14Z,,https://www.benzinga.com/node/5130503,
5131700,COST,These Stocks Are Trending On Social Media This Thursday,,Benzinga,2015-01-08T17:37:15Z,2015-01-08T17:42:33Z,,https://www.benzinga.com/node/5131700,
5132336,COST,"Jefferies Is Bullish On Retail In 2015, Sees The Fed As A Risk",,Benzinga,2015-01-08T20:44:29Z,2015-01-08T20:44:29Z,,https://www.benzinga.com/node/5132336,
5129280,CSX,"Cramer Comments On Micron Technology, Inc., Sirius XM Holdings Inc. And CSX Corporation",,Benzinga,2015-01-08T02:29:27Z,2015-01-08T02:29:27Z,,https://www.benzinga.com/node/5129280,
5129728,CSCO,"Cisco, Proximus Renew Strategic Partnership to Co-Develop Business Models",,Benzinga,2015-01-08T10:36:41Z,2015-01-08T10:36:41Z,,https://www.benzinga.com/node/5129728,
5132213,CTSH,"Option Alert: Cognizant Technology Jan $60 Call; 1,000 Contract Trade at Ask @$0.15; Currently $53.80",,Benzinga,2015-01-08T20:18:20Z,2015-01-08T20:19:52Z,,https://www.benzinga.com/node/5132213,
5129641,DERM,Dermira and UCB Announce First Patients Dosed in Phase 3 Program for CIMZIA in Psoriasis,,Benzinga,2015-01-08T09:56:31Z,2015-01-08T09:56:31Z,,https://www.benzinga.com/node/5129641,
5129211,DPZ,Fast Money Picks For January 8,,Benzinga,2015-01-08T11:06:36Z,2015-01-08T11:06:36Z,,https://www.benzinga.com/node/5129211,
5129937,DERM,US Stock Futures Jump Ahead Of Jobless Claims,,Benzinga,2015-01-08T12:00:35Z,2015-01-08T12:00:35Z,,https://www.benzinga.com/node/5129937,
5130529,DSWL,CORRECTION: Deswell Industries Reports Q2 Loss of $0.11/Share; Revenue of $10.20M,,Benzinga,2015-01-08T13:41:59Z,2015-01-08T13:41:59Z,,https://www.benzinga.com/node/5130529,
5130475,DSWL,Deswell Industries Reports Q2 EPS of $0.11; Revenue of $10.20M,,Benzinga,2015-01-08T13:31:55Z,2015-01-08T13:42:18Z,,https://www.benzinga.com/node/5130475,
5131925,DPZ,Analyst Sees More Slow Growth For Fast Food,,Benzinga,2015-01-08T19:53:18Z,2015-01-08T19:53:18Z,,https://www.benzinga.com/node/5131925,
5131562,EBAY,Analyst: Internet Sector Values 'Not Compelling',,Benzinga,2015-01-08T17:29:57Z,2015-01-08T17:29:57Z,,https://www.benzinga.com/node/5131562,
5132827,EBAY,"Watch Shares of Herbalife, eBay, Other Carl Icahn Investments as Activist Expected to Appear on CNBC's Fast Money Around 5:30 p.m. EST",,Benzinga,2015-01-08T22:18:41Z,2015-01-08T22:18:41Z,,https://www.benzinga.com/node/5132827,
5131138,ELTK,Stocks Hitting 52-Week Lows,,Benzinga,2015-01-08T15:27:20Z,2015-01-08T15:27:20Z,,https://www.benzinga.com/node/5131138,
5131106,EXPE,"'New Era:' Stifel Downgrades Google Inc., Priceline Group Inc.",,Benzinga,2015-01-08T15:38:56Z,2015-01-08T15:39:12Z,,https://www.benzinga.com/node/5131106,
5131174,EXEL,"Option Alert: Exelixis Jan $2 Call; 1,089 Contract Trade at Ask @$0.10; Currently $1.89",,Benzinga,2015-01-08T15:35:20Z,2015-01-08T15:49:33Z,,https://www.benzinga.com/node/5131174,
5132336,FIVE,"Jefferies Is Bullish On Retail In 2015, Sees The Fed As A Risk",,Benzinga,2015-01-08T20:44:29Z,2015-01-08T20:44:29Z,,https://www.benzinga.com/node/5132336,
5132483,FIVE,Five Below Names Michael Romanko EVP of Merchandising,,Benzinga,2015-01-08T21:04:45Z,2015-01-08T21:04:45Z,,https://www.benzinga.com/node/5132483,
5132621,FIVE,UPDATE: Five Below Narrows Q4 Sales Guidance from $262.0M-266.0M to $262.0M-263.0M vs $266.0M Est,,Benzinga,2015-01-08T21:23:36Z,2015-01-08T21:23:37Z,,https://www.benzinga.com/node/5132621,
5132777,FIVE,Five Below Falls 14% On Disappointing Holiday Sales,,Benzinga,2015-01-08T22:02:46Z,2015-01-08T22:02:46Z,,https://www.benzinga.com/node/5132777,
5132797,FIVE,After Hours Movers,,Benzinga,2015-01-08T22:21:26Z,2015-01-08T22:21:26Z,,https://www.benzinga.com/node/5132797,
5130106,FOLD,Amicus Therapeutics Reports 'Additional Positive Data on an Important Cardiac Endpoint',,Benzinga,2015-01-08T12:33:01Z,2015-01-08T12:33:01Z,,https://www.benzinga.com/node/5130106,
5130120,FOLD,Amicus Therapeutics Shares Rise 7% Premarket Following Report of Additional Positive Data on Important Cardiac Endpoint,,Benzinga,2015-01-08T12:36:44Z,2015-01-08T12:36:44Z,,https://www.benzinga.com/node/5130120,
5130391,FOLD,Benzinga's Top #PreMarket Gainers,,Benzinga,2015-01-08T13:12:03Z,2015-01-08T13:12:03Z,,https://www.benzinga.com/node/5130391,
5130547,FOLD,Thursday Morning Movers,,Benzinga,2015-01-08T14:00:29Z,2015-01-08T14:00:29Z,,https://www.benzinga.com/node/5130547,
5130899,FOLD,Morning Market Gainers,,Benzinga,2015-01-08T14:45:31Z,2015-01-08T14:45:31Z,,https://www.benzinga.com/node/5130899,
5131506,FMNB,"Worst Performing Industries For January 8, 2015",,Benzinga,2015-01-08T16:33:44Z,2015-01-08T16:33:44Z,,https://www.benzinga.com/node/5131506,
5130343,GASS,Stealthgas Announces It Has Purchased 1.08M Shares of Buyback Program,,Benzinga,2015-01-08T13:09:03Z,2015-01-08T13:09:03Z,,https://www.benzinga.com/node/5130343,
5132056,GALT,Galectin Therapeutics Halted on Up Down Limit,,Benzinga,2015-01-08T19:15:02Z,2015-01-08T19:15:02Z,,https://www.benzinga.com/node/5132056,
5129694,GOOG,"Evercore Partners Maintains Buy on Google, Lowers PT to $675.00",,Benzinga,2015-01-08T10:11:34Z,2015-01-08T10:11:35Z,,https://www.benzinga.com/node/5129694,
5129778,GOOGL,Stifel Nicolaus Downgrades Google to Hold,,Benzinga,2015-01-08T11:03:54Z,2015-01-08T11:03:55Z,,https://www.benzinga.com/node/5129778,
5129831,GOOG,Google Capital Invests in CommonFloor.com,,Benzinga,2015-01-08T11:20:54Z,2015-01-08T11:20:54Z,,https://www.benzinga.com/node/5129831,
5129831,GOOGL,Google Capital Invests in CommonFloor.com,,Benzinga,2015-01-08T11:20:54Z,2015-01-08T11:20:54Z,,https://www.benzinga.com/node/5129831,
5129937,GOOGL,US Stock Futures Jump Ahead Of Jobless Claims,,Benzinga,2015-01-08T12:00:35Z,2015-01-08T12:00:35Z,,https://www.benzinga.com/node/5129937,
5130055,GOOGL,Stifel Nicolaus Downgrades  Google To Hold,,Benzinga,2015-01-08T12:22:38Z,2015-01-08T12:22:38Z,,https://www.benzinga.com/node/5130055,
5126102,GOOG,Here's Why Commercial Real Estate Is Still Struggling,,Benzinga,2015-01-08T13:03:12Z,2015-01-08T13:03:13Z,,https://www.benzinga.com/node/5126102,
5126102,GOOGL,Here's Why Commercial Real Estate Is Still Struggling,,Benzinga,2015-01-08T13:03:12Z,2015-01-08T13:03:13Z,,https://www.benzinga.com/node/5126102,
5130188,GOOG,"Stifel Turns Bearish On Google, Downgrades To Hold",,Benzinga,2015-01-08T13:17:55Z,2015-01-08T13:17:55Z,,https://www.benzinga.com/node/5130188,
5130188,GOOGL,"Stifel Turns Bearish On Google, Downgrades To Hold",,Benzinga,2015-01-08T13:17:55Z,2015-01-08T13:17:55Z,,https://www.benzinga.com/node/5130188,
5130749,GOOGL,Benzinga's Top Downgrades,,Benzinga,2015-01-08T14:11:12Z,2015-01-08T14:11:12Z,,https://www.benzinga.com/node/5130749,
5131106,GOOGL,"'New Era:' Stifel Downgrades Google Inc., Priceline Group Inc.",,Benzinga,2015-01-08T15:38:56Z,2015-01-08T15:39:12Z,,https://www.benzinga.com/node/5131106,
5131506,GPRO,"Worst Performing Industries For January 8, 2015",,Benzinga,2015-01-08T16:33:44Z,2015-01-08T16:33:44Z,,https://www.benzinga.com/node/5131506,
5131116,GPRO,Nick Woodman On GoPro's Holiday Season Sales And Feeling The Heat From Competitors,,Benzinga,2015-01-08T16:35:48Z,2015-01-08T16:35:48Z,,https://www.benzinga.com/node/5131116,
5131239,GOOGL,"Cramer: If Google Decides To Make A Lot Of Money Tomorrow, They Can Do It",,Benzinga,2015-01-08T16:54:46Z,2015-01-08T16:54:46Z,,https://www.benzinga.com/node/5131239,
5131845,GOOG,Marketfy Mavens Gary Anderson and Christian Tharp Comment On Google Following Stifel Rating Change,,Benzinga,2015-01-08T18:46:40Z,2015-01-08T18:46:40Z,,https://www.benzinga.com/node/5131845,
5131621,GOOGL,Here's How Apple's App Store Blew Google Play Out Of The Water In 2014,,Benzinga,2015-01-08T19:20:33Z,2015-01-08T19:21:27Z,,https://www.benzinga.com/node/5131621,
5132141,GRPN,re/code: Groupon' s Ruparell To Step Down,,Benzinga,2015-01-08T19:47:18Z,2015-01-08T19:47:18Z,,https://www.benzinga.com/node/5132141,
5132326,GILD,"Anthem, Gilead Sign Deal For Hep. C Drug",,Benzinga,2015-01-08T20:32:30Z,2015-01-08T20:32:30Z,,https://www.benzinga.com/node/5132326,
5132566,GLNG,Golar LNG Announces Will Sell Portion of Interests in Golar LNG Partners LP: to Sell 7.17M Common Units,,Benzinga,2015-01-08T21:11:34Z,2015-01-08T21:11:35Z,,https://www.benzinga.com/node/5132566,
5132572,GLNG,UPDATE: olar LNG Announces Will Sell Portion of Interests in Golar LNG Partners LP,,Benzinga,2015-01-08T21:13:56Z,2015-01-08T21:13:56Z,,https://www.benzinga.com/node/5132572,
5131521,GOOGL,S&P Capital IQ Analyst: We See Google As A 'Pretty Nice' Value Opportunity Right Here,,Benzinga,2015-01-08T21:38:46Z,2015-01-08T21:38:46Z,,https://www.benzinga.com/node/5131521,
5132800,GOOG,Mark Cuban Says 'Maybe Google's A Short',,Benzinga,2015-01-08T22:09:38Z,2015-01-08T22:09:38Z,,https://www.benzinga.com/node/5132800,
5132801,GOOG,"Mark Cuban Says People Have Less Reasons to Use Search Engines as Time Goes On, Youtube and Search Do Not Have Momentum",,Benzinga,2015-01-08T22:10:16Z,2015-01-08T22:10:16Z,,https://www.benzinga.com/node/5132801,
5132812,GOOG,"Mark Cuban Says He Uses Twitter '10x More Than He Uses Google,' Says He Thinks Google is Changing",,Benzinga,2015-01-08T22:10:37Z,2015-01-08T22:10:37Z,,https://www.benzinga.com/node/5132812,
5132898,GOOGL,Celebrity Investor Likes Twitter Inc. More than Google Inc.,,Benzinga,2015-01-08T22:40:51Z,2015-01-08T22:40:51Z,,https://www.benzinga.com/node/5132898,
5129695,HELE,"Earnings Scheduled For January 8, 2015",,Benzinga,2015-01-08T10:13:45Z,2015-01-08T10:13:45Z,,https://www.benzinga.com/node/5129695,
5130885,HALO,"UPDATE: MLV & Co Reiterates Buy Rating, Raises PT on Halozyme Therapeutics on Promising Start to 2015",,Benzinga,2015-01-08T14:36:26Z,2015-01-08T14:36:26Z,,https://www.benzinga.com/node/5130885,
5131133,GT,"Option Alert: Goodyear Tire Jan $28 Call; 1,580 Contract Trade at Ask; Currently $28.71",,Benzinga,2015-01-08T15:22:46Z,2015-01-08T15:23:09Z,,https://www.benzinga.com/node/5131133,
5131170,HALO,Benzinga's Volume Movers,,Benzinga,2015-01-08T15:33:31Z,2015-01-08T15:33:31Z,,https://www.benzinga.com/node/5131170,
5131179,HBIO,Harvard Bioscience Acquires All Operations of HEKA Electronik For $6M,,Benzinga,2015-01-08T15:37:37Z,2015-01-08T15:37:37Z,,https://www.benzinga.com/node/5131179,
5132144,HERO,Jefferies Oulook On Oil Services & Equipment,,Benzinga,2015-01-08T20:00:43Z,2015-01-08T20:00:43Z,,https://www.benzinga.com/node/5132144,
5132443,HELE,Helen of Troy Reports Q3 EPS of $2.17 vs $1.57 Est; Revenue of $435.70M vs $413.44M Est,,Benzinga,2015-01-08T21:02:09Z,2015-01-08T21:02:09Z,,https://www.benzinga.com/node/5132443,
5132797,HELE,After Hours Movers,,Benzinga,2015-01-08T22:21:26Z,2015-01-08T22:21:26Z,,https://www.benzinga.com/node/5132797,
5131019,HON,"Honeywell to Issue Q4 Results on Fri., Jan. 23",,Benzinga,2015-01-08T15:03:04Z,2015-01-08T15:03:05Z,,https://www.benzinga.com/node/5131019,
5131948,HON,Pentagon May Be Looking to Reduce US War Funding by ~20% to ~$51B,,Benzinga,2015-01-08T18:43:26Z,2015-01-08T18:43:27Z,,https://www.benzinga.com/node/5131948,
5132059,HON,Defense Stocks Spike Lower Amid News Of Pentagon Cuts,,Benzinga,2015-01-08T19:31:16Z,2015-01-08T19:31:16Z,,https://www.benzinga.com/node/5132059,
5132128,HON,Honeywell Newsroom: 'Honeywell's UOP Oleflex Technology Commissioned by China in First of 14 Plans to Help Close Global Propylene Supply and Demand Gap',,Benzinga,2015-01-08T19:41:54Z,2015-01-08T19:41:54Z,,https://www.benzinga.com/node/5132128,
5132396,HURN,Huron Consulting Group Acquires Sky Analytics; No Terms Disclosed,,Benzinga,2015-01-08T21:01:03Z,2015-01-08T21:01:03Z,,https://www.benzinga.com/node/5132396,
5131696,IEP,Carl Icahn @Carl_C_Icahn Tweet:  I'll be on @CNBCFastMoney today at 5:30pm ET for their 8th anniversary show,,Benzinga,2015-01-08T17:33:30Z,2015-01-08T17:33:30Z,,https://www.benzinga.com/node/5131696,
5129863,INCR,Keefe Bruyette &amp; Woods Initiates Coverage on INC Research Holdings at Hold,,Benzinga,2015-01-08T11:34:02Z,2015-01-08T11:34:02Z,,https://www.benzinga.com/node/5129863,
5130546,INCR,Keefe Bruyette & Woods Initiates INC Research With Hold,,Benzinga,2015-01-08T13:49:09Z,2015-01-08T13:49:09Z,,https://www.benzinga.com/node/5130546,
5130760,INCR,Benzinga's Top Initiations,,Benzinga,2015-01-08T14:16:10Z,2015-01-08T14:16:10Z,,https://www.benzinga.com/node/5130760,
5131321,INTC,Hearing DealReporter Says MobileIron Takeover Target for Intel,,Benzinga,2015-01-08T16:06:04Z,2015-01-08T16:06:04Z,,https://www.benzinga.com/node/5131321,
5131845,INTC,Marketfy Mavens Gary Anderson and Christian Tharp Comment On Google Following Stifel Rating Change,,Benzinga,2015-01-08T18:46:40Z,2015-01-08T18:46:40Z,,https://www.benzinga.com/node/5131845,
5131319,INTC,The Big Future Of Mini PCs,,Benzinga,2015-01-08T20:40:11Z,2015-01-08T20:40:11Z,,https://www.benzinga.com/node/5131319,
5129911,KOPN,Wunderlich Securities Adjusts Model for Kopin Corporation,,Benzinga,2015-01-08T12:14:22Z,2015-01-08T12:14:22Z,,https://www.benzinga.com/node/5129911,
5130472,KPTI,Karyopharm Reports Orphan Drug Designation Granted for Selinexor in Multiple Myeloma,,Benzinga,2015-01-08T13:31:19Z,2015-01-08T13:31:19Z,,https://www.benzinga.com/node/5130472,
5130491,LGND,Ligand Partner Melinta Therapeutics Reports Positive Phase 3 Results For Delafloxacin IV,,Benzinga,2015-01-08T13:34:25Z,2015-01-08T13:34:25Z,,https://www.benzinga.com/node/5130491,
5132062,LAKE,"IMF to Provide $150M Support for Liberia, Sierra Leone, Guinea, Due to Ebola Epidemic -Reuters",,Benzinga,2015-01-08T19:20:12Z,2015-01-08T19:20:13Z,,https://www.benzinga.com/node/5132062,
5130939,LULU,Jefferies Comments On Lululemon's Executive Hire,,Benzinga,2015-01-08T15:25:28Z,2015-01-08T15:25:28Z,,https://www.benzinga.com/node/5130939,
5131877,LULU,"Option Alert: Lululemon Jan $57.5 Call; 1,410 Contract Trade at Ask @$3.70; Currently $59.57",,Benzinga,2015-01-08T18:22:06Z,2015-01-08T18:23:18Z,,https://www.benzinga.com/node/5131877,
5131562,MELI,Analyst: Internet Sector Values 'Not Compelling',,Benzinga,2015-01-08T17:29:57Z,2015-01-08T17:29:57Z,,https://www.benzinga.com/node/5131562,
5129981,MNKD,MannKind Announces $50M Milestone Payment,,Benzinga,2015-01-08T12:05:19Z,2015-01-08T12:05:19Z,,https://www.benzinga.com/node/5129981,
5132157,MNOV,MediciNova Shares Rise 20% on Report of Filing for Patent for Treatment of Progressive Neurodegenerative Disease With Ibudilast,,Benzinga,2015-01-08T19:53:39Z,2015-01-08T19:53:59Z,,https://www.benzinga.com/node/5132157,
5129224,MU,CNBC's Stock Pops & Drops From January 7,,Benzinga,2015-01-08T02:05:22Z,2015-01-08T02:05:22Z,,https://www.benzinga.com/node/5129224,
5129280,MU,"Cramer Comments On Micron Technology, Inc., Sirius XM Holdings Inc. And CSX Corporation",,Benzinga,2015-01-08T02:29:27Z,2015-01-08T02:29:27Z,,https://www.benzinga.com/node/5129280,
5129643,MYGN,Myriad Obtains CE Mark for Tumor BRACAnalysis CDx; Launches Test in Europe as Companion Diagnostic for PARP Inhibitors,,Benzinga,2015-01-08T09:58:06Z,2015-01-08T09:58:06Z,,https://www.benzinga.com/node/5129643,
5131061,MRVL,"Option Alert: Marvell Technology Jan $15.5 Call; 4,498 Contract Trade Above Ask @$0.57; Currently $15.85",,Benzinga,2015-01-08T15:05:40Z,2015-01-08T15:06:15Z,,https://www.benzinga.com/node/5131061,
5132314,MSFT,Earlier Article; The Verge: 'Windows 10's new browser will have the most advanced features ever',,Benzinga,2015-01-08T20:23:25Z,2015-01-08T20:23:25Z,,https://www.benzinga.com/node/5132314,
5132598,MRCY,Mercury Systems Receives $2.3M Order,,Benzinga,2015-01-08T21:16:50Z,2015-01-08T21:16:50Z,,https://www.benzinga.com/node/5132598,
5130282,NBIX,UPDATE: AbbVie Announces Positive Top-Line Results From Phase 3 Study of Investigational Medicine Elagolix,,Benzinga,2015-01-08T13:02:03Z,2015-01-08T13:02:03Z,,https://www.benzinga.com/node/5130282,
5130391,NBIX,Benzinga's Top #PreMarket Gainers,,Benzinga,2015-01-08T13:12:03Z,2015-01-08T13:12:03Z,,https://www.benzinga.com/node/5130391,
5130547,NBIX,Thursday Morning Movers,,Benzinga,2015-01-08T14:00:29Z,2015-01-08T14:00:29Z,,https://www.benzinga.com/node/5130547,
5130899,NBIX,Morning Market Gainers,,Benzinga,2015-01-08T14:45:31Z,2015-01-08T14:45:31Z,,https://www.benzinga.com/node/5130899,
5131132,NBIX,Stocks Hitting 52-Week Highs,,Benzinga,2015-01-08T15:22:23Z,2015-01-08T15:22:23Z,,https://www.benzinga.com/node/5131132,
5131170,NBIX,Benzinga's Volume Movers,,Benzinga,2015-01-08T15:33:31Z,2015-01-08T15:33:31Z,,https://www.benzinga.com/node/5131170,
5131483,NBIX,Mid-Morning Market Update: Markets Jump; Family Dollar Profit Misses Estimates,,Benzinga,2015-01-08T16:39:27Z,2015-01-08T16:39:27Z,,https://www.benzinga.com/node/5131483,
5132211,NBIX,Shares Of Neurocrine Move Higher Following Deutsche Bank Price Target Raise to $35.00/share,,Benzinga,2015-01-08T20:16:44Z,2015-01-08T20:16:45Z,,https://www.benzinga.com/node/5132211,
5132799,NFLX,Mark Cuban on CNBC's Fast Money Says He 'Still Has His Netflix',,Benzinga,2015-01-08T22:09:26Z,2015-01-08T22:09:26Z,,https://www.benzinga.com/node/5132799,
5132898,NFLX,Celebrity Investor Likes Twitter Inc. More than Google Inc.,,Benzinga,2015-01-08T22:40:51Z,2015-01-08T22:40:51Z,,https://www.benzinga.com/node/5132898,
5130684,PAA,Plains All American Pipeline LP Raises Qtr. Distribution from $0.66 to $0.675/Unit; Plains GP Holdings Raises Qtr. Distribution from $0.19075 to $0.203/Share,,Benzinga,2015-01-08T14:06:00Z,2015-01-08T14:06:00Z,,https://www.benzinga.com/node/5130684,
5129138,PEP,Fast Money Halftime Report Final Trade From January 7,,Benzinga,2015-01-08T02:00:59Z,2015-01-08T02:00:59Z,,https://www.benzinga.com/node/5129138,
5129708,PENN,"Wells Fargo Adds Penn National Gaming to Priority Stock List, Names Stock Among its Top Gaming Ideas for 2015",,Benzinga,2015-01-08T10:27:51Z,2015-01-08T10:27:52Z,,https://www.benzinga.com/node/5129708,
5129857,PCRX,Pacira Preliminary Q4 Revenue $81.8M vs $60.44M,,Benzinga,2015-01-08T11:32:02Z,2015-01-08T11:32:02Z,,https://www.benzinga.com/node/5129857,
5130684,PAGP,Plains All American Pipeline LP Raises Qtr. Distribution from $0.66 to $0.675/Unit; Plains GP Holdings Raises Qtr. Distribution from $0.19075 to $0.203/Share,,Benzinga,2015-01-08T14:06:00Z,2015-01-08T14:06:00Z,,https://www.benzinga.com/node/5130684,
5130899,PDFS,Morning Market Gainers,,Benzinga,2015-01-08T14:45:31Z,2015-01-08T14:45:31Z,,https://www.benzinga.com/node/5130899,
5131170,PDFS,Benzinga's Volume Movers,,Benzinga,2015-01-08T15:33:31Z,2015-01-08T15:33:31Z,,https://www.benzinga.com/node/5131170,
5131483,PDFS,Mid-Morning Market Update: Markets Jump; Family Dollar Profit Misses Estimates,,Benzinga,2015-01-08T16:39:27Z,2015-01-08T16:39:27Z,,https://www.benzinga.com/node/5131483,
5129658,PLAY,Top 4 NASDAQ Stocks In The Restaurants Industry With The Highest Gross Margin,,Benzinga,2015-01-08T10:05:36Z,2015-01-08T10:05:36Z,,https://www.benzinga.com/node/5129658,
5129984,PLCE,"Children's Place Announces $100M Buyback Plan; Expecting Q4 Same-Store Sales, Adj. EPS in Upper-End of Prior View",,Benzinga,2015-01-08T12:06:23Z,2015-01-08T12:06:23Z,,https://www.benzinga.com/node/5129984,
5130407,PODD,Benzinga's Top #PreMarket Losers,,Benzinga,2015-01-08T13:22:10Z,2015-01-08T13:22:10Z,,https://www.benzinga.com/node/5130407,
5130548,PLCE,"Childrens Place Announces $100 Million Buyback Plan, Strong Q4 Guidance",,Benzinga,2015-01-08T13:55:30Z,2015-01-08T13:55:30Z,,https://www.benzinga.com/node/5130548,
5130931,PODD,Morning Market Losers,,Benzinga,2015-01-08T14:54:33Z,2015-01-08T14:54:33Z,,https://www.benzinga.com/node/5130931,
5131483,PODD,Mid-Morning Market Update: Markets Jump; Family Dollar Profit Misses Estimates,,Benzinga,2015-01-08T16:39:27Z,2015-01-08T16:39:27Z,,https://www.benzinga.com/node/5131483,
5129695,PSMT,"Earnings Scheduled For January 8, 2015",,Benzinga,2015-01-08T10:13:45Z,2015-01-08T10:13:45Z,,https://www.benzinga.com/node/5129695,
5132395,PSMT,Pricesmart Reports Q1 EPS of $0.68 vs $0.73 Est; Revenue of $656.0M vs $651.03M Est,,Benzinga,2015-01-08T21:00:51Z,2015-01-08T21:00:52Z,,https://www.benzinga.com/node/5132395,
5132870,PSMT,"PetSmart Beats Q1 Revenue Expectations, Misses EPS",,Benzinga,2015-01-08T22:36:05Z,2015-01-08T22:36:05Z,,https://www.benzinga.com/node/5132870,
5130114,RGEN,Repligen Announces $1M Milestone Payment From Pfizer,,Benzinga,2015-01-08T12:34:34Z,2015-01-08T12:34:34Z,,https://www.benzinga.com/node/5130114,
5130118,RGEN,Repligen Reports Prelim. FY2014 Sales $63.0M-63.50M vs $61.0M Est,,Benzinga,2015-01-08T12:35:59Z,2015-01-08T12:35:59Z,,https://www.benzinga.com/node/5130118,
5130119,RGEN,Repligen Sees FY2015 Sales $69.0M-72.0M vs $70.30M Est,,Benzinga,2015-01-08T12:36:30Z,2015-01-08T12:36:30Z,,https://www.benzinga.com/node/5130119,
5130140,RIGL,Rigel Pharmaceuticals To Present at J.P. Morgan Healthcare Conference; Provides Company Updates,,Benzinga,2015-01-08T12:41:54Z,2015-01-08T12:41:54Z,,https://www.benzinga.com/node/5130140,
5130144,RIGL,UPDATE: Rigel Earns $5.75M Payment From AstraZeneca; Seesuiv Ending 2015 With Cash Eqalents of $68M,,Benzinga,2015-01-08T12:45:07Z,2015-01-08T12:46:01Z,,https://www.benzinga.com/node/5130144,
5130155,RIGL,UPDATE: Rigel Sees Ending 2015 With Cash Sufficient For Operations Through Fourth Quarter 2016,,Benzinga,2015-01-08T12:47:46Z,2015-01-08T12:47:46Z,,https://www.benzinga.com/node/5130155,
5130903,ROST,Deutsche Bank Offers 13 Retail Predictions For 2015,,Benzinga,2015-01-08T15:20:17Z,2015-01-08T15:20:17Z,,https://www.benzinga.com/node/5130903,
5129695,SEED,"Earnings Scheduled For January 8, 2015",,Benzinga,2015-01-08T10:13:45Z,2015-01-08T10:13:45Z,,https://www.benzinga.com/node/5129695,
5129727,SBUX,"Morgan Stanley Maintains Overweight on Starbucks, Raises PT to $97.00",,Benzinga,2015-01-08T10:35:41Z,2015-01-08T10:35:42Z,,https://www.benzinga.com/node/5129727,
5131925,SBUX,Analyst Sees More Slow Growth For Fast Food,,Benzinga,2015-01-08T19:53:18Z,2015-01-08T19:53:18Z,,https://www.benzinga.com/node/5131925,
5132440,SBLK,Star Bulk Carriers Corp. Announces Public Offering of Common Stock,,Benzinga,2015-01-08T21:02:07Z,2015-01-08T21:02:07Z,,https://www.benzinga.com/node/5132440,
5132625,SBUX,Starbucks COO Alstead Leaves Company After 23 Year Career,,Benzinga,2015-01-08T21:24:40Z,2015-01-08T21:24:40Z,,https://www.benzinga.com/node/5132625,
5129280,SIRI,"Cramer Comments On Micron Technology, Inc., Sirius XM Holdings Inc. And CSX Corporation",,Benzinga,2015-01-08T02:29:27Z,2015-01-08T02:29:27Z,,https://www.benzinga.com/node/5129280,
5130306,SIMO,"Silicon Motion Announces Q4 Preliminary Results, Revenue Down 7-8%",,Benzinga,2015-01-08T13:04:15Z,2015-01-08T13:04:15Z,,https://www.benzinga.com/node/5130306,
5130673,SNDK,SanDisk Completes Spin-Out Of ioControl Solutions Business,,Benzinga,2015-01-08T14:04:47Z,2015-01-08T14:04:47Z,,https://www.benzinga.com/node/5130673,
5130847,SPWR,Deutsche Bank's 2015 Solar Outlook And Top Picks,,Benzinga,2015-01-08T14:45:30Z,2015-01-08T14:45:30Z,,https://www.benzinga.com/node/5130847,
5129224,SUNE,CNBC's Stock Pops & Drops From January 7,,Benzinga,2015-01-08T02:05:22Z,2015-01-08T02:05:22Z,,https://www.benzinga.com/node/5129224,
5128961,SSYS,Oppenheimer Gives 3D Printing Observations From CES 2015,,Benzinga,2015-01-08T11:44:14Z,2015-01-08T11:44:14Z,,https://www.benzinga.com/node/5128961,
5130105,SUNE,SunEdison Signs Supply Agreements,,Benzinga,2015-01-08T12:32:47Z,2015-01-08T12:32:47Z,,https://www.benzinga.com/node/5130105,
5130847,SUNE,Deutsche Bank's 2015 Solar Outlook And Top Picks,,Benzinga,2015-01-08T14:45:30Z,2015-01-08T14:45:30Z,,https://www.benzinga.com/node/5130847,
5132939,SUNE,SuneEdison Shares Spike Higher on Karen Finerman Comments on CNBC,,Benzinga,2015-01-08T22:54:09Z,2015-01-08T22:54:09Z,,https://www.benzinga.com/node/5132939,
5130492,TCX,Tucows Announces It Will Buy 193K Shares of its Stock For $18.50 Per Dutch Auction,,Benzinga,2015-01-08T13:35:06Z,2015-01-08T13:35:07Z,,https://www.benzinga.com/node/5130492,
5132778,TCX,Tucows Announces Final Results of Dutch Tender Offer,,Benzinga,2015-01-08T22:00:51Z,2015-01-08T22:00:51Z,,https://www.benzinga.com/node/5132778,
5132782,TCX,UPDATE: Tucows to Purchase ~193.9K Shares at $18.50/Share,,Benzinga,2015-01-08T22:01:46Z,2015-01-08T22:01:46Z,,https://www.benzinga.com/node/5132782,
5129224,TMUS,CNBC's Stock Pops & Drops From January 7,,Benzinga,2015-01-08T02:05:22Z,2015-01-08T02:05:22Z,,https://www.benzinga.com/node/5129224,
5129784,TRIP,Stifel Nicolaus Downgrades TripAdvisor to Hold,,Benzinga,2015-01-08T11:10:03Z,2015-01-08T11:10:04Z,,https://www.benzinga.com/node/5129784,
5129867,TSCO,"Deutsche Bank Upgrades Tractor Supply to Buy, Raises PT to $90.00",,Benzinga,2015-01-08T11:35:33Z,2015-01-08T11:35:33Z,,https://www.benzinga.com/node/5129867,
5130152,TLF,Tandy Leather Factory Dec Sales up 18%,,Benzinga,2015-01-08T12:46:09Z,2015-01-08T12:46:09Z,,https://www.benzinga.com/node/5130152,
5130143,TRIP,Deutsche Bank Sees Instant Book Footprint Growing for TripAdvisor,,Benzinga,2015-01-08T12:58:19Z,2015-01-08T12:58:19Z,,https://www.benzinga.com/node/5130143,
5130393,TRIP,"UPDATE: Stifel Downgrades TripAdvisor to Hold, Removes PT on Lack of Visibility",,Benzinga,2015-01-08T13:20:47Z,2015-01-08T13:20:47Z,,https://www.benzinga.com/node/5130393,
5130903,TSCO,Deutsche Bank Offers 13 Retail Predictions For 2015,,Benzinga,2015-01-08T15:20:17Z,2015-01-08T15:20:17Z,,https://www.benzinga.com/node/5130903,
5131106,TRIP,"'New Era:' Stifel Downgrades Google Inc., Priceline Group Inc.",,Benzinga,2015-01-08T15:38:56Z,2015-01-08T15:39:12Z,,https://www.benzinga.com/node/5131106,
5132075,TOWN,TowneBank Redeems $76.5M Of Outstanding Series C Preferred Stock,,Benzinga,2015-01-08T19:23:16Z,2015-01-08T19:23:16Z,,https://www.benzinga.com/node/5132075,
5131354,TTWO,"Option Alert: Take Two Interactive Mar $30 Call; 1,485 Contract Trade at $1.40; Currently $28.47",,Benzinga,2015-01-08T16:13:19Z,2015-01-08T16:14:19Z,,https://www.benzinga.com/node/5131354,
5130899,URBN,Morning Market Gainers,,Benzinga,2015-01-08T14:45:31Z,2015-01-08T14:45:31Z,,https://www.benzinga.com/node/5130899,
5132205,URBN,Wunderlich Expresses Confidence In Urban Outfitters,,Benzinga,2015-01-08T20:18:59Z,2015-01-08T20:18:59Z,,https://www.benzinga.com/node/5132205,
5131845,VUZI,Marketfy Mavens Gary Anderson and Christian Tharp Comment On Google Following Stifel Rating Change,,Benzinga,2015-01-08T18:46:40Z,2015-01-08T18:46:40Z,,https://www.benzinga.com/node/5131845,
5129614,WDFC,"7 Stocks To Watch For January 8, 2015",,Benzinga,2015-01-08T09:17:13Z,2015-01-08T09:18:08Z,,https://www.benzinga.com/node/5129614,
5130766,WMT,"Brian Sozzi: By The End Of 2016, J.C. Penney Will Have 1,000 Stores",,Benzinga,2015-01-08T14:30:43Z,2015-01-08T14:31:17Z,,https://www.benzinga.com/node/5130766,
5130931,WDFC,Morning Market Losers,,Benzinga,2015-01-08T14:54:33Z,2015-01-08T14:54:33Z,,https://www.benzinga.com/node/5130931,
5131105,WMT,"Option Alert: Wal-Mart Mar $92.5 Call; 10,253 Contracts Traded vs 869 OI; Currently $90.02",,Benzinga,2015-01-08T15:10:45Z,2015-01-08T15:10:45Z,,https://www.benzinga.com/node/5131105,
5131925,WEN,Analyst Sees More Slow Growth For Fast Food,,Benzinga,2015-01-08T19:53:18Z,2015-01-08T19:53:18Z,,https://www.benzinga.com/node/5131925,
5132336,WMT,"Jefferies Is Bullish On Retail In 2015, Sees The Fed As A Risk",,Benzinga,2015-01-08T20:44:29Z,2015-01-08T20:44:29Z,,https://www.benzinga.com/node/5132336,
5130883,WYNN,Credit Suisse: Wynn Macau At Risk Of Cutting Its Dividend,,Benzinga,2015-01-08T15:14:27Z,2015-01-08T15:14:27Z,,https://www.benzinga.com/node/5130883,
5130944,WYNN,"Deutsche Bank Cuts Price Targets On Wynn Resorts, Las Vegas Sands",,Benzinga,2015-01-08T15:28:14Z,2015-01-08T15:28:14Z,,https://www.benzinga.com/node/5130944,
5131457,WYNN,"Credit Suisse: Macau Gaming ""Likely Not Far From A Bottom""",,Benzinga,2015-01-08T17:37:35Z,2015-01-08T22:32:40Z,,https://www.benzinga.com/node/5131457,
5120528,WYNN,Has Macau Finally Hit Rock Bottom?,,Benzinga,2015-01-06T14:17:13Z,2015-01-08T22:34:21Z,,https://www.benzinga.com/node/5120528,
5129898,ZUMZ,"Brean Capital Downgrades Zumiez to Hold, Removes $40.00 PT",,Benzinga,2015-01-08T11:51:18Z,2015-01-08T11:51:18Z,,https://www.benzinga.com/node/5129898,
5129883,ZUMZ,"UPDATE: D.A. Davidson Reiterates Neutral Rating, Raises PT on Zumiez as 4Q Guidance Moves Higher",,Benzinga,2015-01-08T12:15:29Z,2015-01-08T12:15:30Z,,https://www.benzinga.com/node/5129883,
5130773,Z,5 Financial Stocks With The Highest EPS Growth Forecast For Next 5 Years,,Benzinga,2015-01-08T14:21:04Z,2015-01-08T14:21:04Z,,https://www.benzinga.com/node/5130773,
5132917,AAPL,Joe Terranova Picks For 2015,,Benzinga,2015-01-09T00:49:04Z,2015-01-09T00:49:04Z,,https://www.benzinga.com/node/5132917,
5133268,AAPL,Sources Say Samsung Obtains Processor Orders for Apple Watch -DigiTimes,,Benzinga,2015-01-09T11:21:04Z,2015-01-09T11:21:04Z,,https://www.benzinga.com/node/5133268,
5132035,AAPL,Are There Too Many Smartphone Brands?,,Benzinga,2015-01-09T12:34:54Z,2015-01-09T12:34:54Z,,https://www.benzinga.com/node/5132035,
5133043,AAPL,"Carl Icahn Discusses Oil, Apple And Twitter On CNBC",,Benzinga,2015-01-09T11:51:06Z,2015-01-09T12:35:56Z,,https://www.benzinga.com/node/5133043,
5134067,AAPL,Sterne Agee's 10 2015 Predictions For Financial Technology And Payments Sector,,Benzinga,2015-01-09T13:47:18Z,2015-01-09T13:47:18Z,,https://www.benzinga.com/node/5134067,
5134105,AAPL,JPMorgan Comments On Apple's Developer Revenue Announcments,,Benzinga,2015-01-09T13:52:33Z,2015-01-09T13:52:34Z,,https://www.benzinga.com/node/5134105,
5134338,AAPL,"Barclays: Connected Cars Take Center Stage At CES, Three Themes Emerging",,Benzinga,2015-01-09T14:35:01Z,2015-01-09T14:35:02Z,,https://www.benzinga.com/node/5134338,
5135372,AAPL,Apple's Fiscal Q1 2015 Results Could Be 'Wickedly Successful',,Benzinga,2015-01-09T19:42:26Z,2015-01-09T19:42:26Z,,https://www.benzinga.com/node/5135372,
5135434,AAPL,BGR: 'Apple To Release iOS 8 Update Next Week',,Benzinga,2015-01-09T19:59:00Z,2015-01-09T19:59:00Z,,https://www.benzinga.com/node/5135434,
5133255,AEIS,Needham Upgrades Advanced Energy to Buy,,Benzinga,2015-01-09T10:59:36Z,2015-01-09T10:59:36Z,,https://www.benzinga.com/node/5133255,
5133286,AKAM,"B Riley Downgrades Akamai Technologies to Neutral, Lowers PT to $69.00",,Benzinga,2015-01-09T11:43:44Z,2015-01-09T11:43:44Z,,https://www.benzinga.com/node/5133286,
5133548,AGEN,"Agenus Announces Partnership With Incyte, Up to $350M of Milestones",,Benzinga,2015-01-09T12:03:51Z,2015-01-09T12:03:51Z,,https://www.benzinga.com/node/5133548,
5134457,AGEN,Morning Market Gainers,,Benzinga,2015-01-09T14:43:23Z,2015-01-09T14:43:23Z,,https://www.benzinga.com/node/5134457,
5134565,AGEN,Stocks Hitting 52-Week Highs,,Benzinga,2015-01-09T15:14:45Z,2015-01-09T15:14:45Z,,https://www.benzinga.com/node/5134565,
5134676,AGEN,Mid-Morning Market Update: Markets Decline; Infosys Posts Higher Profit,,Benzinga,2015-01-09T15:49:11Z,2015-01-09T15:49:12Z,,https://www.benzinga.com/node/5134676,
5135228,AGEN,Mid-Day Market Update: Dow Dips 1%; Acuity Brands Shares Jump On Earnings Beat,,Benzinga,2015-01-09T18:33:30Z,2015-01-09T18:33:30Z,,https://www.benzinga.com/node/5135228,
5135546,AGEN,"Mid-Afternoon Market Update: Five Below Slips On Weak Outlook; Agenus Shares Spike HigherToward the end of trading Friday, the Dow traded down 0.86 percent to 17,754.26 while the NASDAQ slipped 0.53 percent to 4,711.18. The S&P also fell, dropping 0.77 pe",,Benzinga,2015-01-09T20:41:20Z,2015-01-09T20:41:20Z,,https://www.benzinga.com/node/5135546,
5130156,AMZN,Amazon Faces Competition From An Unlikely Source,,Benzinga,2015-01-09T12:13:46Z,2015-01-09T12:13:46Z,,https://www.benzinga.com/node/5130156,
5135104,AMZN,"CAROLINAS FIRE PAGE ‏@CFPalerts   Ashburn, VA (Loudon) *3rd Alarm* heavy fire at @amazon data center under constr. #VAfire",,Benzinga,2015-01-09T17:39:39Z,2015-01-09T17:40:48Z,,https://www.benzinga.com/node/5135104,
5134472,ARAY,Brean Capital Sees Limited 2Q15 Visibility for Accuray,,Benzinga,2015-01-09T15:08:16Z,2015-01-09T15:08:16Z,,https://www.benzinga.com/node/5134472,
5135546,ASPS,"Mid-Afternoon Market Update: Five Below Slips On Weak Outlook; Agenus Shares Spike HigherToward the end of trading Friday, the Dow traded down 0.86 percent to 17,754.26 while the NASDAQ slipped 0.53 percent to 4,711.18. The S&P also fell, dropping 0.77 pe",,Benzinga,2015-01-09T20:41:20Z,2015-01-09T20:41:20Z,,https://www.benzinga.com/node/5135546,
5133264,BCRX,Taiwan Confirms Bird-Flu Case at Chicken Farm in Southern Pingtung County -Wall Street Journal,,Benzinga,2015-01-09T11:08:43Z,2015-01-09T11:08:43Z,,https://www.benzinga.com/node/5133264,
5133720,BGC,BGC Minimum Tender Condition Dropped to 45% For GFI Acquisition,,Benzinga,2015-01-09T12:08:15Z,2015-01-09T12:08:15Z,,https://www.benzinga.com/node/5133720,
5123238,BIIB,What Investors Are Looking for in NPS Pharmaceuticals After They Hired Investment Bank To Explore Sale,,Benzinga,2015-01-06T17:34:31Z,2015-01-09T17:48:30Z,,https://www.benzinga.com/node/5123238,
5123238,BMRN,What Investors Are Looking for in NPS Pharmaceuticals After They Hired Investment Bank To Explore Sale,,Benzinga,2015-01-06T17:34:31Z,2015-01-09T17:48:30Z,,https://www.benzinga.com/node/5123238,
5133246,BRID,Top 4 Stocks In The Meat Products Industry With The Highest Gross Margin,,Benzinga,2015-01-09T10:19:35Z,2015-01-09T10:19:35Z,,https://www.benzinga.com/node/5133246,
5133248,BRKR,"Cowen &amp; Company Downgrades Bruker to Market Perform, Lowers PT to $20.00",,Benzinga,2015-01-09T10:31:41Z,2015-01-09T10:31:42Z,,https://www.benzinga.com/node/5133248,
5133987,BRKR,Cowen Downgrades Bruker To Market Perform,,Benzinga,2015-01-09T13:19:41Z,2015-01-09T13:19:41Z,,https://www.benzinga.com/node/5133987,
5134143,BRKR,Benzinga's Top Downgrades,,Benzinga,2015-01-09T13:59:53Z,2015-01-09T13:59:53Z,,https://www.benzinga.com/node/5134143,
5134172,BUSE,First Busey Announces Acquisition of Herget Financial For $34.1M,,Benzinga,2015-01-09T14:00:52Z,2015-01-09T14:00:52Z,,https://www.benzinga.com/node/5134172,
5135632,CBK,Christopher & Banks Raises Q4 Sales Guidance from $94.0M-98.0M to $96.0M-98.0M vs $92.90M Est,,Benzinga,2015-01-09T21:02:52Z,2015-01-09T21:02:52Z,,https://www.benzinga.com/node/5135632,
5134327,CG,"The Carlyle Group Shares Quiet Following Prelim. Q4 Carry Fund Valuations: Buyout Valuations Up 7% Over Period, Overall Carry Fund Appreciation 1%",,Benzinga,2015-01-09T14:22:34Z,2015-01-09T14:22:34Z,,https://www.benzinga.com/node/5134327,
5133719,CME,BGC Sends Letter to GFI Regarding Acquisition Offer,,Benzinga,2015-01-09T12:07:20Z,2015-01-09T12:07:20Z,,https://www.benzinga.com/node/5133719,
5134677,CHSCP,CHS Inc Acquires 25% of West Central; No Terms Disclosed,,Benzinga,2015-01-09T15:32:19Z,2015-01-09T15:32:19Z,,https://www.benzinga.com/node/5134677,
5129058,CPB,"Benzinga's M&A Chatter for Wednesday January 7, 2015",,Benzinga,2015-01-07T23:18:13Z,2015-01-09T10:27:34Z,,https://www.benzinga.com/node/5129058,
5133752,COLM,"Morgan Stanley Initiates Coverage on Columbia Sportswear at Underweight, Announces $39.50 PT",,Benzinga,2015-01-09T12:27:47Z,2015-01-09T12:27:47Z,,https://www.benzinga.com/node/5133752,
5132937,COST,Retailers Totting Up Better-Than Expected Holiday Numbers,,Benzinga,2015-01-09T13:00:36Z,2015-01-09T13:00:48Z,,https://www.benzinga.com/node/5132937,
5134681,CROX,"Option Alert: Crocs Jun $11 Put; 3,348 Contracts Traded vs 67 OI; Currently $11.43",,Benzinga,2015-01-09T15:33:30Z,2015-01-09T15:33:31Z,,https://www.benzinga.com/node/5134681,
5135313,CROX,"Crocs Shares Tumble 7%, Flirting with $11 Level Following Piper Jaffray Downgrade to Neutral",,Benzinga,2015-01-09T19:03:40Z,2015-01-09T19:03:41Z,,https://www.benzinga.com/node/5135313,
5134290,CZR,"Caesars Entertainment, Caesars Entertainment Operating Co. Report Effectiveness of Restructuring Support Deal: Show Planned Support by 60+% of First-Lien Holders",,Benzinga,2015-01-09T14:13:41Z,2015-01-09T14:13:41Z,,https://www.benzinga.com/node/5134290,
5134293,CZR,"UPDATE: Caesars Entertainment, Caesars Entertainment Operating Co. Report Effectiveness of Restructuring Support Deal",,Benzinga,2015-01-09T14:14:30Z,2015-01-09T14:14:30Z,,https://www.benzinga.com/node/5134293,
5134353,DPZ,EU Could Weigh On This Latest S&P Bounce,,Benzinga,2015-01-09T14:31:14Z,2015-01-09T14:31:14Z,,https://www.benzinga.com/node/5134353,
5135549,DLTR,Hearing Twenty States Have Joined the US Antitrust Probe Into Family Dollar Deals,,Benzinga,2015-01-09T20:40:18Z,2015-01-09T20:40:19Z,,https://www.benzinga.com/node/5135549,
5130156,EBAY,Amazon Faces Competition From An Unlikely Source,,Benzinga,2015-01-09T12:13:46Z,2015-01-09T12:13:46Z,,https://www.benzinga.com/node/5130156,
5134067,EBAY,Sterne Agee's 10 2015 Predictions For Financial Technology And Payments Sector,,Benzinga,2015-01-09T13:47:18Z,2015-01-09T13:47:18Z,,https://www.benzinga.com/node/5134067,
5134296,EDAP,EDAP Shares Rise 17% Premarket on Approval of Focal One HIFU Deviceby Health Canada,,Benzinga,2015-01-09T14:15:29Z,2015-01-09T14:15:29Z,,https://www.benzinga.com/node/5134296,
5134457,EDAP,Morning Market Gainers,,Benzinga,2015-01-09T14:43:23Z,2015-01-09T14:43:23Z,,https://www.benzinga.com/node/5134457,
5134363,EDAP,Morning Movers,,Benzinga,2015-01-09T15:06:16Z,2015-01-09T15:06:16Z,,https://www.benzinga.com/node/5134363,
5133294,EXC,"RBC Capital Upgrades Exelon to Outperform, Raises PT to $41.00",,Benzinga,2015-01-09T11:48:51Z,2015-01-09T11:48:51Z,,https://www.benzinga.com/node/5133294,
5133769,EXC,RBC Capital Upgrades Exelon To Outperform,,Benzinga,2015-01-09T12:32:53Z,2015-01-09T12:32:53Z,,https://www.benzinga.com/node/5133769,
5134129,EXC,Benzinga's Top Upgrades,,Benzinga,2015-01-09T13:51:01Z,2015-01-09T13:51:01Z,,https://www.benzinga.com/node/5134129,
5134573,EXAS,Exact Sciences Appoints Scott Coward As General Counsel,,Benzinga,2015-01-09T15:18:40Z,2015-01-09T15:19:06Z,,https://www.benzinga.com/node/5134573,
5132750,EXC,Credit Suisse's 9 Energy And Utility Stocks To Own,,Benzinga,2015-01-09T19:18:18Z,2015-01-09T19:18:19Z,,https://www.benzinga.com/node/5132750,
5135841,FCEL,S-3 from Fuelcell Energy Shows Registration for $200M Mixed Securities Shelf Offering,,Benzinga,2015-01-09T22:08:04Z,2015-01-09T22:08:04Z,,https://www.benzinga.com/node/5135841,
5133933,FIVE,Benzinga's Top #PreMarket Losers,,Benzinga,2015-01-09T13:09:04Z,2015-01-09T13:09:04Z,,https://www.benzinga.com/node/5133933,
5134481,FIVE,Morning Market Losers,,Benzinga,2015-01-09T14:53:07Z,2015-01-09T14:59:52Z,,https://www.benzinga.com/node/5134481,
5134363,FIVE,Morning Movers,,Benzinga,2015-01-09T15:06:16Z,2015-01-09T15:06:16Z,,https://www.benzinga.com/node/5134363,
5134676,FIVE,Mid-Morning Market Update: Markets Decline; Infosys Posts Higher Profit,,Benzinga,2015-01-09T15:49:11Z,2015-01-09T15:49:12Z,,https://www.benzinga.com/node/5134676,
5135228,FIVE,Mid-Day Market Update: Dow Dips 1%; Acuity Brands Shares Jump On Earnings Beat,,Benzinga,2015-01-09T18:33:30Z,2015-01-09T18:33:30Z,,https://www.benzinga.com/node/5135228,
5135270,FIVE,"Dougherty &amp; Company Downgrades Five Below to Neutral, Removes $47.00 PT",,Benzinga,2015-01-09T18:42:21Z,2015-01-09T18:42:21Z,,https://www.benzinga.com/node/5135270,
5135244,FIVE,Deutsche Bank Cuts Price Target On Five Below,,Benzinga,2015-01-09T18:43:32Z,2015-01-09T18:43:32Z,,https://www.benzinga.com/node/5135244,
5135546,FIVE,"Mid-Afternoon Market Update: Five Below Slips On Weak Outlook; Agenus Shares Spike HigherToward the end of trading Friday, the Dow traded down 0.86 percent to 17,754.26 while the NASDAQ slipped 0.53 percent to 4,711.18. The S&P also fell, dropping 0.77 pe",,Benzinga,2015-01-09T20:41:20Z,2015-01-09T20:41:20Z,,https://www.benzinga.com/node/5135546,
5135721,FFBC,8 US Banking Stocks With Low NPAs & High Net Income Growth,,Benzinga,2015-01-09T21:22:44Z,2015-01-09T21:22:45Z,,https://www.benzinga.com/node/5135721,
5133167,GOOG,Dan Nathan's Twitter Inc Trade,,Benzinga,2015-01-09T11:25:16Z,2015-01-09T11:25:16Z,,https://www.benzinga.com/node/5133167,
5133167,GOOGL,Dan Nathan's Twitter Inc Trade,,Benzinga,2015-01-09T11:25:16Z,2015-01-09T11:25:16Z,,https://www.benzinga.com/node/5133167,
5133279,GLPI,"JP Morgan Upgrades Gaming and Leisure Props to Overweight, Removes PT to $34.00",,Benzinga,2015-01-09T11:37:01Z,2015-01-09T11:37:02Z,,https://www.benzinga.com/node/5133279,
5130156,GOOG,Amazon Faces Competition From An Unlikely Source,,Benzinga,2015-01-09T12:13:46Z,2015-01-09T12:13:46Z,,https://www.benzinga.com/node/5130156,
5132752,GOOGL,Pandora's CFO: We Would Be Eventually Integrated With Apple And Google If they Start Providing In-Car Music Streaming Platform,,Benzinga,2015-01-09T12:20:31Z,2015-01-09T12:20:31Z,,https://www.benzinga.com/node/5132752,
5133933,GLNG,Benzinga's Top #PreMarket Losers,,Benzinga,2015-01-09T13:09:04Z,2015-01-09T13:09:04Z,,https://www.benzinga.com/node/5133933,
5134300,GLNG,Golar LNG Partners Reports Pricing of ~7.17M Shares at $29.90/Unit,,Benzinga,2015-01-09T14:17:03Z,2015-01-09T14:17:03Z,,https://www.benzinga.com/node/5134300,
5134338,GOOG,"Barclays: Connected Cars Take Center Stage At CES, Three Themes Emerging",,Benzinga,2015-01-09T14:35:01Z,2015-01-09T14:35:02Z,,https://www.benzinga.com/node/5134338,
5134338,GOOGL,"Barclays: Connected Cars Take Center Stage At CES, Three Themes Emerging",,Benzinga,2015-01-09T14:35:01Z,2015-01-09T14:35:02Z,,https://www.benzinga.com/node/5134338,
5134542,GPRO,GoPro Spikes to High,,Benzinga,2015-01-09T15:05:41Z,2015-01-09T15:05:41Z,,https://www.benzinga.com/node/5134542,
5134684,GPRO,"Top Performing Industries For January 9, 2015",,Benzinga,2015-01-09T15:34:25Z,2015-01-09T15:34:25Z,,https://www.benzinga.com/node/5134684,
5134727,GILD,Adam Feuerstein @adamfeuerstein Tweet: $GILD Buying $VRTX Among Bold Biotech Stock Predictions for 2015 thestreet.com/story/13006004… @dsobek peers into his Cajun crystal ball...,,Benzinga,2015-01-09T15:55:12Z,2015-01-09T15:55:47Z,,https://www.benzinga.com/node/5134727,
5134686,GPRO,Citi: GoPro Inc. Could Be Left Out In Social Cam Shift,,Benzinga,2015-01-09T16:05:13Z,2015-01-09T16:05:13Z,,https://www.benzinga.com/node/5134686,
5134690,GOOGL,Mike Prospero: Facebook Acquiring QuickFire Networks Will Significantly Impact YouTube,,Benzinga,2015-01-09T18:24:53Z,2015-01-09T18:24:54Z,,https://www.benzinga.com/node/5134690,
5135250,GLDD,The Pentagon Awarded $293.1 Million In Defense Contracts On Thursday: A Recap,,Benzinga,2015-01-09T18:38:47Z,2015-01-09T18:50:08Z,,https://www.benzinga.com/node/5135250,
5135411,GRPN,"Option Alert: Groupon Jan 23 $8 Call; 1,143 Contract Trade at Ask @$0.19; Currently $7.74",,Benzinga,2015-01-09T19:43:18Z,2015-01-09T19:46:41Z,,https://www.benzinga.com/node/5135411,
5134363,HELE,Morning Movers,,Benzinga,2015-01-09T15:06:16Z,2015-01-09T15:06:16Z,,https://www.benzinga.com/node/5134363,
5134565,HELE,Stocks Hitting 52-Week Highs,,Benzinga,2015-01-09T15:14:45Z,2015-01-09T15:14:45Z,,https://www.benzinga.com/node/5134565,
5134661,HELE,Benzinga's Volume Movers,,Benzinga,2015-01-09T15:27:41Z,2015-01-09T15:27:41Z,,https://www.benzinga.com/node/5134661,
5135078,GT,Citi Names Stocks To Watch Ahead Of Detroit Auto Show,,Benzinga,2015-01-09T17:47:22Z,2015-01-09T17:47:22Z,,https://www.benzinga.com/node/5135078,
5133884,HURC,"Hurco Companies Reports Q4 EPS of $0.74, Up 155% YOY; Revenue of $62.22M, Up 15% YOY",,Benzinga,2015-01-09T13:01:14Z,2015-01-09T13:01:14Z,,https://www.benzinga.com/node/5133884,
5130180,HTZ,Deflation In The Eurozone Could Hurt These Companies' Expansion Efforts,,Benzinga,2015-01-09T17:57:38Z,2015-01-09T17:57:38Z,,https://www.benzinga.com/node/5130180,
5134263,IDN,Intellicheck Mobilisa Prices 4.86M Share Offering at $1.75/Share,,Benzinga,2015-01-09T14:05:45Z,2015-01-09T14:05:45Z,,https://www.benzinga.com/node/5134263,
5134481,IDN,Morning Market Losers,,Benzinga,2015-01-09T14:53:07Z,2015-01-09T14:59:52Z,,https://www.benzinga.com/node/5134481,
5134751,IBKR,"Interactive Brokers CFO Brody Sells 5,387 Shares @$29.00/Share -Form 4",,Benzinga,2015-01-09T16:01:08Z,2015-01-09T16:01:08Z,,https://www.benzinga.com/node/5134751,
5133139,INTC,"Benzinga's M&A Chatter for Thursday January 8, 2015",,Benzinga,2015-01-09T00:27:35Z,2015-01-09T00:27:35Z,,https://www.benzinga.com/node/5133139,
5133548,INCY,"Agenus Announces Partnership With Incyte, Up to $350M of Milestones",,Benzinga,2015-01-09T12:03:51Z,2015-01-09T12:03:51Z,,https://www.benzinga.com/node/5133548,
5134144,JD,"Bitauto, JD.com and Tencent Form Strategic Partnership",,Benzinga,2015-01-09T13:59:59Z,2015-01-09T13:59:59Z,,https://www.benzinga.com/node/5134144,
5134257,JD,"Bitauto Shares Rise 5.5% Premarket on Announcement of Investments by JD.Com, Tencent",,Benzinga,2015-01-09T14:04:57Z,2015-01-09T14:04:57Z,,https://www.benzinga.com/node/5134257,
5134457,JD,Morning Market Gainers,,Benzinga,2015-01-09T14:43:23Z,2015-01-09T14:43:23Z,,https://www.benzinga.com/node/5134457,
5134661,JD,Benzinga's Volume Movers,,Benzinga,2015-01-09T15:27:41Z,2015-01-09T15:27:41Z,,https://www.benzinga.com/node/5134661,
5135338,JBLU,"Option Alert: Jet Blue March $18 Call; 1,077 Contract Trade at Ask @$0.25; Currently $14.47",,Benzinga,2015-01-09T19:16:09Z,2015-01-09T19:16:09Z,,https://www.benzinga.com/node/5135338,
5135375,JJSF,Amended 13G Filed By Gerald Shreiber Shows Increased Stake From 19.02% To 20% In J&J Snack Foods,,Benzinga,2015-01-09T19:26:12Z,2015-01-09T19:26:12Z,,https://www.benzinga.com/node/5135375,
5133232,LE,Top 4 Stocks In The Catalog & Mail Order Houses Industry With The Lowest PEG Ratio,,Benzinga,2015-01-09T09:36:17Z,2015-01-09T09:36:17Z,,https://www.benzinga.com/node/5133232,
5134569,LGND,Retrophin Receives Orphan Drug Designation For Sparsentan,,Benzinga,2015-01-09T15:16:14Z,2015-01-09T15:16:14Z,,https://www.benzinga.com/node/5134569,
5130180,LULU,Deflation In The Eurozone Could Hurt These Companies' Expansion Efforts,,Benzinga,2015-01-09T17:57:38Z,2015-01-09T17:57:38Z,,https://www.benzinga.com/node/5130180,
5133232,MELI,Top 4 Stocks In The Catalog & Mail Order Houses Industry With The Lowest PEG Ratio,,Benzinga,2015-01-09T09:36:17Z,2015-01-09T09:36:17Z,,https://www.benzinga.com/node/5133232,
5134338,MBLY,"Barclays: Connected Cars Take Center Stage At CES, Three Themes Emerging",,Benzinga,2015-01-09T14:35:01Z,2015-01-09T14:35:02Z,,https://www.benzinga.com/node/5134338,
5131980,MDLZ,Credit Suisse's 9 Consumer Stocks To Own,,Benzinga,2015-01-09T13:29:12Z,2015-01-09T16:27:21Z,,https://www.benzinga.com/node/5131980,
5134901,MAT,"Worst Performing Industries For January 9, 2015",,Benzinga,2015-01-09T16:39:57Z,2015-01-09T16:39:57Z,,https://www.benzinga.com/node/5134901,
5135078,MBLY,Citi Names Stocks To Watch Ahead Of Detroit Auto Show,,Benzinga,2015-01-09T17:47:22Z,2015-01-09T17:47:22Z,,https://www.benzinga.com/node/5135078,
5135138,LYTS,LSI Industries Appoints John Bagwell As Technology Division President,,Benzinga,2015-01-09T17:57:35Z,2015-01-09T17:57:35Z,,https://www.benzinga.com/node/5135138,
5134490,MRVL,Standpoint Research Downgrades Marvell Technology Group to Hold,,Benzinga,2015-01-09T14:57:40Z,2015-01-09T14:57:40Z,,https://www.benzinga.com/node/5134490,
5134539,MSFT,IDC Analyst: Combined Sales Of XBox One And PS4 In China 'Unlikely' To Cross A Million Units This Year,,Benzinga,2015-01-09T17:19:50Z,2015-01-09T17:20:31Z,,https://www.benzinga.com/node/5134539,
5135337,MRVL,Standpoint Research Downgrades Marvell Technology Group,,Benzinga,2015-01-09T19:21:43Z,2015-01-09T19:21:43Z,,https://www.benzinga.com/node/5135337,
5134305,NKTR,5 Healthcare Stocks With The Highest EPS Growth Forecast For Next 5 Years,,Benzinga,2015-01-09T14:19:58Z,2015-01-09T14:19:58Z,,https://www.benzinga.com/node/5134305,
5134546,NAVI,Compass Point: Congress Unlikely To Pay For Free Community College Initiative,,Benzinga,2015-01-09T15:24:56Z,2015-01-09T15:24:56Z,,https://www.benzinga.com/node/5134546,
5132998,NKTR,What Investor's Are Expecting Ahead of Multiple Nektar Therapeutics Catalysts,,Benzinga,2015-01-09T17:53:48Z,2015-01-09T17:53:48Z,,https://www.benzinga.com/node/5132998,
5130180,NFLX,Deflation In The Eurozone Could Hurt These Companies' Expansion Efforts,,Benzinga,2015-01-09T17:57:38Z,2015-01-09T17:57:38Z,,https://www.benzinga.com/node/5130180,
5135721,NBTB,8 US Banking Stocks With Low NPAs & High Net Income Growth,,Benzinga,2015-01-09T21:22:44Z,2015-01-09T21:22:45Z,,https://www.benzinga.com/node/5135721,
5135721,NFBK,8 US Banking Stocks With Low NPAs & High Net Income Growth,,Benzinga,2015-01-09T21:22:44Z,2015-01-09T21:22:45Z,,https://www.benzinga.com/node/5135721,
5133264,NVAX,Taiwan Confirms Bird-Flu Case at Chicken Farm in Southern Pingtung County -Wall Street Journal,,Benzinga,2015-01-09T11:08:43Z,2015-01-09T11:08:43Z,,https://www.benzinga.com/node/5133264,
5133936,NVAX,"Novavax Shares Rise ~5% Premarket on Janney Initiation at Buy, $11 PT",,Benzinga,2015-01-09T13:09:45Z,2015-01-09T13:09:46Z,,https://www.benzinga.com/node/5133936,
5133990,NVAX,Benzinga's Top #PreMarket Gainers,,Benzinga,2015-01-09T13:20:18Z,2015-01-09T13:20:18Z,,https://www.benzinga.com/node/5133990,
5134338,NVDA,"Barclays: Connected Cars Take Center Stage At CES, Three Themes Emerging",,Benzinga,2015-01-09T14:35:01Z,2015-01-09T14:35:02Z,,https://www.benzinga.com/node/5134338,
5134457,NVAX,Morning Market Gainers,,Benzinga,2015-01-09T14:43:23Z,2015-01-09T14:43:23Z,,https://www.benzinga.com/node/5134457,
5133284,ORLY,"RBC Capital Downgrades O'Reilly Automotive to Sector Perform, Raises PT to $188.00",,Benzinga,2015-01-09T11:41:49Z,2015-01-09T11:41:50Z,,https://www.benzinga.com/node/5133284,
5133718,OXLC,"Selz Capital Reports 7.5% Passive Stake in Oxford Lane Capital Corp Oxlc.o as of Dec 31, 201",,Benzinga,2015-01-09T12:07:18Z,2015-01-09T12:07:18Z,,https://www.benzinga.com/node/5133718,
5134489,OPK,"Opko Health Chairman Frost Buys 22,300 Shares @$10.03/Share -Form 4",,Benzinga,2015-01-09T14:57:38Z,2015-01-09T14:57:38Z,,https://www.benzinga.com/node/5134489,
5135236,PAA,Jefferies: Not All MPLs In 'Stock Pickers' Bone Yard',,Benzinga,2015-01-09T18:41:29Z,2015-01-09T18:41:30Z,,https://www.benzinga.com/node/5135236,
5129058,PEP,"Benzinga's M&A Chatter for Wednesday January 7, 2015",,Benzinga,2015-01-07T23:18:13Z,2015-01-09T10:27:34Z,,https://www.benzinga.com/node/5129058,
5134298,PATK,"Amended 13D Filing from Tontine Capital on Patrick Industries Shows Firm Terminated Sales P lan, Sold Shares Back to Co. at $43.85/Share",,Benzinga,2015-01-09T14:15:52Z,2015-01-09T14:15:52Z,,https://www.benzinga.com/node/5134298,
5135236,PAGP,Jefferies: Not All MPLs In 'Stock Pickers' Bone Yard',,Benzinga,2015-01-09T18:41:29Z,2015-01-09T18:41:30Z,,https://www.benzinga.com/node/5135236,
5135291,PEP,Stifel Raises Price Target On PepsiCo,,Benzinga,2015-01-09T18:53:15Z,2015-01-09T18:53:15Z,,https://www.benzinga.com/node/5135291,
5132315,PENN,A Look At 3 Attractive Casino Stocks Gaining On Thursday,,Benzinga,2015-01-09T20:22:06Z,2015-01-09T20:22:06Z,,https://www.benzinga.com/node/5132315,
5133304,PWRD,"Perfect World Special Committee Engages Financial Advisors, Legal Counsel",,Benzinga,2015-01-09T11:54:05Z,2015-01-09T11:55:24Z,,https://www.benzinga.com/node/5133304,
5134873,QLYS,From 13G: Eagle Asset Management Reports 5.2% Stake In Qualys Inc.,,Benzinga,2015-01-09T16:28:31Z,2015-01-09T16:28:31Z,,https://www.benzinga.com/node/5134873,
5133249,REGN,"Regeneron, Sanofi Report Alirocumab Trials Met Primary Efficacy Endpoints",,Benzinga,2015-01-09T10:38:59Z,2015-01-09T10:38:59Z,,https://www.benzinga.com/node/5133249,
5129301,REG,Retail REIT DDR Corp Hits 52-Week High On Dividend Hike & FFO Guidance,,Benzinga,2015-01-08T22:33:29Z,2015-01-09T20:09:32Z,,https://www.benzinga.com/node/5129301,
5134460,RRGB,Tigress Financial Upgrades Red Robin Gourmet Burgers to Neutral,,Benzinga,2015-01-09T14:44:09Z,2015-01-09T14:44:09Z,,https://www.benzinga.com/node/5134460,
5134683,RRGB,Tigress Financial Upgrades Red Robin Gourmet Burgers,,Benzinga,2015-01-09T15:58:32Z,2015-01-09T15:58:33Z,,https://www.benzinga.com/node/5134683,
5128142,RMTI,What Investors Should Expect From Rockwell Medical's Next FDA Decision,,Benzinga,2015-01-07T21:22:07Z,2015-01-09T17:47:50Z,,https://www.benzinga.com/node/5128142,
5133933,SBLK,Benzinga's Top #PreMarket Losers,,Benzinga,2015-01-09T13:09:04Z,2015-01-09T13:09:04Z,,https://www.benzinga.com/node/5133933,
5134056,SCYX,Scynexis Announces Fast Track Designation for SCY-078,,Benzinga,2015-01-09T13:31:06Z,2015-01-09T13:31:06Z,,https://www.benzinga.com/node/5134056,
5133721,SBUX,What The Market's Reading: January 9,,Benzinga,2015-01-09T14:01:16Z,2015-01-09T14:02:56Z,,https://www.benzinga.com/node/5133721,
5134286,SBLK,Star Bulk Carriers Prices 49M Share Offering at $5/Share,,Benzinga,2015-01-09T14:11:51Z,2015-01-09T14:11:51Z,,https://www.benzinga.com/node/5134286,
5134481,SBLK,Morning Market Losers,,Benzinga,2015-01-09T14:53:07Z,2015-01-09T14:59:52Z,,https://www.benzinga.com/node/5134481,
5134363,SBLK,Morning Movers,,Benzinga,2015-01-09T15:06:16Z,2015-01-09T15:06:16Z,,https://www.benzinga.com/node/5134363,
5134576,SBLK,Stocks Hitting 52-Week Lows,,Benzinga,2015-01-09T15:19:55Z,2015-01-09T15:19:55Z,,https://www.benzinga.com/node/5134576,
5134676,SBLK,Mid-Morning Market Update: Markets Decline; Infosys Posts Higher Profit,,Benzinga,2015-01-09T15:49:11Z,2015-01-09T15:49:12Z,,https://www.benzinga.com/node/5134676,
5130183,SBUX,Keurig Stock Heats Up As Its Single-Serve Machines Go Cold,,Benzinga,2015-01-09T18:10:55Z,2015-01-09T18:10:55Z,,https://www.benzinga.com/node/5130183,
5135228,SBLK,Mid-Day Market Update: Dow Dips 1%; Acuity Brands Shares Jump On Earnings Beat,,Benzinga,2015-01-09T18:33:30Z,2015-01-09T18:33:30Z,,https://www.benzinga.com/node/5135228,
5135546,SBLK,"Mid-Afternoon Market Update: Five Below Slips On Weak Outlook; Agenus Shares Spike HigherToward the end of trading Friday, the Dow traded down 0.86 percent to 17,754.26 while the NASDAQ slipped 0.53 percent to 4,711.18. The S&P also fell, dropping 0.77 pe",,Benzinga,2015-01-09T20:41:20Z,2015-01-09T20:41:20Z,,https://www.benzinga.com/node/5135546,
5133670,SHOO,Steven Madden Sees FY2014 EPS $1.75-1.76,,Benzinga,2015-01-09T12:04:19Z,2015-01-09T12:04:20Z,,https://www.benzinga.com/node/5133670,
5133716,SHOO,Steven Madden Sees q4 Sales $342.60M-342.60 vs $339.50M Est,,Benzinga,2015-01-09T12:04:53Z,2015-01-09T12:04:53Z,,https://www.benzinga.com/node/5133716,
5134546,SLM,Compass Point: Congress Unlikely To Pay For Free Community College Initiative,,Benzinga,2015-01-09T15:24:56Z,2015-01-09T15:24:56Z,,https://www.benzinga.com/node/5134546,
5135022,SKYW,"SkyWest Reports Combined December 2014 Traffic For SkyWest Airlines, ExpressJet Airlines; 2.2% Decrease In RPMs, ASMs Decreased 0.2%",,Benzinga,2015-01-09T17:11:48Z,2015-01-09T17:11:48Z,,https://www.benzinga.com/node/5135022,
5133249,SNY,"Regeneron, Sanofi Report Alirocumab Trials Met Primary Efficacy Endpoints",,Benzinga,2015-01-09T10:38:59Z,2015-01-09T10:38:59Z,,https://www.benzinga.com/node/5133249,
5133069,SUNE,Karen Finerman's Sunedison Inc Trade,,Benzinga,2015-01-09T00:53:18Z,2015-01-09T00:53:18Z,,https://www.benzinga.com/node/5133069,
5133264,SVA,Taiwan Confirms Bird-Flu Case at Chicken Farm in Southern Pingtung County -Wall Street Journal,,Benzinga,2015-01-09T11:08:43Z,2015-01-09T11:08:43Z,,https://www.benzinga.com/node/5133264,
5132750,SUNE,Credit Suisse's 9 Energy And Utility Stocks To Own,,Benzinga,2015-01-09T19:18:18Z,2015-01-09T19:18:19Z,,https://www.benzinga.com/node/5132750,
5134576,TCBI,Stocks Hitting 52-Week Lows,,Benzinga,2015-01-09T15:19:55Z,2015-01-09T15:19:55Z,,https://www.benzinga.com/node/5134576,
5133717,TNXP,Tonix Pharma Announces Positive Progress on Trials,,Benzinga,2015-01-09T12:05:28Z,2015-01-09T12:05:28Z,,https://www.benzinga.com/node/5133717,
5133776,TRS,"Deutsche Bank Downgrades TriMas to Hold, Announces $34.00 PT",,Benzinga,2015-01-09T12:39:03Z,2015-01-09T12:39:03Z,,https://www.benzinga.com/node/5133776,
5134014,TRS,"UPDATE: Deutsche Bank Downgrades TriMas Corp. to Hold, Reiterates $34 PT on Limited Share Price Upside",,Benzinga,2015-01-09T13:24:25Z,2015-01-09T13:24:25Z,,https://www.benzinga.com/node/5134014,
5135721,TRST,8 US Banking Stocks With Low NPAs & High Net Income Growth,,Benzinga,2015-01-09T21:22:44Z,2015-01-09T21:22:45Z,,https://www.benzinga.com/node/5135721,
5133307,ULTA,"Nomura Initiates Coverage on Ulta Salon Cosmetics at Buy, Announces $126.00 PT",,Benzinga,2015-01-09T11:55:25Z,2015-01-09T11:55:25Z,,https://www.benzinga.com/node/5133307,
5134825,ULTA,Normura Initiates Coverage Ulta Salon And Sally Beauty,,Benzinga,2015-01-09T16:18:31Z,2015-01-09T16:19:10Z,,https://www.benzinga.com/node/5134825,
5135283,TTEK,These 3 Companies Will Share A New $185 Million Army Corps Of Engineers Contract,,Benzinga,2015-01-09T18:46:31Z,2015-01-09T18:46:46Z,,https://www.benzinga.com/node/5135283,
5135843,UAL,"8-K from United Continental Holdings Shows Prelim. Q4 Capacity Growth 0.9%, PRASM Growth in 0.25-0.75%",,Benzinga,2015-01-09T22:08:39Z,2015-01-09T22:08:39Z,,https://www.benzinga.com/node/5135843,
5135100,URBN,Wunderlich Sees Urban Outfitters Inc. FY16 Turnaround,,Benzinga,2015-01-09T17:40:06Z,2015-01-09T17:40:07Z,,https://www.benzinga.com/node/5135100,
5135078,VC,Citi Names Stocks To Watch Ahead Of Detroit Auto Show,,Benzinga,2015-01-09T17:47:22Z,2015-01-09T17:47:22Z,,https://www.benzinga.com/node/5135078,
5134469,VNDA,Option Alert: Vanda Pharmaceuticals Jan $12 Call; 3359 Contracts Traded vs 164 OI; Currently $12.84,,Benzinga,2015-01-09T14:47:42Z,2015-01-09T14:47:42Z,,https://www.benzinga.com/node/5134469,
5134570,VRSK,Verisk Analytics Reports ISO Will Submit Filings Ahead of Pres Obama's Signature of TRIA Reauthorization Act,,Benzinga,2015-01-09T15:16:34Z,2015-01-09T15:16:34Z,,https://www.benzinga.com/node/5134570,
5134661,VNCE,Benzinga's Volume Movers,,Benzinga,2015-01-09T15:27:41Z,2015-01-09T15:27:41Z,,https://www.benzinga.com/node/5134661,
5134727,VRTX,Adam Feuerstein @adamfeuerstein Tweet: $GILD Buying $VRTX Among Bold Biotech Stock Predictions for 2015 thestreet.com/story/13006004… @dsobek peers into his Cajun crystal ball...,,Benzinga,2015-01-09T15:55:12Z,2015-01-09T15:55:47Z,,https://www.benzinga.com/node/5134727,
5133252,WMT,"China to Allow Online Sales of Prescription Drugs as Early as this Month, According to Source -Reuters",,Benzinga,2015-01-09T10:52:18Z,2015-01-09T10:52:18Z,,https://www.benzinga.com/node/5133252,
5134067,WMT,Sterne Agee's 10 2015 Predictions For Financial Technology And Payments Sector,,Benzinga,2015-01-09T13:47:18Z,2015-01-09T13:47:18Z,,https://www.benzinga.com/node/5134067,
5134559,WEN,Tigress Financial Reiterates Wendy's Company At Buy,,Benzinga,2015-01-09T15:13:57Z,2015-01-09T15:13:57Z,,https://www.benzinga.com/node/5134559,
5131980,WMT,Credit Suisse's 9 Consumer Stocks To Own,,Benzinga,2015-01-09T13:29:12Z,2015-01-09T16:27:21Z,,https://www.benzinga.com/node/5131980,
5135808,WMT,"Nomura Comments On Retail, Raises Price Targets",,Benzinga,2015-01-09T22:19:32Z,2015-01-09T22:19:32Z,,https://www.benzinga.com/node/5135808,
5133295,XEL,"RBC Capital Downgrades Xcel Energy to Sector Perform, Raises PT to $38.00",,Benzinga,2015-01-09T11:49:28Z,2015-01-09T11:49:29Z,,https://www.benzinga.com/node/5133295,
5134099,WYNN,"Morgan Stanley Upgrades Wynn Resorts to Overweight, Announces $190.00 PT",,Benzinga,2015-01-09T13:41:59Z,2015-01-09T13:41:59Z,,https://www.benzinga.com/node/5134099,
5132937,ZUMZ,Retailers Totting Up Better-Than Expected Holiday Numbers,,Benzinga,2015-01-09T13:00:36Z,2015-01-09T13:00:48Z,,https://www.benzinga.com/node/5132937,
5133724,CMCSA,Net Neutrality Vote Slated For February,,Benzinga,2015-01-10T17:57:16Z,2015-01-10T17:57:16Z,,https://www.benzinga.com/node/5133724,
5133731,EBAY,Activist Investors Speak Up In 2015,,Benzinga,2015-01-10T18:05:00Z,2015-01-10T18:05:00Z,,https://www.benzinga.com/node/5133731,
5133724,NFLX,Net Neutrality Vote Slated For February,,Benzinga,2015-01-10T17:57:16Z,2015-01-10T17:57:16Z,,https://www.benzinga.com/node/5133724,
5133731,PEP,Activist Investors Speak Up In 2015,,Benzinga,2015-01-10T18:05:00Z,2015-01-10T18:05:00Z,,https://www.benzinga.com/node/5133731,
5136047,SBUX,CNBC's Stock Pops & Drops From January 9,,Benzinga,2015-01-10T17:50:11Z,2015-01-10T17:50:11Z,,https://www.benzinga.com/node/5136047,
5134332,AAPL,"How Apple Could Have Bought Netflix, Tesla And Twitter (And Still Spent More On Stock Buybacks Than Anyone Else)",,Benzinga,2015-01-09T14:36:35Z,2015-01-11T14:29:54Z,,https://www.benzinga.com/node/5134332,
5133727,AMZN,Price-Conscious Consumes To Shape The Retail Sector,,Benzinga,2015-01-11T17:47:05Z,2015-01-11T17:47:06Z,,https://www.benzinga.com/node/5133727,
5136606,BCRX,"More Taiwan Poultry Farms Test Positive for H5N2, H5N8 Bird Flu Strains -Wall Street Journal",,Benzinga,2015-01-11T12:28:38Z,2015-01-11T12:28:38Z,,https://www.benzinga.com/node/5136606,
5136473,CG,Philadelphia Energy Solutions Refinery Operating at Less than Half Capacity Due to Fire; No Report of Injuries -Reuters,,Benzinga,2015-01-11T02:55:28Z,2015-01-11T02:55:28Z,,https://www.benzinga.com/node/5136473,
5135098,CTSH,IBM's Lost Decade In 7 Charts,,Benzinga,2015-01-09T17:31:05Z,2015-01-11T14:32:38Z,,https://www.benzinga.com/node/5135098,
5133734,CSCO,Morgan Stanley Proves Cybersecurity Is Still An Issue,,Benzinga,2015-01-11T18:07:04Z,2015-01-11T18:07:05Z,,https://www.benzinga.com/node/5133734,
5136400,FTNT,"President Obama to Propose Measures Adressing Cybersecurity, Identity Theft Next Week -DJ",,Benzinga,2015-01-10T18:13:30Z,2015-01-11T14:06:27Z,,https://www.benzinga.com/node/5136400,
5136774,FOXA,"Fox's 'Taken 3' Wins Worldwide Weekend Box Office Title, Grossing $81.4M",,Benzinga,2015-01-11T21:20:09Z,2015-01-11T21:20:09Z,,https://www.benzinga.com/node/5136774,
5135215,MKTX,Credit Suisse's 6 Financial Stocks To Avoid,,Benzinga,2015-01-11T18:11:54Z,2015-01-11T18:11:54Z,,https://www.benzinga.com/node/5135215,
5136606,NVAX,"More Taiwan Poultry Farms Test Positive for H5N2, H5N8 Bird Flu Strains -Wall Street Journal",,Benzinga,2015-01-11T12:28:38Z,2015-01-11T12:28:38Z,,https://www.benzinga.com/node/5136606,
5136400,PANW,"President Obama to Propose Measures Adressing Cybersecurity, Identity Theft Next Week -DJ",,Benzinga,2015-01-10T18:13:30Z,2015-01-11T14:06:27Z,,https://www.benzinga.com/node/5136400,
5135519,PTCT,Credit Suisse's 6 Healthcare Stocks To Own,,Benzinga,2015-01-11T17:59:46Z,2015-01-11T17:59:46Z,,https://www.benzinga.com/node/5135519,
5136780,QCOM,"Mike Khouw's QUALCOMM, Inc. Trade",,Benzinga,2015-01-11T22:56:05Z,2015-01-11T22:56:05Z,,https://www.benzinga.com/node/5136780,
5136774,RENT,"Fox's 'Taken 3' Wins Worldwide Weekend Box Office Title, Grossing $81.4M",,Benzinga,2015-01-11T21:20:09Z,2015-01-11T21:20:09Z,,https://www.benzinga.com/node/5136774,
5136635,SLAB,Taiwan Semiconductor's Internet of Things Platform to Go into Mass Production,,Benzinga,2015-01-11T13:52:45Z,2015-01-11T13:56:02Z,,https://www.benzinga.com/node/5136635,
5136606,SVA,"More Taiwan Poultry Farms Test Positive for H5N2, H5N8 Bird Flu Strains -Wall Street Journal",,Benzinga,2015-01-11T12:28:38Z,2015-01-11T12:28:38Z,,https://www.benzinga.com/node/5136606,
5136416,UAL,Credit Suisse's 7 Industrial Stocks To Own,,Benzinga,2015-01-11T19:44:24Z,2015-01-11T19:44:24Z,,https://www.benzinga.com/node/5136416,
5135780,UTHR,Credit Suisse's 4 Healthcare Stocks To Avoid,,Benzinga,2015-01-11T18:15:39Z,2015-01-11T18:15:39Z,,https://www.benzinga.com/node/5135780,
5136827,ACT,"Adamas Pharmaceuticals Recaps 2014 Acheivements, Previews Upcoming Business Drivers",,Benzinga,2015-01-12T00:30:39Z,2015-01-12T00:30:39Z,,https://www.benzinga.com/node/5136827,
5137348,AAPL,Apple Opens First Store in Central China -WantChinaTimes,,Benzinga,2015-01-12T11:13:02Z,2015-01-12T11:13:02Z,,https://www.benzinga.com/node/5137348,
5136044,AAPL,"Will The iPhone 6S, iPhone 7 Feature An Entirely New Display?",,Benzinga,2015-01-12T12:30:00Z,2015-01-12T12:30:01Z,,https://www.benzinga.com/node/5136044,
5137792,AAL,"American Air Reports Dec. Traffic Down 0.4%, Capacity Growth 3.7%; Expecting Q4 PRASM Unch to Down 2%",,Benzinga,2015-01-12T13:02:18Z,2015-01-12T13:02:18Z,,https://www.benzinga.com/node/5137792,
5137918,ACT,"Actavis, Allergan Announce Early Termination of Hart-Scott-Rodino Waiting Period",,Benzinga,2015-01-12T13:06:53Z,2015-01-12T13:06:53Z,,https://www.benzinga.com/node/5137918,
5138089,ACT,Actavis Reports 'Exceptional' Prelim. Q4 Results: Expecting to Beat Q4 Adj. EPS Figure by 10-15%,,Benzinga,2015-01-12T13:31:14Z,2015-01-12T13:31:14Z,,https://www.benzinga.com/node/5138089,
5135524,AAPL,Apple Created A Special Team To Win Sony's Former Customers,,Benzinga,2015-01-12T14:02:37Z,2015-01-12T14:03:46Z,,https://www.benzinga.com/node/5135524,
5135772,AAPL,Apple Watch Could Be Apple's 'Most Successful Product' And Break All Previous Sales Records,,Benzinga,2015-01-12T14:10:04Z,2015-01-12T14:10:58Z,,https://www.benzinga.com/node/5135772,
5138430,AAPL,"JPMorgan: Apple Has Caught Up With U.S. iPhone 6 Demand, Neutral Impact To Shares",,Benzinga,2015-01-12T15:29:51Z,2015-01-12T15:29:51Z,,https://www.benzinga.com/node/5138430,
5136446,ACAD,Biotechs Presenting at the J.P. Morgan Healthcare Conference: Day Two,,Benzinga,2015-01-12T16:03:52Z,2015-01-12T16:03:52Z,,https://www.benzinga.com/node/5136446,
5138472,AAL,American Airlines Group Inc. Drops On Weaker Monthly Traffic,,Benzinga,2015-01-12T16:17:56Z,2015-01-12T16:17:56Z,,https://www.benzinga.com/node/5138472,
5135994,AAPL,"Weekly Tech Highlights: Apple To Set New Sales Records, Amazon's Bragging Rights And More",,Benzinga,2015-01-10T18:12:03Z,2015-01-12T16:45:11Z,,https://www.benzinga.com/node/5135994,
5139524,AAPL,Here's How Apple Is Creating A Whole New Industry Through Its iWatch,,Benzinga,2015-01-12T19:19:27Z,2015-01-12T19:19:27Z,,https://www.benzinga.com/node/5139524,
5136829,AAPL,Mentz: Here Are 10 Trends To Watch Out For In 2015,,Benzinga,2015-01-12T00:52:38Z,2015-01-12T19:29:07Z,,https://www.benzinga.com/node/5136829,
5139664,AAPL,"Credit Suisse Downgrades Teradyne, Says Street Estimates Too High",,Benzinga,2015-01-12T20:19:58Z,2015-01-12T20:19:58Z,,https://www.benzinga.com/node/5139664,
5140168,AAPL,"Apple Opens First Store In Central China, Sees More Growth Ahead",,Benzinga,2015-01-12T21:50:41Z,2015-01-12T21:51:40Z,,https://www.benzinga.com/node/5140168,
5136442,AGIO,Biotechs Presenting at the J.P. Morgan Healthcare Conference: Day One,,Benzinga,2015-01-12T13:55:27Z,2015-01-12T13:55:28Z,,https://www.benzinga.com/node/5136442,
5139973,AGIO,Agios Announces That Celgene Has Agreed To Exercise Its Option To License AG-120 Under Global Strategic Collaboration,,Benzinga,2015-01-12T21:08:07Z,2015-01-12T21:08:07Z,,https://www.benzinga.com/node/5139973,
5136840,AMZN,Amazon's 'Transparent' Wins Golden Globe Award,,Benzinga,2015-01-12T01:44:45Z,2015-01-12T01:44:45Z,,https://www.benzinga.com/node/5136840,
5137774,AMBA,"UPDATE: Barrington Research Reiterates Outperform Rating, Raises PT on Ambarella on CES Wrap Up",,Benzinga,2015-01-12T13:01:16Z,2015-01-12T13:01:16Z,,https://www.benzinga.com/node/5137774,
5136442,ALNY,Biotechs Presenting at the J.P. Morgan Healthcare Conference: Day One,,Benzinga,2015-01-12T13:55:27Z,2015-01-12T13:55:28Z,,https://www.benzinga.com/node/5136442,
5136446,ALKS,Biotechs Presenting at the J.P. Morgan Healthcare Conference: Day Two,,Benzinga,2015-01-12T16:03:52Z,2015-01-12T16:03:52Z,,https://www.benzinga.com/node/5136446,
5136446,AMGN,Biotechs Presenting at the J.P. Morgan Healthcare Conference: Day Two,,Benzinga,2015-01-12T16:03:52Z,2015-01-12T16:03:52Z,,https://www.benzinga.com/node/5136446,
5137581,AMZN,What The Market's Reading: January 12,,Benzinga,2015-01-12T16:24:33Z,2015-01-12T16:25:00Z,,https://www.benzinga.com/node/5137581,
5135994,AMZN,"Weekly Tech Highlights: Apple To Set New Sales Records, Amazon's Bragging Rights And More",,Benzinga,2015-01-10T18:12:03Z,2015-01-12T16:45:11Z,,https://www.benzinga.com/node/5135994,
5137627,AMZN,Golden Globes Suggests TV Landscape Is Changing,,Benzinga,2015-01-12T17:48:00Z,2015-01-12T17:48:00Z,,https://www.benzinga.com/node/5137627,
5137643,AMZN,Smartphone Browsing Creates Vertical Search Needs,,Benzinga,2015-01-12T18:30:34Z,2015-01-12T18:37:32Z,,https://www.benzinga.com/node/5137643,
5139929,AMGN,"Amgen, MD Anderson Announce Agreement to Develop BiTE Therapies",,Benzinga,2015-01-12T21:03:28Z,2015-01-12T21:03:28Z,,https://www.benzinga.com/node/5139929,
5139778,AMBA,"Analyst: Microsoft Corp., Google Inc., 'Big Losers' In Las Vegas",,Benzinga,2015-01-12T21:09:08Z,2015-01-12T21:18:38Z,,https://www.benzinga.com/node/5139778,
5140286,AMD,AMD General Manager John Byrne To Leave Company,,Benzinga,2015-01-12T22:09:10Z,2015-01-12T22:09:10Z,,https://www.benzinga.com/node/5140286,
5137468,ARAY,"Northland Securities Initiates Coverage on Accuray at Outperform, Announces $11.00 PT",,Benzinga,2015-01-12T11:54:27Z,2015-01-12T11:54:28Z,,https://www.benzinga.com/node/5137468,
5137553,ARWR,Arrowhead Research Says FDA Informed Co in Preliminary Call of Partial Clinical Hold Under Which Co Cleared to Begin Modified Study of ARC-520,,Benzinga,2015-01-12T12:04:26Z,2015-01-12T12:04:26Z,,https://www.benzinga.com/node/5137553,
5138012,ARWR,Benzinga's Top #PreMarket Losers,,Benzinga,2015-01-12T13:15:52Z,2015-01-12T13:15:52Z,,https://www.benzinga.com/node/5138012,
5138160,ARAY,Northland Securities Initiates Accuray At Outperform,,Benzinga,2015-01-12T13:37:01Z,2015-01-12T13:37:01Z,,https://www.benzinga.com/node/5138160,
5138217,ARAY,Benzinga's Top Initiations,,Benzinga,2015-01-12T13:47:37Z,2015-01-12T13:47:37Z,,https://www.benzinga.com/node/5138217,
5138279,ARWR,Arrowhead Research Tumbles 17% Following FDA News,,Benzinga,2015-01-12T14:13:21Z,2015-01-12T14:13:21Z,,https://www.benzinga.com/node/5138279,
5138384,ARWR,Monday Morning Movers,,Benzinga,2015-01-12T14:48:10Z,2015-01-12T14:48:10Z,,https://www.benzinga.com/node/5138384,
5138421,ARWR,Morning Market Losers,,Benzinga,2015-01-12T14:54:06Z,2015-01-12T14:54:06Z,,https://www.benzinga.com/node/5138421,
5138490,ARWR,Mid-Morning Market Update: Markets Tumble; Shire To Acquire NPS Pharmaceuticals For $5.2B,,Benzinga,2015-01-12T16:37:57Z,2015-01-12T16:37:58Z,,https://www.benzinga.com/node/5138490,
5138529,ARWR,Mid-Day Market Update: Foundation Medicine Shares Jump Following Deal With Roche; Crude Oil Slides Over 4%,,Benzinga,2015-01-12T17:55:56Z,2015-01-12T17:55:56Z,,https://www.benzinga.com/node/5138529,
5137614,AVT,Avnet Reports Embedded Unit Has Signed Distribution Deal for Americas with MiTAC Computing Technology,,Benzinga,2015-01-12T12:16:27Z,2015-01-12T12:16:28Z,,https://www.benzinga.com/node/5137614,
5138128,ATRC,AtriCure Sees FY2015 Sales $122.50M-124.50M,,Benzinga,2015-01-12T13:34:05Z,2015-01-12T13:34:06Z,,https://www.benzinga.com/node/5138128,
5138326,ASYS,Amtech Announces $30M in Total Orders for Q1 2015,,Benzinga,2015-01-12T14:04:55Z,2015-01-12T14:04:55Z,,https://www.benzinga.com/node/5138326,
5138496,AVNW,"Aviat Networks Reaches Agreement with Steel Partners, Lone Star Value Management",,Benzinga,2015-01-12T16:37:05Z,2015-01-12T16:37:05Z,,https://www.benzinga.com/node/5138496,
5136834,BIIB,Biogen Idec to Acquire Convergence Pharmaceuticals,,Benzinga,2015-01-12T01:04:26Z,2015-01-12T01:04:26Z,,https://www.benzinga.com/node/5136834,
5136835,BIIB,"UPDATE: Biogen to Pay Convergence Shareholders Upfront Payment of $200M, Plus Up to Additional $475M Contingent on Future Milestones",,Benzinga,2015-01-12T01:07:28Z,2015-01-12T01:07:28Z,,https://www.benzinga.com/node/5136835,
5137317,BLFS,BioLife Solutions Sees Q4 Sales $1.80M vs $1.37M Est,,Benzinga,2015-01-12T11:09:53Z,2015-01-12T11:09:54Z,,https://www.benzinga.com/node/5137317,
5137318,BLFS,BioLife Solutions Sees FY2014 Sales $6.30M vs $5.89M Est,,Benzinga,2015-01-12T11:10:23Z,2015-01-12T11:10:24Z,,https://www.benzinga.com/node/5137318,
5136442,BIIB,Biotechs Presenting at the J.P. Morgan Healthcare Conference: Day One,,Benzinga,2015-01-12T13:55:27Z,2015-01-12T13:55:28Z,,https://www.benzinga.com/node/5136442,
5136442,BMRN,Biotechs Presenting at the J.P. Morgan Healthcare Conference: Day One,,Benzinga,2015-01-12T13:55:27Z,2015-01-12T13:55:28Z,,https://www.benzinga.com/node/5136442,
5139463,BMRN,BioMarin Provides Positive Preliminary Data From Ongoing Phase 1/2 Pivotal Study of BMN 190,,Benzinga,2015-01-12T18:46:31Z,2015-01-12T18:46:31Z,,https://www.benzinga.com/node/5139463,
5139464,BMRN,"UPDATE: BioMarin Pharmaceutical Reports in All 9 of Patients Followed for 6-15 Months, Treatment Appears to Show Stabiliazation of Disease",,Benzinga,2015-01-12T18:47:26Z,2015-01-12T18:47:26Z,,https://www.benzinga.com/node/5139464,
5139528,BIDU,Nuance Communications Shares Spike Higher on Rumor of Potential Bid from Baidu,,Benzinga,2015-01-12T19:12:08Z,2015-01-12T19:12:08Z,,https://www.benzinga.com/node/5139528,
5139530,BIDU,"Option Alert: Nuance Communications Feb $15 Call; 2,161 Contract Trade Above Ask @$0.31; Currently $13.67",,Benzinga,2015-01-12T19:13:24Z,2015-01-12T19:13:24Z,,https://www.benzinga.com/node/5139530,
5135783,BIIB,A Look At 3 Biotech Stocks With Plenty Of Upside Potential,,Benzinga,2015-01-12T21:25:26Z,2015-01-12T21:25:26Z,,https://www.benzinga.com/node/5135783,
5138270,CAMP,CalAmp Offers Volume Shipments for Fleet Mgmt,,Benzinga,2015-01-12T14:00:44Z,2015-01-12T14:00:44Z,,https://www.benzinga.com/node/5138270,
5137148,CENTA,Top 4 Small-Cap Stocks In The Agricultural Chemicals Industry With The Highest EPS,,Benzinga,2015-01-12T09:22:02Z,2015-01-12T09:22:02Z,,https://www.benzinga.com/node/5137148,
5137162,CDNA,DIAXONHIT Announces Strasbourg U Hospital to Become European Central Lab for Processing CareDx AlloMap Heart Transplant Tests,,Benzinga,2015-01-12T09:37:17Z,2015-01-12T09:37:17Z,,https://www.benzinga.com/node/5137162,
5137531,CHEF,"The Chefs' Warehouse Reports Purchase of Del Monte Meat Co. for ~$191.2M in Cash, Stock, Notes; Chefs' Expecting FY15 Sales $1-$1.1B, Adj. EPS $0.70-$0.80",,Benzinga,2015-01-12T12:01:41Z,2015-01-12T12:01:41Z,,https://www.benzinga.com/node/5137531,
5138277,CHCO,City Holding Company Announces Sale of CityInsurance For $5.8M,,Benzinga,2015-01-12T14:01:54Z,2015-01-12T14:01:54Z,,https://www.benzinga.com/node/5138277,
5139591,CHKP,Cyber Security Stocks To Watch Following ISIS Twitter Hack Of U.S. Central Command,,Benzinga,2015-01-12T19:40:35Z,2015-01-12T19:57:50Z,,https://www.benzinga.com/node/5139591,
5139778,CEVA,"Analyst: Microsoft Corp., Google Inc., 'Big Losers' In Las Vegas",,Benzinga,2015-01-12T21:09:08Z,2015-01-12T21:18:38Z,,https://www.benzinga.com/node/5139778,
5137412,CHRW,"Barclays Upgrades CH Robinson Worldwide to Overweight, Raises PT to $80.00",,Benzinga,2015-01-12T11:32:07Z,2015-01-12T11:32:08Z,,https://www.benzinga.com/node/5137412,
5136435,CHRW,Credit Suisse's 5 Industrial Stocks To Avoid,,Benzinga,2015-01-12T12:35:33Z,2015-01-12T12:35:33Z,,https://www.benzinga.com/node/5136435,
5137770,CHRW,Barclays Upgrades CH Robinson Worldwide To Overweight,,Benzinga,2015-01-12T12:53:45Z,2015-01-12T12:53:45Z,,https://www.benzinga.com/node/5137770,
5138175,CHRW,Benzinga's Top Upgrades,,Benzinga,2015-01-12T13:38:21Z,2015-01-12T13:38:21Z,,https://www.benzinga.com/node/5138175,
5137900,CPRX,"Catalyst Pharma Offers '15 Goals: Expecting Pre-NDA Meeting with FDA, NDA Submission of Firdapse, to Develop Regulatory Strategy for Firdapse",,Benzinga,2015-01-12T13:05:20Z,2015-01-12T13:05:20Z,,https://www.benzinga.com/node/5137900,
5138401,CPB,"Citi Downgrades Major Food Names: Kellogg, ConAgra, Mondelez from Buy to Neutral, Kraft, Campbell, McCormick from Neutral to Sell",,Benzinga,2015-01-12T14:33:30Z,2015-01-12T14:33:30Z,,https://www.benzinga.com/node/5138401,
5138423,CPB,"Citigroup Bearish On Food Companies, Downgrades Six Names",,Benzinga,2015-01-12T15:19:54Z,2015-01-12T15:19:54Z,,https://www.benzinga.com/node/5138423,
5137163,DBVT,DBV Technologies Announces Publication in the Journal of Allergy and Clinical Immunology of Data Demonstrating that Epicutaneous Immunotherapy may Influence the Natural History of Allergy,,Benzinga,2015-01-12T09:39:00Z,2015-01-12T09:39:51Z,,https://www.benzinga.com/node/5137163,
5137747,CZR,Appaloosa Investment Files Involuntary Bankruptcy Petition Against Main Operating Unit of Caesars Entertainment -Bloomberg,,Benzinga,2015-01-12T12:45:43Z,2015-01-12T12:45:43Z,,https://www.benzinga.com/node/5137747,
5137866,CYTK,FDA Approves Cytori U.S. Pivotal Scleroderma Trial,,Benzinga,2015-01-12T13:03:06Z,2015-01-12T13:03:06Z,,https://www.benzinga.com/node/5137866,
5138409,CTSH,"UPDATE: Jefferies Reiterates Buy Rating, Raises PT on Cognizant Technology Solutions Corp. on the Weekly ""Edge""",,Benzinga,2015-01-12T14:44:32Z,2015-01-12T14:44:53Z,,https://www.benzinga.com/node/5138409,
5138517,CZR,Caesars Entertainment Corporation Offers Consent Fee to Bank Lenders,,Benzinga,2015-01-12T17:23:19Z,2015-01-12T17:23:19Z,,https://www.benzinga.com/node/5138517,
5129128,CSCO,2015 Dogs Of The Dow,,Benzinga,2015-01-12T18:58:27Z,2015-01-12T18:58:27Z,,https://www.benzinga.com/node/5129128,
5139663,DAVE,From 13D: Lioneye Reports 9.8% Stake In Famous Dave's,,Benzinga,2015-01-12T19:54:49Z,2015-01-12T19:54:49Z,,https://www.benzinga.com/node/5139663,
5140099,CSIQ,CICC Initiates Coverage on Canadian Solar at Buy,,Benzinga,2015-01-12T21:26:18Z,2015-01-12T21:26:18Z,,https://www.benzinga.com/node/5140099,
5138524,CSCO,"Two Picks In The Communication Equipment Industry, Following Aruba Networks' Downgrade",,Benzinga,2015-01-12T22:06:57Z,2015-01-12T22:06:57Z,,https://www.benzinga.com/node/5138524,
5137303,DLTR,Dollar Tree Announces Progress on FTC's Review of Pending Acquisition of Family Dollar,,Benzinga,2015-01-12T11:02:52Z,2015-01-12T11:02:52Z,,https://www.benzinga.com/node/5137303,
5138426,DLTR,"Option Alert: Dollar General Feb $72.5 Call; 2,431 Contract Trade at Ask @$0.85; Currently $66.25",,Benzinga,2015-01-12T15:00:30Z,2015-01-12T15:00:30Z,,https://www.benzinga.com/node/5138426,
5138507,EBAY,"eBay Enterprise Clients Reach More Than $1B in Ship-from Store, In-Store Pickup Sales",,Benzinga,2015-01-12T17:05:26Z,2015-01-12T17:05:27Z,,https://www.benzinga.com/node/5138507,
5136829,EBAY,Mentz: Here Are 10 Trends To Watch Out For In 2015,,Benzinga,2015-01-12T00:52:38Z,2015-01-12T19:29:07Z,,https://www.benzinga.com/node/5136829,
5137639,FATE,Fate Therapeutics Reports '15 Objectives for Advancement of Programmed Cellular Therapeutics Pipeline; Sees Primary Endpoint Data for Prohema Expected in Mid-2015,,Benzinga,2015-01-12T12:22:18Z,2015-01-12T12:22:18Z,,https://www.benzinga.com/node/5137639,
5138324,EXAS,Exact Sciences Offers Update on Cologuard,,Benzinga,2015-01-12T14:04:02Z,2015-01-12T14:04:02Z,,https://www.benzinga.com/node/5138324,
5139394,EXAS,Big Short Interest On These 5 Biotech Stocks,,Benzinga,2015-01-12T20:36:31Z,2015-01-12T20:36:31Z,,https://www.benzinga.com/node/5139394,
5136441,FISV,Credit Suisse's 2 Services Stocks to Own And 2 To Avoid,,Benzinga,2015-01-12T12:39:48Z,2015-01-12T12:42:24Z,,https://www.benzinga.com/node/5136441,
5137719,FOLD,Amicus Therapeutcis Announces 2015 Outlook,,Benzinga,2015-01-12T12:34:04Z,2015-01-12T12:34:04Z,,https://www.benzinga.com/node/5137719,
5137724,FOLD,"UPDATE: Amicus Therapeutics Expecting FY15 Cash Spend in $73-$83M Range; Announces COO Bradley Campbell to be Promoted to Pres, COO",,Benzinga,2015-01-12T12:35:42Z,2015-01-12T12:35:43Z,,https://www.benzinga.com/node/5137724,
5136446,FOLD,Biotechs Presenting at the J.P. Morgan Healthcare Conference: Day Two,,Benzinga,2015-01-12T16:03:52Z,2015-01-12T16:03:52Z,,https://www.benzinga.com/node/5136446,
5138480,FSLR,"Option Alert: First Solar Mar $45 Call; 5,600 Contract Trade at Ask @$3.20; Currently$42.85",,Benzinga,2015-01-12T16:04:49Z,2015-01-12T16:05:50Z,,https://www.benzinga.com/node/5138480,
5138510,FRPT,From 13G: Wellington Management Reports 10.48% Stake In Freshpet Inc,,Benzinga,2015-01-12T17:07:36Z,2015-01-12T17:07:36Z,,https://www.benzinga.com/node/5138510,
5139591,FTNT,Cyber Security Stocks To Watch Following ISIS Twitter Hack Of U.S. Central Command,,Benzinga,2015-01-12T19:40:35Z,2015-01-12T19:57:50Z,,https://www.benzinga.com/node/5139591,
5138320,GBDC,Golub capital Announaces $141.6M of Originations in Q4,,Benzinga,2015-01-12T14:03:32Z,2015-01-12T14:03:32Z,,https://www.benzinga.com/node/5138320,
5137465,GOOG,Atlantic Equities Downgrades Google to Neutral,,Benzinga,2015-01-12T11:53:56Z,2015-01-12T11:53:56Z,,https://www.benzinga.com/node/5137465,
5136785,GOOG,Dan Nathan's Bullish Options Strategy In Twitter Inc,,Benzinga,2015-01-12T12:09:09Z,2015-01-12T12:09:09Z,,https://www.benzinga.com/node/5136785,
5136785,GOOGL,Dan Nathan's Bullish Options Strategy In Twitter Inc,,Benzinga,2015-01-12T12:09:09Z,2015-01-12T12:09:09Z,,https://www.benzinga.com/node/5136785,
5138051,GOOG,Atlantic Equities Downgrades Google  To Neutral,,Benzinga,2015-01-12T13:21:48Z,2015-01-12T13:21:48Z,,https://www.benzinga.com/node/5138051,
5138093,GPT,Gramercy Property Trust Acquires 2 Properties For $37.7M,,Benzinga,2015-01-12T13:31:49Z,2015-01-12T13:31:49Z,,https://www.benzinga.com/node/5138093,
5138196,GOOG,Benzinga's Top Downgrades,,Benzinga,2015-01-12T13:43:49Z,2015-01-12T13:43:49Z,,https://www.benzinga.com/node/5138196,
5138374,GOOG,SunTrust's Bob Peck On Home Smart Devices: Technology Can Better Automate And Improve Homes,,Benzinga,2015-01-12T15:09:18Z,2015-01-12T15:09:18Z,,https://www.benzinga.com/node/5138374,
5138406,GOOG,SunTrust's Bob Peck On Auto Connectivity: Conversation Moving Beyond Google,,Benzinga,2015-01-12T15:14:33Z,2015-01-12T15:14:33Z,,https://www.benzinga.com/node/5138406,
5138406,GOOGL,SunTrust's Bob Peck On Auto Connectivity: Conversation Moving Beyond Google,,Benzinga,2015-01-12T15:14:33Z,2015-01-12T15:14:33Z,,https://www.benzinga.com/node/5138406,
5136446,GILD,Biotechs Presenting at the J.P. Morgan Healthcare Conference: Day Two,,Benzinga,2015-01-12T16:03:52Z,2015-01-12T16:03:52Z,,https://www.benzinga.com/node/5136446,
5138445,GOOG,Google Falls Amid Downgrade From Atlantic Equities,,Benzinga,2015-01-12T15:33:19Z,2015-01-12T16:11:55Z,,https://www.benzinga.com/node/5138445,
5138445,GOOGL,Google Falls Amid Downgrade From Atlantic Equities,,Benzinga,2015-01-12T15:33:19Z,2015-01-12T16:11:55Z,,https://www.benzinga.com/node/5138445,
5138487,GPRO,"Worst Performing Industries For January 12, 2015",,Benzinga,2015-01-12T16:12:00Z,2015-01-12T16:12:00Z,,https://www.benzinga.com/node/5138487,
5138425,GOOGL,Google To Unveil Real-Time Voice To Text Translation App: 'Catching Up' To Skype?,,Benzinga,2015-01-12T18:05:52Z,2015-01-12T18:05:52Z,,https://www.benzinga.com/node/5138425,
5139376,GPRO,Toyota's US Sales Exec Bill Fay Recently Speaking at Detroit Int'l Auto Show: Co. Will Mount GoPro Standard on New '16 Tacoma,,Benzinga,2015-01-12T18:11:46Z,2015-01-12T18:11:46Z,,https://www.benzinga.com/node/5139376,
5137606,GOOG,Integration And Efficiency Showcased At Detroit's Auto Show,,Benzinga,2015-01-12T18:12:52Z,2015-01-12T18:20:38Z,,https://www.benzinga.com/node/5137606,
5137643,GOOG,Smartphone Browsing Creates Vertical Search Needs,,Benzinga,2015-01-12T18:30:34Z,2015-01-12T18:37:32Z,,https://www.benzinga.com/node/5137643,
5136829,GOOG,Mentz: Here Are 10 Trends To Watch Out For In 2015,,Benzinga,2015-01-12T00:52:38Z,2015-01-12T19:29:07Z,,https://www.benzinga.com/node/5136829,
5136829,GOOGL,Mentz: Here Are 10 Trends To Watch Out For In 2015,,Benzinga,2015-01-12T00:52:38Z,2015-01-12T19:29:07Z,,https://www.benzinga.com/node/5136829,
5139778,GOOGL,"Analyst: Microsoft Corp., Google Inc., 'Big Losers' In Las Vegas",,Benzinga,2015-01-12T21:09:08Z,2015-01-12T21:18:38Z,,https://www.benzinga.com/node/5139778,
5135783,GILD,A Look At 3 Biotech Stocks With Plenty Of Upside Potential,,Benzinga,2015-01-12T21:25:26Z,2015-01-12T21:25:26Z,,https://www.benzinga.com/node/5135783,
5138310,HALO,"Halozyme Reports Update on Anticipated Milestones: Currently Evaluating, Advancing Investigational PEGPH20; Expecting FY Sales $85-$95M",,Benzinga,2015-01-12T14:03:22Z,2015-01-12T14:03:22Z,,https://www.benzinga.com/node/5138310,
5138453,HAIN,"Option Alert: Hain Celestial Jan $55 Put; 2,598 Contracts Traded vs 1,150 OI; Currently $55.60",,Benzinga,2015-01-12T15:32:44Z,2015-01-12T15:32:44Z,,https://www.benzinga.com/node/5138453,
5136446,HALO,Biotechs Presenting at the J.P. Morgan Healthcare Conference: Day Two,,Benzinga,2015-01-12T16:03:52Z,2015-01-12T16:03:52Z,,https://www.benzinga.com/node/5136446,
5139507,GT,"Goodyear Names John Lucas SVP, Chief Human Resources Officer",,Benzinga,2015-01-12T19:02:17Z,2015-01-12T19:02:17Z,,https://www.benzinga.com/node/5139507,
5137165,HTHT,China Lodging Group Announces 87% Occupancy Rate in Q4 of 2014 vs 93% in Q3,,Benzinga,2015-01-12T09:46:10Z,2015-01-12T09:46:10Z,,https://www.benzinga.com/node/5137165,
5137414,HUBG,"Barclays Downgrades Hub Group to Underweight, Lowers PT to $35.00",,Benzinga,2015-01-12T11:32:49Z,2015-01-12T11:32:50Z,,https://www.benzinga.com/node/5137414,
5137872,HOLX,Hologic Raises Q1 Sales Guidance from $625.0M-635.0M to $653.0M,,Benzinga,2015-01-12T13:03:53Z,2015-01-12T13:03:53Z,,https://www.benzinga.com/node/5137872,
5138411,HOLX,Morning Market Gainers,,Benzinga,2015-01-12T14:42:30Z,2015-01-12T14:42:30Z,,https://www.benzinga.com/node/5138411,
5136828,ILMN,Universities of Edinburgh and Glasgow to Partner with Illumina on £15M Project,,Benzinga,2015-01-12T00:31:53Z,2015-01-12T00:32:08Z,,https://www.benzinga.com/node/5136828,
5138304,IART,Integra Announces Acquisition of Metasurg's Foot and Ankle Portfolio,,Benzinga,2015-01-12T14:02:38Z,2015-01-12T14:02:38Z,,https://www.benzinga.com/node/5138304,
5139537,ILMN,"Illumina Shares Initially Spike Higher, then Gap Down",,Benzinga,2015-01-12T19:19:22Z,2015-01-12T19:19:22Z,,https://www.benzinga.com/node/5139537,
5139593,ILMN,From JPMorgan Conference: Illumina Sees Preliminary 2014 Adjusted EPS $2.63-$2.65 vs $2.64 Est.,,Benzinga,2015-01-12T19:28:26Z,2015-01-12T19:28:26Z,,https://www.benzinga.com/node/5139593,
5139614,ILMN,Illumina Sees Adjusted FY2015 EPS $3.12-3.18 vs $3.17 Est,,Benzinga,2015-01-12T19:37:19Z,2015-01-12T19:37:20Z,,https://www.benzinga.com/node/5139614,
5139647,ILMN,"Lockheed Martin, Illumina Form Collaboration",,Benzinga,2015-01-12T19:44:50Z,2015-01-12T20:24:00Z,,https://www.benzinga.com/node/5139647,
5136718,INTC,Earnings Expectations For The Week Of January 12: Q4 Reports Begin,,Benzinga,2015-01-11T20:28:43Z,2015-01-12T00:27:03Z,,https://www.benzinga.com/node/5136718,
5136442,INCY,Biotechs Presenting at the J.P. Morgan Healthcare Conference: Day One,,Benzinga,2015-01-12T13:55:27Z,2015-01-12T13:55:28Z,,https://www.benzinga.com/node/5136442,
5135994,INTC,"Weekly Tech Highlights: Apple To Set New Sales Records, Amazon's Bragging Rights And More",,Benzinga,2015-01-10T18:12:03Z,2015-01-12T16:45:11Z,,https://www.benzinga.com/node/5135994,
5138502,INCY,From JP Morgan Webcast: Incyte Sees 2014 Revenue From Jakafi $350-360M,,Benzinga,2015-01-12T16:50:25Z,2015-01-12T16:50:25Z,,https://www.benzinga.com/node/5138502,
5129128,INTC,2015 Dogs Of The Dow,,Benzinga,2015-01-12T18:58:27Z,2015-01-12T18:58:27Z,,https://www.benzinga.com/node/5129128,
5137417,IRIX,Iridex Sees Q4 Sales $10.90M-11.20M,,Benzinga,2015-01-12T11:33:53Z,2015-01-12T11:33:53Z,,https://www.benzinga.com/node/5137417,
5137419,IRIX,Iridex Sees FY2015 Sales $48.0M-51.0M,,Benzinga,2015-01-12T11:34:16Z,2015-01-12T11:34:17Z,,https://www.benzinga.com/node/5137419,
5137562,IRMD,iRadimed Sees Q1 EPS $0.11-0.13,,Benzinga,2015-01-12T12:05:04Z,2015-01-12T12:05:05Z,,https://www.benzinga.com/node/5137562,
5137579,IRMD,UPDATE: iRadimed Raises Q4 Sales Guidance from $3.0M to $3.50M,,Benzinga,2015-01-12T12:09:53Z,2015-01-12T12:09:53Z,,https://www.benzinga.com/node/5137579,
5137580,IRMD,UPDATE: iRadimed Sees FY2015 EPS $0.50-0.52; Sees Sales $28.0M-29.0M,,Benzinga,2015-01-12T12:09:56Z,2015-01-12T12:09:57Z,,https://www.benzinga.com/node/5137580,
5136442,IRWD,Biotechs Presenting at the J.P. Morgan Healthcare Conference: Day One,,Benzinga,2015-01-12T13:55:27Z,2015-01-12T13:55:28Z,,https://www.benzinga.com/node/5136442,
5136442,JAZZ,Biotechs Presenting at the J.P. Morgan Healthcare Conference: Day One,,Benzinga,2015-01-12T13:55:27Z,2015-01-12T13:55:28Z,,https://www.benzinga.com/node/5136442,
5138465,JIVE,"Option Alert: Jive Software Shares Move to High; Trade of 10,000 Feb $5 Puts at Ask @$0.15; Currently $5.85",,Benzinga,2015-01-12T15:46:13Z,2015-01-12T15:47:47Z,,https://www.benzinga.com/node/5138465,
5138344,KLIC,Kulicke & Soffa Acquires Assembléon; Transaction Valued at $98M,,Benzinga,2015-01-12T14:07:09Z,2015-01-12T14:07:09Z,,https://www.benzinga.com/node/5138344,
5136446,KPTI,Biotechs Presenting at the J.P. Morgan Healthcare Conference: Day Two,,Benzinga,2015-01-12T16:03:52Z,2015-01-12T16:03:52Z,,https://www.benzinga.com/node/5136446,
5140273,KTWO,K2M Group Holdings Sees Q4 Sales $48.70M-49.30M vs $47.90M Est,,Benzinga,2015-01-12T22:04:25Z,2015-01-12T22:04:25Z,,https://www.benzinga.com/node/5140273,
5140279,KTWO,K2M Group Holdings Sees FY2014 Sales $186.10M-186.70M vs $185.30M Est,,Benzinga,2015-01-12T22:05:50Z,2015-01-12T22:05:50Z,,https://www.benzinga.com/node/5140279,
5137644,LBTYA,"Liberty Global Reorganizing European Businesses, According to Sources -Reuters",,Benzinga,2015-01-12T12:24:01Z,2015-01-12T12:24:01Z,,https://www.benzinga.com/node/5137644,
5137648,LBTYA,"UPDATE: Liberty Global Reorganizing European Businesses, According to Sources -Reuters",,Benzinga,2015-01-12T12:25:52Z,2015-01-12T12:26:24Z,,https://www.benzinga.com/node/5137648,
5138488,LCUT,From 13G: Wellington Reports 10% Stake In Lifetime Brands Up From 4.14% In Sept. 13F,,Benzinga,2015-01-12T16:15:48Z,2015-01-12T16:15:48Z,,https://www.benzinga.com/node/5138488,
5137227,LMNR,"Earnings Scheduled For January 12, 2015",,Benzinga,2015-01-12T10:24:33Z,2015-01-12T10:25:41Z,,https://www.benzinga.com/node/5137227,
5137548,LULU,Lululemon Athletica Raises Q4 EPS Guidance from $0.65-0.69 to $0.71-0.73 vs $0.69 Est; Raises Q4 Sales Guidance from $570.0M-585.0M to $595.0M-600.0M vs $585.0M Est; Sees Comps Growth in 6-7% Range on Constant-Dollar Basis,,Benzinga,2015-01-12T12:03:47Z,2015-01-12T12:03:48Z,,https://www.benzinga.com/node/5137548,
5138218,LULU,Sterne Agee Upgrades Lululemon Athletica to Neutral,,Benzinga,2015-01-12T13:47:45Z,2015-01-12T13:47:46Z,,https://www.benzinga.com/node/5138218,
5138335,LPCN,"8-K from Lipocine Shows Positive Pharmacokinetic Data LPCN 1107, Data Shows Significant HPC Absorption After Oral Administration",,Benzinga,2015-01-12T14:05:21Z,2015-01-12T14:05:21Z,,https://www.benzinga.com/node/5138335,
5138411,LULU,Morning Market Gainers,,Benzinga,2015-01-12T14:42:30Z,2015-01-12T14:42:30Z,,https://www.benzinga.com/node/5138411,
5138384,LULU,Monday Morning Movers,,Benzinga,2015-01-12T14:48:10Z,2015-01-12T14:48:10Z,,https://www.benzinga.com/node/5138384,
5138434,LULU,Stocks Hitting 52-Week Highs,,Benzinga,2015-01-12T15:09:41Z,2015-01-12T15:09:42Z,,https://www.benzinga.com/node/5138434,
5138427,LULU,Lululemon Athletica Inc. Shares Jump In Improved Outlook,,Benzinga,2015-01-12T15:42:45Z,2015-01-12T15:42:45Z,,https://www.benzinga.com/node/5138427,
5139836,LULU,This Is Why Lululemon Is Up 70% In Four Months,,Benzinga,2015-01-12T20:47:31Z,2015-01-12T20:50:03Z,,https://www.benzinga.com/node/5139836,
5139927,LMNR,Limoneira Reports Q4 EPS of $(0.21); Revenue of $16.30M,,Benzinga,2015-01-12T21:03:12Z,2015-01-12T21:03:13Z,,https://www.benzinga.com/node/5139927,
5140018,LMNR,Limoneira Sees FY2015 EPS $0.42-0.46 Which May Not Compare $0.63 Est,,Benzinga,2015-01-12T21:16:04Z,2015-01-12T21:16:05Z,,https://www.benzinga.com/node/5140018,
5138038,MDXG,MiMedx GroUp Reports Q4 Revenue of $39.60M vs $37.84M Est,,Benzinga,2015-01-12T13:16:40Z,2015-01-12T13:16:41Z,,https://www.benzinga.com/node/5138038,
5138041,MDXG,MiMedx Group Raises FY2015 Sales Guidance from $175.0M-185.0M to $175.0M-190.0M,,Benzinga,2015-01-12T13:17:24Z,2015-01-12T13:17:24Z,,https://www.benzinga.com/node/5138041,
5138090,MDXG,MiMedx Group Raises FY2015 Sales Guidance from $175.0M-185.0M to $175.0M-190.0M,,Benzinga,2015-01-12T13:31:17Z,2015-01-12T13:31:18Z,,https://www.benzinga.com/node/5138090,
5138215,MDXG,MiMedx Announces Over 30 National Account Contracts,,Benzinga,2015-01-12T13:46:40Z,2015-01-12T13:46:40Z,,https://www.benzinga.com/node/5138215,
5138401,MDLZ,"Citi Downgrades Major Food Names: Kellogg, ConAgra, Mondelez from Buy to Neutral, Kraft, Campbell, McCormick from Neutral to Sell",,Benzinga,2015-01-12T14:33:30Z,2015-01-12T14:33:30Z,,https://www.benzinga.com/node/5138401,
5138423,MDLZ,"Citigroup Bearish On Food Companies, Downgrades Six Names",,Benzinga,2015-01-12T15:19:54Z,2015-01-12T15:19:54Z,,https://www.benzinga.com/node/5138423,
5139785,MCHP,Citi Names Microchip Technology And Texas Instruments As 'Top Picks',,Benzinga,2015-01-12T20:56:57Z,2015-01-12T20:56:57Z,,https://www.benzinga.com/node/5139785,
5137622,MNKD,"MannKind Announces CEO Alfred Mann to Transition to Chair Role; Pres, COO Hakan Edstrom Named as Replacement at CEO",,Benzinga,2015-01-12T12:18:22Z,2015-01-12T12:18:22Z,,https://www.benzinga.com/node/5137622,
5138011,MNKD,"MannKind Founder Becomes Chairman, Hakan Edstrom New CEO",,Benzinga,2015-01-12T13:26:53Z,2015-01-12T13:26:53Z,,https://www.benzinga.com/node/5138011,
5139746,MNKD,"Griffin Securities Analyst Thinks New MannKind Management Will Focus On R&D, Not Sanofi Merger",,Benzinga,2015-01-12T20:44:49Z,2015-01-12T21:24:34Z,,https://www.benzinga.com/node/5139746,
5137196,MRVL,Kingston Adopts Marvell Controllers for PCIe SSD -DigiTimes,,Benzinga,2015-01-12T10:09:19Z,2015-01-12T10:09:19Z,,https://www.benzinga.com/node/5137196,
5138039,MSFT,GameSTop Announces Will Use Microsoft Azure for Continued Enhancement of In-Store Engagement,,Benzinga,2015-01-12T13:16:48Z,2015-01-12T13:16:48Z,,https://www.benzinga.com/node/5138039,
5135994,MSFT,"Weekly Tech Highlights: Apple To Set New Sales Records, Amazon's Bragging Rights And More",,Benzinga,2015-01-10T18:12:03Z,2015-01-12T16:45:11Z,,https://www.benzinga.com/node/5135994,
5138425,MSFT,Google To Unveil Real-Time Voice To Text Translation App: 'Catching Up' To Skype?,,Benzinga,2015-01-12T18:05:52Z,2015-01-12T18:05:52Z,,https://www.benzinga.com/node/5138425,
5129128,MSFT,2015 Dogs Of The Dow,,Benzinga,2015-01-12T18:58:27Z,2015-01-12T18:58:27Z,,https://www.benzinga.com/node/5129128,
5136829,MSFT,Mentz: Here Are 10 Trends To Watch Out For In 2015,,Benzinga,2015-01-12T00:52:38Z,2015-01-12T19:29:07Z,,https://www.benzinga.com/node/5136829,
5139364,MU,Credit Suisse's 4 Tech Stocks To Own And 4 To Avoid,,Benzinga,2015-01-12T19:38:50Z,2015-01-12T19:38:50Z,,https://www.benzinga.com/node/5139364,
5139394,MYGN,Big Short Interest On These 5 Biotech Stocks,,Benzinga,2015-01-12T20:36:31Z,2015-01-12T20:36:31Z,,https://www.benzinga.com/node/5139394,
5139778,MSFT,"Analyst: Microsoft Corp., Google Inc., 'Big Losers' In Las Vegas",,Benzinga,2015-01-12T21:09:08Z,2015-01-12T21:18:38Z,,https://www.benzinga.com/node/5139778,
5140149,MORN,"Morningstar Appoints Daniel Needham President, CIO, Morningstar Investment Mgmt Group; Thomas Idzorek Head Of Investment Methodology",,Benzinga,2015-01-12T21:36:30Z,2015-01-12T21:36:30Z,,https://www.benzinga.com/node/5140149,
5140030,MRVL,FBR: Marvell Technology Group Ltd. Won't Discount Wireless Unit,,Benzinga,2015-01-12T22:10:36Z,2015-01-12T22:10:37Z,,https://www.benzinga.com/node/5140030,
5137479,NFLX,From TalkTalk Newsroom: 'Netflix launches on TalkTalk TV',,Benzinga,2015-01-12T12:00:00Z,2015-01-12T12:00:00Z,,https://www.benzinga.com/node/5137479,
5137615,NFLX,From Netflix Blog: 'Netflix ISP Speed Index for December',,Benzinga,2015-01-12T12:17:08Z,2015-01-12T12:17:09Z,,https://www.benzinga.com/node/5137615,
5137654,NFLX,Netflix: Verizon FIOS Ranks Number One In USA ISP Speed Index,,Benzinga,2015-01-12T13:04:08Z,2015-01-12T13:04:08Z,,https://www.benzinga.com/node/5137654,
5136446,NKTR,Biotechs Presenting at the J.P. Morgan Healthcare Conference: Day Two,,Benzinga,2015-01-12T16:03:52Z,2015-01-12T16:03:52Z,,https://www.benzinga.com/node/5136446,
5137581,NFLX,What The Market's Reading: January 12,,Benzinga,2015-01-12T16:24:33Z,2015-01-12T16:25:00Z,,https://www.benzinga.com/node/5137581,
5138519,NFLX,Netflix Inc. Gets 1.2 Million New Viewers In U.K.,,Benzinga,2015-01-12T17:34:09Z,2015-01-12T17:34:09Z,,https://www.benzinga.com/node/5138519,
5138379,NWPX,"UPDATE: Jefferies Reiterates Hold Rating, Lowers PT on Northwest Pipe Company on Process Capex Update",,Benzinga,2015-01-12T14:19:36Z,2015-01-12T14:19:36Z,,https://www.benzinga.com/node/5138379,
5138391,NWE,"KeyBanc Downgrades NorthWestern to Hold, Removes $55.50 PT",,Benzinga,2015-01-12T14:27:54Z,2015-01-12T14:27:55Z,,https://www.benzinga.com/node/5138391,
5139437,NWBI,Northwest Acquires B.J. Petruso Agency; No Terms Disclosed,,Benzinga,2015-01-12T18:42:59Z,2015-01-12T18:42:59Z,,https://www.benzinga.com/node/5139437,
5136446,OPK,Biotechs Presenting at the J.P. Morgan Healthcare Conference: Day Two,,Benzinga,2015-01-12T16:03:52Z,2015-01-12T16:03:52Z,,https://www.benzinga.com/node/5136446,
5136414,OPK,"Clear Channel Outdoor, Oasis Petroleum And Others Insiders Have Been Buying",,Benzinga,2015-01-12T19:33:28Z,2015-01-12T19:33:28Z,,https://www.benzinga.com/node/5136414,
5137427,PERI,Perion Names Miki Kolko Chief Technology Officer,,Benzinga,2015-01-12T11:37:47Z,2015-01-12T11:37:47Z,,https://www.benzinga.com/node/5137427,
5137450,PCAR,"RBC Capital Upgrades PACCAR to Outperform, Raises PT to $75.00",,Benzinga,2015-01-12T11:48:32Z,2015-01-12T11:48:32Z,,https://www.benzinga.com/node/5137450,
5126083,PEP,Super Bowl Marketing Campaigns Heat Up,,Benzinga,2015-01-12T13:41:45Z,2015-01-12T13:41:45Z,,https://www.benzinga.com/node/5126083,
5139591,PANW,Cyber Security Stocks To Watch Following ISIS Twitter Hack Of U.S. Central Command,,Benzinga,2015-01-12T19:40:35Z,2015-01-12T19:57:50Z,,https://www.benzinga.com/node/5139591,
5138524,PANW,"Two Picks In The Communication Equipment Industry, Following Aruba Networks' Downgrade",,Benzinga,2015-01-12T22:06:57Z,2015-01-12T22:06:57Z,,https://www.benzinga.com/node/5138524,
5139997,PKBK,"Parke Bancorp Announces 500,000 Repurchase Program",,Benzinga,2015-01-12T21:11:09Z,2015-01-12T21:11:09Z,,https://www.benzinga.com/node/5139997,
5138489,PTEN,From Amended 13G: Wellington Reports 10.9% Stake In Patterson Energy; Up From 2.64% In Sept. 13F,,Benzinga,2015-01-12T16:18:06Z,2015-01-12T16:18:06Z,,https://www.benzinga.com/node/5138489,
5138372,RARE,Ultragenyx Announces Intent to File For Conditional Approval In Europe For Sialic Acid Extended-Release Tablets,,Benzinga,2015-01-12T14:09:46Z,2015-01-12T14:09:46Z,,https://www.benzinga.com/node/5138372,
5136446,RARE,Biotechs Presenting at the J.P. Morgan Healthcare Conference: Day Two,,Benzinga,2015-01-12T16:03:52Z,2015-01-12T16:03:52Z,,https://www.benzinga.com/node/5136446,
5138404,RDWR,"Buckingham Research Upgrades Radware to Buy, Raises PT to $26.00",,Benzinga,2015-01-12T14:35:07Z,2015-01-12T14:35:07Z,,https://www.benzinga.com/node/5138404,
5136446,REGN,Biotechs Presenting at the J.P. Morgan Healthcare Conference: Day Two,,Benzinga,2015-01-12T16:03:52Z,2015-01-12T16:03:52Z,,https://www.benzinga.com/node/5136446,
5136817,SBUX,"Rambo's Reads For January 11, 2015",,Benzinga,2015-01-12T00:10:00Z,2015-01-12T00:15:32Z,,https://www.benzinga.com/node/5136817,
5138094,SCSC,"ScanSource Announces Acquisition of Network1, For ~$60M",,Benzinga,2015-01-12T13:32:32Z,2015-01-12T13:32:32Z,,https://www.benzinga.com/node/5138094,
5136442,SGMO,Biotechs Presenting at the J.P. Morgan Healthcare Conference: Day One,,Benzinga,2015-01-12T13:55:27Z,2015-01-12T13:55:28Z,,https://www.benzinga.com/node/5136442,
5139889,SBRA,Sabra Health Care REIT Sees FY2015 FFO $2.05-2.10,,Benzinga,2015-01-12T21:01:05Z,2015-01-12T21:01:05Z,,https://www.benzinga.com/node/5139889,
5138127,SLP,"Simulations Plus Reports Q1 EPS of $0.05, Up 25% YOY; Revenue of $4.10M vs $3.96M Est",,Benzinga,2015-01-12T13:33:18Z,2015-01-12T13:33:19Z,,https://www.benzinga.com/node/5138127,
5137571,SRPT,Sarepta Therapeutics Reports Long-Term Outcomes through 168 Weeks from Phase IIb Study of Eteplirsen in Duchenne Muscular Dystrophy,,Benzinga,2015-01-12T12:06:28Z,2015-01-12T12:06:28Z,,https://www.benzinga.com/node/5137571,
5137575,SRPT,UPDATE: Sarepta Therapeutics Says Results of 6-minute Walk Test at 168 Weeks Showed Continued Ambulation Across All Patients Evaluable on the Test; Says Plan for Mid-year 2015 NDA Submission Remains Unchanged,,Benzinga,2015-01-12T12:07:37Z,2015-01-12T12:07:37Z,,https://www.benzinga.com/node/5137575,
5137841,SNDK,SanDisk Offers Prelim. Q4 Results: Cuts Outlook,,Benzinga,2015-01-12T13:02:50Z,2015-01-12T13:02:50Z,,https://www.benzinga.com/node/5137841,
5137911,SNDK,UPDATE: SanDisk Lowers Q4 Sales Guidance from $1.80B-1.85B to $1.73B vs $1.83B Est,,Benzinga,2015-01-12T13:05:57Z,2015-01-12T13:05:57Z,,https://www.benzinga.com/node/5137911,
5137912,SRPT,Sarepta Therapeutics Falls Following 6-Minute Walk Test Results,,Benzinga,2015-01-12T13:13:25Z,2015-01-12T13:13:25Z,,https://www.benzinga.com/node/5137912,
5138012,SNDK,Benzinga's Top #PreMarket Losers,,Benzinga,2015-01-12T13:15:52Z,2015-01-12T13:15:52Z,,https://www.benzinga.com/node/5138012,
5138012,SRPT,Benzinga's Top #PreMarket Losers,,Benzinga,2015-01-12T13:15:52Z,2015-01-12T13:15:52Z,,https://www.benzinga.com/node/5138012,
5138408,SNDK,4 Stocks Trending On Social Media This Monday,,Benzinga,2015-01-12T14:38:56Z,2015-01-12T14:39:44Z,,https://www.benzinga.com/node/5138408,
5138384,SNDK,Monday Morning Movers,,Benzinga,2015-01-12T14:48:10Z,2015-01-12T14:48:10Z,,https://www.benzinga.com/node/5138384,
5138384,SRPT,Monday Morning Movers,,Benzinga,2015-01-12T14:48:10Z,2015-01-12T14:48:10Z,,https://www.benzinga.com/node/5138384,
5138421,SNDK,Morning Market Losers,,Benzinga,2015-01-12T14:54:06Z,2015-01-12T14:54:06Z,,https://www.benzinga.com/node/5138421,
5138421,SRPT,Morning Market Losers,,Benzinga,2015-01-12T14:54:06Z,2015-01-12T14:54:06Z,,https://www.benzinga.com/node/5138421,
5138432,SNDK,SanDisk Tumbles 10% Following Lowered Q4 Guidance,,Benzinga,2015-01-12T15:11:42Z,2015-01-12T15:11:43Z,,https://www.benzinga.com/node/5138432,
5138440,SRPT,Stocks Hitting 52-Week Lows,,Benzinga,2015-01-12T15:15:43Z,2015-01-12T15:15:43Z,,https://www.benzinga.com/node/5138440,
5138490,SNDK,Mid-Morning Market Update: Markets Tumble; Shire To Acquire NPS Pharmaceuticals For $5.2B,,Benzinga,2015-01-12T16:37:57Z,2015-01-12T16:37:58Z,,https://www.benzinga.com/node/5138490,
5138490,SRPT,Mid-Morning Market Update: Markets Tumble; Shire To Acquire NPS Pharmaceuticals For $5.2B,,Benzinga,2015-01-12T16:37:57Z,2015-01-12T16:37:58Z,,https://www.benzinga.com/node/5138490,
5138529,SRPT,Mid-Day Market Update: Foundation Medicine Shares Jump Following Deal With Roche; Crude Oil Slides Over 4%,,Benzinga,2015-01-12T17:55:56Z,2015-01-12T17:55:56Z,,https://www.benzinga.com/node/5138529,
5139478,SNY,From Webcast Presentation: Sanofi M&A Strategy Is Unchanged; Continues Looking For 'Bolt-On Deals;' Not Looking At Sizable Transactions,,Benzinga,2015-01-12T18:54:03Z,2015-01-12T18:54:03Z,,https://www.benzinga.com/node/5139478,
5139531,SNDK,Needham Earlier Downgraded SanDisk to Hold,,Benzinga,2015-01-12T19:13:30Z,2015-01-12T19:13:31Z,,https://www.benzinga.com/node/5139531,
5139394,SRPT,Big Short Interest On These 5 Biotech Stocks,,Benzinga,2015-01-12T20:36:31Z,2015-01-12T20:36:31Z,,https://www.benzinga.com/node/5139394,
5139746,SNY,"Griffin Securities Analyst Thinks New MannKind Management Will Focus On R&D, Not Sanofi Merger",,Benzinga,2015-01-12T20:44:49Z,2015-01-12T21:24:34Z,,https://www.benzinga.com/node/5139746,
5137656,SUNE,"SunEdison, Adani Announce Will Build Largest Solar Manufacturing Facility in India, to Make $4B Investment",,Benzinga,2015-01-12T12:31:37Z,2015-01-12T12:31:37Z,,https://www.benzinga.com/node/5137656,
5137099,TER,"Credit Suisse Downgrades Teradyne to Neutral, Maintains $19.50 PT",,Benzinga,2015-01-12T08:34:27Z,2015-01-12T08:34:27Z,,https://www.benzinga.com/node/5137099,
5137438,TER,"UPDATE: Credit Suisse Downgrades Teradyne to Neutral, Reiterates $19.50 PT on Risk to 2015 Estimates",,Benzinga,2015-01-12T11:48:59Z,2015-01-12T11:48:59Z,,https://www.benzinga.com/node/5137438,
5137726,TCBI,Wunderlich Securities Sees Slight Bias to Upside vs. Consensus for Texas Capital Bancshares,,Benzinga,2015-01-12T12:44:10Z,2015-01-12T12:44:10Z,,https://www.benzinga.com/node/5137726,
5138492,TCBI,Wunderlich Names The Best Southern Regional Banks Heading Into Earnings,,Benzinga,2015-01-12T16:30:46Z,2015-01-12T16:30:46Z,,https://www.benzinga.com/node/5138492,
5139664,TER,"Credit Suisse Downgrades Teradyne, Says Street Estimates Too High",,Benzinga,2015-01-12T20:19:58Z,2015-01-12T20:19:58Z,,https://www.benzinga.com/node/5139664,
5138306,TIGR,TigerLogic Appointst Roger Rowe as CFO,,Benzinga,2015-01-12T14:02:50Z,2015-01-12T14:02:50Z,,https://www.benzinga.com/node/5138306,
5138375,TNDM,Tandem Diabetes Care Announces FDA Clearance Of t:flex,,Benzinga,2015-01-12T14:11:29Z,2015-01-12T14:11:30Z,,https://www.benzinga.com/node/5138375,
5137643,TRIP,Smartphone Browsing Creates Vertical Search Needs,,Benzinga,2015-01-12T18:30:34Z,2015-01-12T18:37:32Z,,https://www.benzinga.com/node/5137643,
5140357,TREE,LendingTree Sees FY2015 Sales $185.0M-190.0M,,Benzinga,2015-01-12T22:40:32Z,2015-01-12T22:40:33Z,,https://www.benzinga.com/node/5140357,
5137384,TW,"Goldman Sachs Downgrades Towers Watson to Neutral, Raises PT to $121.00",,Benzinga,2015-01-12T11:25:22Z,2015-01-12T11:25:22Z,,https://www.benzinga.com/node/5137384,
5138193,TSLA,"Tesla Shares Fall 2% Premarket, Wall Street Journal Reported Saturday GM Chevy Bolt for 2017; To Cost $30K, Go 200 Miles on Single Charge",,Benzinga,2015-01-12T13:43:21Z,2015-01-12T13:43:21Z,,https://www.benzinga.com/node/5138193,
5138271,TXRH,Texas Roadhouse Announces CFO Price Cooper Has Resigned; Will Become CFO at Krispy Kreme,,Benzinga,2015-01-12T14:01:23Z,2015-01-12T14:01:23Z,,https://www.benzinga.com/node/5138271,
5138239,TSLA,GM Launching Chevrolet Bolt to Compete with Tesla Model 3,,Benzinga,2015-01-12T14:08:27Z,2015-01-12T14:08:27Z,,https://www.benzinga.com/node/5138239,
5138487,TSL,"Worst Performing Industries For January 12, 2015",,Benzinga,2015-01-12T16:12:00Z,2015-01-12T16:12:00Z,,https://www.benzinga.com/node/5138487,
5137581,TSLA,What The Market's Reading: January 12,,Benzinga,2015-01-12T16:24:33Z,2015-01-12T16:25:00Z,,https://www.benzinga.com/node/5137581,
5137606,TSLA,Integration And Efficiency Showcased At Detroit's Auto Show,,Benzinga,2015-01-12T18:12:52Z,2015-01-12T18:20:38Z,,https://www.benzinga.com/node/5137606,
5139364,ULTI,Credit Suisse's 4 Tech Stocks To Own And 4 To Avoid,,Benzinga,2015-01-12T19:38:50Z,2015-01-12T19:38:50Z,,https://www.benzinga.com/node/5139364,
5139785,TXN,Citi Names Microchip Technology And Texas Instruments As 'Top Picks',,Benzinga,2015-01-12T20:56:57Z,2015-01-12T20:56:57Z,,https://www.benzinga.com/node/5139785,
5139781,TSLA,Kelley Blue Book Analyst: 'I Wouldn't Call The Chevrolet Bolt A Tesla Killer',,Benzinga,2015-01-12T20:51:44Z,2015-01-12T21:20:50Z,,https://www.benzinga.com/node/5139781,
5140069,TSLA,Tigress Financial Partners CIO Doesn't Think Chevrolet Bolt Will Draw Consumers Away From Tesla Model 3,,Benzinga,2015-01-12T21:27:38Z,2015-01-12T21:27:38Z,,https://www.benzinga.com/node/5140069,
5140169,TSLA,Edmunds.com Analyst Thinks There's Enough Space For Both Chevrolet Bolt And Tesla Model 3,,Benzinga,2015-01-12T21:46:47Z,2015-01-12T21:46:47Z,,https://www.benzinga.com/node/5140169,
5139981,TSLA,Kelley Blue Book Analyst: Chevrolet Is Ready To Take On Elon Musk,,Benzinga,2015-01-12T21:59:13Z,2015-01-12T21:59:13Z,,https://www.benzinga.com/node/5139981,
5140288,TSLA,Cars.com Executive Editor: 'I Don't Know How Much Of A Threat Chevrolet Bolt Will Be To Tesla Model 3',,Benzinga,2015-01-12T22:42:05Z,2015-01-12T22:42:05Z,,https://www.benzinga.com/node/5140288,
5136442,UTHR,Biotechs Presenting at the J.P. Morgan Healthcare Conference: Day One,,Benzinga,2015-01-12T13:55:27Z,2015-01-12T13:55:28Z,,https://www.benzinga.com/node/5136442,
5136844,VRTX,Vertex Sees Kalydeco FY Revenue $560M-$580M,,Benzinga,2015-01-12T01:58:02Z,2015-01-12T01:58:02Z,,https://www.benzinga.com/node/5136844,
5137926,VSAT,ViaSat Selects SpaceX To Launch ViaSat-2 Satellite,,Benzinga,2015-01-12T13:08:09Z,2015-01-12T13:08:09Z,,https://www.benzinga.com/node/5137926,
5136442,VRTX,Biotechs Presenting at the J.P. Morgan Healthcare Conference: Day One,,Benzinga,2015-01-12T13:55:27Z,2015-01-12T13:55:28Z,,https://www.benzinga.com/node/5136442,
5139778,VUZI,"Analyst: Microsoft Corp., Google Inc., 'Big Losers' In Las Vegas",,Benzinga,2015-01-12T21:09:08Z,2015-01-12T21:18:38Z,,https://www.benzinga.com/node/5139778,
5141340,AAPL,Credit Suisse Upgrades Apple to Outperform,,Benzinga,2015-01-13T11:28:18Z,2015-01-13T12:33:45Z,,https://www.benzinga.com/node/5141340,
5141517,AAPL,US Stock Futures Up; Crude Oil Slides Below $45,,Benzinga,2015-01-13T12:06:04Z,2015-01-13T12:37:34Z,,https://www.benzinga.com/node/5141517,
5141762,ACLS,"Axcelis Wins Multi-Product, Multi-Fab, Follow-On Order For Purion H, Purion XE",,Benzinga,2015-01-13T13:04:04Z,2015-01-13T13:04:04Z,,https://www.benzinga.com/node/5141762,
5141802,AAPL,"Credit Suisse Upgrades Apple To Outperform, Shares Rise",,Benzinga,2015-01-13T13:08:27Z,2015-01-13T13:08:27Z,,https://www.benzinga.com/node/5141802,
5141806,AAPL,Benzinga's Top #PreMarket Gainers,,Benzinga,2015-01-13T13:09:00Z,2015-01-13T13:09:33Z,,https://www.benzinga.com/node/5141806,
5141815,ACT,Actavis Reports Launch of US Generic Specialty Injectable Portfolio; Says Will Immediately Begin Marketing 20 Injectable Products,,Benzinga,2015-01-13T13:09:36Z,2015-01-13T13:09:36Z,,https://www.benzinga.com/node/5141815,
5141927,AAPL,Benzinga's Top Upgrades,,Benzinga,2015-01-13T13:24:25Z,2015-01-13T13:24:26Z,,https://www.benzinga.com/node/5141927,
5140333,AAPL,Spotify's 60 Million Users Could Make It Hard For Others To Catch Up,,Benzinga,2015-01-13T13:41:59Z,2015-01-13T13:41:59Z,,https://www.benzinga.com/node/5140333,
5142069,AAL,5 Services Stocks With The Highest EPS Growth Forecast For Next 5 Years,,Benzinga,2015-01-13T13:59:06Z,2015-01-13T13:59:06Z,,https://www.benzinga.com/node/5142069,
5141645,AAPL,"Credit Suisse Turns Bullish On Apple, Upgrades To Outperform Due To 'More iPhones, More Cash'",,Benzinga,2015-01-13T12:59:39Z,2015-01-13T14:14:20Z,,https://www.benzinga.com/node/5141645,
5142057,AAPL,J.P. Morgan Discusses Gartners's PC Numbers And Impact On Apple,,Benzinga,2015-01-13T14:18:54Z,2015-01-13T14:18:54Z,,https://www.benzinga.com/node/5142057,
5142555,AAPL,Morning Market Gainers,,Benzinga,2015-01-13T14:49:18Z,2015-01-13T14:50:07Z,,https://www.benzinga.com/node/5142555,
5142662,AAPL,Wells Fargo: Hewlett-Packard Largest PC Market Share Gain,,Benzinga,2015-01-13T15:38:49Z,2015-01-13T15:38:49Z,,https://www.benzinga.com/node/5142662,
5142846,AAL,"Imperial Capital: American Airlines Group To See Record Q4, Earnings Growth In 2015",,Benzinga,2015-01-13T16:02:07Z,2015-01-13T16:02:07Z,,https://www.benzinga.com/node/5142846,
5141595,AAPL,Apple Watch Buzz Opens New Business Opportunities,,Benzinga,2015-01-13T17:32:29Z,2015-01-13T17:34:38Z,,https://www.benzinga.com/node/5141595,
5143264,AAPL,Analysts: Tablet Displacement Of PCs Slowing,,Benzinga,2015-01-13T17:47:47Z,2015-01-13T17:47:48Z,,https://www.benzinga.com/node/5143264,
5142834,AAPL,"Apple Files Patent For Gesture Control Technology, But What Is The Company Going To Do With It?",,Benzinga,2015-01-13T17:51:55Z,2015-01-13T17:51:56Z,,https://www.benzinga.com/node/5142834,
5143569,ACT,From JPMorgan Healthcare Conference: Actavis Sees FY2017 EPS $25.00,,Benzinga,2015-01-13T18:42:55Z,2015-01-13T18:42:55Z,,https://www.benzinga.com/node/5143569,
5143745,AAL,"Air France-KLM to Cut 5,000 Jobs in Coming Weeks -Le Figaro",,Benzinga,2015-01-13T19:42:25Z,2015-01-13T19:42:25Z,,https://www.benzinga.com/node/5143745,
5143273,AAPL,Roger McNamee: Apple Is The One Stock To Own In Tech Space Right Now,,Benzinga,2015-01-13T20:00:38Z,2015-01-13T20:00:38Z,,https://www.benzinga.com/node/5143273,
5143835,AAL,"UPDATE: Air France-KLM Denies Le Figaro Report of Job Cuts; Says Plans to Cut Costs, But Have No Details -Reuters",,Benzinga,2015-01-13T20:12:46Z,2015-01-13T20:12:46Z,,https://www.benzinga.com/node/5143835,
5143993,AAOI,Applied Optoelectronics Shares Halted News Pending,,Benzinga,2015-01-13T21:01:52Z,2015-01-13T21:01:52Z,,https://www.benzinga.com/node/5143993,
5144003,AAOI,Applied Optoelectronics Lowers Q4 Sales Guidance from $39.50M-41.50M to $36.0M-36.40M,,Benzinga,2015-01-13T21:04:09Z,2015-01-13T21:04:09Z,,https://www.benzinga.com/node/5144003,
5144060,AAOI,Shares of Applied Optoelectronics to Resume Trade at 4:30 p.m. EST,,Benzinga,2015-01-13T21:10:38Z,2015-01-13T21:10:38Z,,https://www.benzinga.com/node/5144060,
5144183,AAPL,Tiffany & Co. Latest Casualty In Tectonic Shift Of Consumer Preference,,Benzinga,2015-01-13T21:31:21Z,2015-01-13T21:31:23Z,,https://www.benzinga.com/node/5144183,
5143525,AAPL,Three Stocks Trending On Twitter (And The Top Trades To Follow),,Benzinga,2015-01-13T22:13:18Z,2015-01-13T22:17:49Z,,https://www.benzinga.com/node/5143525,
5141344,AMID,"Wunderlich Initiates Coverage on American Midstream at Buy, Announces $23.00 PT",,Benzinga,2015-01-13T11:30:05Z,2015-01-13T11:30:06Z,,https://www.benzinga.com/node/5141344,
5140304,ALDX,HC Wainwright's 8 Healthcare Stock Picks,,Benzinga,2015-01-13T12:08:15Z,2015-01-13T12:08:43Z,,https://www.benzinga.com/node/5140304,
5141534,AMZN,Citigroup Upgrades Amazon.com to Buy,,Benzinga,2015-01-13T12:12:07Z,2015-01-13T12:12:07Z,,https://www.benzinga.com/node/5141534,
5141806,AMZN,Benzinga's Top #PreMarket Gainers,,Benzinga,2015-01-13T13:09:00Z,2015-01-13T13:09:33Z,,https://www.benzinga.com/node/5141806,
5141926,AMID,Wunderlich Initiates American Midstream Partners At Buy,,Benzinga,2015-01-13T13:22:13Z,2015-01-13T13:22:13Z,,https://www.benzinga.com/node/5141926,
5141978,AMZN,Notes From The Street: 'It's Different This Time',,Benzinga,2015-01-13T13:31:27Z,2015-01-13T13:31:29Z,,https://www.benzinga.com/node/5141978,
5141986,ALDX,Aleyra Therapeutics Announces $7.79M Private Placement,,Benzinga,2015-01-13T13:32:20Z,2015-01-13T13:32:20Z,,https://www.benzinga.com/node/5141986,
5142013,AMID,Benzinga's Top Initiations,,Benzinga,2015-01-13T13:40:01Z,2015-01-13T13:40:01Z,,https://www.benzinga.com/node/5142013,
5142143,AMZN,Amazon Studios Signs Woody Allen to Create TV Series for Prime Instant Video,,Benzinga,2015-01-13T14:02:43Z,2015-01-13T14:02:43Z,,https://www.benzinga.com/node/5142143,
5142070,AMZN,"UPDATE: Citigroup Upgrades Amazon.com to Buy, Raises PT on Multiple Positive Factors",,Benzinga,2015-01-13T14:09:13Z,2015-01-13T14:09:13Z,,https://www.benzinga.com/node/5142070,
5142065,AMZN,Tuesday Morning Movers,,Benzinga,2015-01-13T14:29:41Z,2015-01-13T14:29:41Z,,https://www.benzinga.com/node/5142065,
5142410,AMD,"Option Alert: AMD Feb $2.5 Put; 25,000 Contract Trade at Ask @$0.17; Currently $2.63",,Benzinga,2015-01-13T14:34:26Z,2015-01-13T14:34:54Z,,https://www.benzinga.com/node/5142410,
5142555,AMZN,Morning Market Gainers,,Benzinga,2015-01-13T14:49:18Z,2015-01-13T14:50:07Z,,https://www.benzinga.com/node/5142555,
5143265,AMGN,Amgen Shares Move Lower; May be Attributed to Comments by Express Scripts CEO at JPMorgan Healthcare Conference; Says Cholesterol Drugs Next Focus,,Benzinga,2015-01-13T17:19:36Z,2015-01-13T17:19:36Z,,https://www.benzinga.com/node/5143265,
5143348,AMGN,Amgen Reaffirms 2015 Outlook; EPS $9.05-$9.40/share,,Benzinga,2015-01-13T17:33:54Z,2015-01-13T17:33:54Z,,https://www.benzinga.com/node/5143348,
5142297,AMZN,Amazon Moves Up Amid Positive Comments At Goldman Sachs And Upgrade At Citi,,Benzinga,2015-01-13T14:22:30Z,2015-01-13T18:09:49Z,,https://www.benzinga.com/node/5142297,
5143396,AMGN,Amgen's Decline May Be Linked To Comments of Express Script's CEO,,Benzinga,2015-01-13T18:18:33Z,2015-01-13T18:18:33Z,,https://www.benzinga.com/node/5143396,
5143194,AMZN,Is Facebook Still Trying To Build A Smartphone?,,Benzinga,2015-01-13T18:33:06Z,2015-01-13T18:33:07Z,,https://www.benzinga.com/node/5143194,
5136474,AMRN,Biotechs Presenting at the J.P. Morgan Healthcare Conference: Day Four,,Benzinga,2015-01-13T16:34:33Z,2015-01-13T21:57:46Z,,https://www.benzinga.com/node/5136474,
5142804,ASPS,Stocks Hitting 52-Week Lows,,Benzinga,2015-01-13T15:28:25Z,2015-01-13T15:28:25Z,,https://www.benzinga.com/node/5142804,
5136467,ARRY,Biotechs Presenting at the J.P. Morgan Healthcare Conference: Day Three,,Benzinga,2015-01-13T15:58:31Z,2015-01-13T16:01:19Z,,https://www.benzinga.com/node/5136467,
5136467,BCRX,Biotechs Presenting at the J.P. Morgan Healthcare Conference: Day Three,,Benzinga,2015-01-13T15:58:31Z,2015-01-13T16:01:19Z,,https://www.benzinga.com/node/5136467,
5136467,CCXI,Biotechs Presenting at the J.P. Morgan Healthcare Conference: Day Three,,Benzinga,2015-01-13T15:58:31Z,2015-01-13T16:01:19Z,,https://www.benzinga.com/node/5136467,
5140710,CME,Fast Money Halftime Report Final Trade From January 12,,Benzinga,2015-01-13T03:54:11Z,2015-01-13T03:54:11Z,,https://www.benzinga.com/node/5140710,
5140498,CME,Josh Brown's Portfolio Trades,,Benzinga,2015-01-13T04:10:32Z,2015-01-13T04:10:32Z,,https://www.benzinga.com/node/5140498,
5141335,COST,"Goldman Sachs Downgrades Costco Wholesale to Neutral, Lowers PT to $147.00",,Benzinga,2015-01-13T11:26:09Z,2015-01-13T11:26:09Z,,https://www.benzinga.com/node/5141335,
5141560,COST,Goldman Sachs Downgrades Costco Wholesale To Neutral,,Benzinga,2015-01-13T12:28:50Z,2015-01-13T12:28:50Z,,https://www.benzinga.com/node/5141560,
5141754,CPSH,CPS Technologies Corporation To List On NASDAQ Capital Markets,,Benzinga,2015-01-13T13:02:38Z,2015-01-13T13:02:38Z,,https://www.benzinga.com/node/5141754,
5142000,COST,Benzinga's Top Downgrades,,Benzinga,2015-01-13T13:34:05Z,2015-01-13T13:34:05Z,,https://www.benzinga.com/node/5142000,
5141068,CSX,7 Stocks You Should Be Watching Today,,Benzinga,2015-01-13T09:06:59Z,2015-01-13T09:07:00Z,,https://www.benzinga.com/node/5141068,
5141121,CSX,"Earnings Scheduled For January 13, 2015",,Benzinga,2015-01-13T09:50:45Z,2015-01-13T09:50:45Z,,https://www.benzinga.com/node/5141121,
5141858,CSX,Notes From The Street: 'FLASHBACK....Oil Going To $200/Barrel',,Benzinga,2015-01-13T13:20:41Z,2015-01-13T13:20:42Z,,https://www.benzinga.com/node/5141858,
5141989,CVLT,CommVault Expands Relationship With NetApp,,Benzinga,2015-01-13T13:32:31Z,2015-01-13T13:32:31Z,,https://www.benzinga.com/node/5141989,
5142873,CTSH,J.P. Morgan Rates Cognizant Technology Solutions,,Benzinga,2015-01-13T16:33:01Z,2015-01-13T16:33:01Z,,https://www.benzinga.com/node/5142873,
5143934,CSX,CSX Corp Shares Fall Ahead Of Q4 Earnings Report,,Benzinga,2015-01-13T20:55:16Z,2015-01-13T20:55:16Z,,https://www.benzinga.com/node/5143934,
5143996,CSX,"CSX Reports Q4 EPS of $0.49, Up 17% YOY; Revenue of $3.20B, Up 6% YOY",,Benzinga,2015-01-13T21:02:25Z,2015-01-13T21:02:25Z,,https://www.benzinga.com/node/5143996,
5143998,CSX,CSX Expecting FY15 EPS Growth in the Double-Digit Range,,Benzinga,2015-01-13T21:02:52Z,2015-01-13T21:02:52Z,,https://www.benzinga.com/node/5143998,
5144095,CTAS,Cintas Announces Added Buyback Plan for Up to $500M,,Benzinga,2015-01-13T21:18:28Z,2015-01-13T21:18:28Z,,https://www.benzinga.com/node/5144095,
5144287,CZR,"Caesars to File for Chapter 11 Bankruptcy on or About Thursday, According to Lawyer -DJ",,Benzinga,2015-01-13T22:02:00Z,2015-01-13T22:02:00Z,,https://www.benzinga.com/node/5144287,
5144197,CSX,CSX Corp. Meets Q4 Views; Stock Unmoved In Extended Session,,Benzinga,2015-01-13T22:54:58Z,2015-01-13T22:56:20Z,,https://www.benzinga.com/node/5144197,
5140304,EDAP,HC Wainwright's 8 Healthcare Stock Picks,,Benzinga,2015-01-13T12:08:15Z,2015-01-13T12:08:43Z,,https://www.benzinga.com/node/5140304,
5142008,DXCM,From 8-K: DexCom Sees FY2014 Sales $257.0M vs $250.0M Est,,Benzinga,2015-01-13T13:36:04Z,2015-01-13T13:36:04Z,,https://www.benzinga.com/node/5142008,
5142876,EBAY,"Option Alert: Ebay Apr $60 Call; 7,400 Contract Trade at Ask @$1.25",,Benzinga,2015-01-13T15:48:50Z,2015-01-13T15:49:44Z,,https://www.benzinga.com/node/5142876,
5136467,ENTA,Biotechs Presenting at the J.P. Morgan Healthcare Conference: Day Three,,Benzinga,2015-01-13T15:58:31Z,2015-01-13T16:01:19Z,,https://www.benzinga.com/node/5136467,
5144232,ERII,Energy Recovery CEO Thomas Rooney To Resign,,Benzinga,2015-01-13T21:47:01Z,2015-01-13T21:47:01Z,,https://www.benzinga.com/node/5144232,
5141305,EVER,"Goldman Sachs Downgrades EverBank Financial to Sell, Lowers PT to $17.50",,Benzinga,2015-01-13T11:12:23Z,2015-01-13T11:12:24Z,,https://www.benzinga.com/node/5141305,
5136467,EXAS,Biotechs Presenting at the J.P. Morgan Healthcare Conference: Day Three,,Benzinga,2015-01-13T15:58:31Z,2015-01-13T16:01:19Z,,https://www.benzinga.com/node/5136467,
5136474,EXEL,Biotechs Presenting at the J.P. Morgan Healthcare Conference: Day Four,,Benzinga,2015-01-13T16:34:33Z,2015-01-13T21:57:46Z,,https://www.benzinga.com/node/5136474,
5142578,FOXA,"Option Alert: Twenty-First Century Fox Jan $36 Call; 4,492 Contract Trade Above Ask @$0.43; Currently $36.04",,Benzinga,2015-01-13T14:54:48Z,2015-01-13T14:55:16Z,,https://www.benzinga.com/node/5142578,
5140725,GPRO,CNBC's Stock Pops & Drops From January 12,,Benzinga,2015-01-13T03:50:02Z,2015-01-13T03:50:03Z,,https://www.benzinga.com/node/5140725,
5141978,GOOG,Notes From The Street: 'It's Different This Time',,Benzinga,2015-01-13T13:31:27Z,2015-01-13T13:31:29Z,,https://www.benzinga.com/node/5141978,
5141978,GPRO,Notes From The Street: 'It's Different This Time',,Benzinga,2015-01-13T13:31:27Z,2015-01-13T13:31:29Z,,https://www.benzinga.com/node/5141978,
5140333,GOOG,Spotify's 60 Million Users Could Make It Hard For Others To Catch Up,,Benzinga,2015-01-13T13:41:59Z,2015-01-13T13:41:59Z,,https://www.benzinga.com/node/5140333,
5142147,GPRO,Citigroup Reacts to GoPro CFO Clarifying his CES Comments,,Benzinga,2015-01-13T14:08:22Z,2015-01-13T14:08:22Z,,https://www.benzinga.com/node/5142147,
5143045,GPRO,"Worst Performing Industries For January 13, 2015",,Benzinga,2015-01-13T16:25:34Z,2015-01-13T16:25:34Z,,https://www.benzinga.com/node/5143045,
5143067,GILD,Gilead Begins Presentation At JPM Conference,,Benzinga,2015-01-13T16:31:52Z,2015-01-13T16:31:52Z,,https://www.benzinga.com/node/5143067,
5143496,GOOGL,Here's Why Google Needs To Start Paying Dividends To Its Investors,,Benzinga,2015-01-13T20:26:56Z,2015-01-13T20:26:56Z,,https://www.benzinga.com/node/5143496,
5143624,GOOG,Channel Advisor's Seven Downgrades After Trimming Revenues Estimates,,Benzinga,2015-01-13T21:16:50Z,2015-01-13T21:16:50Z,,https://www.benzinga.com/node/5143624,
5144183,GPRO,Tiffany & Co. Latest Casualty In Tectonic Shift Of Consumer Preference,,Benzinga,2015-01-13T21:31:21Z,2015-01-13T21:31:23Z,,https://www.benzinga.com/node/5144183,
5144356,GILD,Aetna CEO Bertolini Says Co Has Not Made Decision Regarding Gilead's Abbvie's Hepatitis C Drugs -Reuters,,Benzinga,2015-01-13T22:18:07Z,2015-01-13T22:18:20Z,,https://www.benzinga.com/node/5144356,
5142009,GURE,Gulf Resources Acquires Shouguang City Rongyuan Chemical Co,,Benzinga,2015-01-13T13:36:41Z,2015-01-13T13:36:41Z,,https://www.benzinga.com/node/5142009,
5142027,GURE,Gulf Resources Sees FY2015 GAAP EPS $0.74; Sees Sales ~$190.0M,,Benzinga,2015-01-13T13:41:18Z,2015-01-13T13:41:19Z,,https://www.benzinga.com/node/5142027,
5142029,GT,"8-K from Goodyear Shows Co. Calling '14 Global Volume 'Essentially Flat,' Cites a Strong Dollar, the Industry Environment in Europe; Expecting $0.15-$0.20/Share Impact Below Outlook",,Benzinga,2015-01-13T13:42:43Z,2015-01-13T13:42:43Z,,https://www.benzinga.com/node/5142029,
5142555,GURE,Morning Market Gainers,,Benzinga,2015-01-13T14:49:18Z,2015-01-13T14:50:07Z,,https://www.benzinga.com/node/5142555,
5142369,HSIC,"Henry Schein Acquires ADS Florida, LLC; No Terms Disclosed",,Benzinga,2015-01-13T14:24:17Z,2015-01-13T14:24:17Z,,https://www.benzinga.com/node/5142369,
5141678,HON,Pentagon Expands List of Contractors on $2.5 Billion U.S. Army Corps of Engineers Project,,Benzinga,2015-01-13T15:31:40Z,2015-01-13T15:31:40Z,,https://www.benzinga.com/node/5141678,
5144377,HWAY,"Healthways Offers Slideshow Presentation for JPMorgan Healthcare Conference: Affirms FY14 Outlook, Targeting Sales Growth in 10-15% Range Over Next Three to Five Years",,Benzinga,2015-01-13T22:23:43Z,2015-01-13T22:23:43Z,,https://www.benzinga.com/node/5144377,
5141991,ISRG,Intuitive Surgical Offers Prelim. Q4 GAAP Sales ~$605M,,Benzinga,2015-01-13T13:32:38Z,2015-01-13T13:32:38Z,,https://www.benzinga.com/node/5141991,
5144226,JBLU,"JetBlue Reports Dec. Traffic Growth 5.6%, Capacity Up 7.2%, PRASM Down 6%",,Benzinga,2015-01-13T21:45:40Z,2015-01-13T21:45:40Z,,https://www.benzinga.com/node/5144226,
5144181,KALU,Kaiser Aluminum Raises Qtr. Dividend from $0.35 to $0.40/Share,,Benzinga,2015-01-13T21:31:16Z,2015-01-13T21:31:16Z,,https://www.benzinga.com/node/5144181,
5142053,LAKE,USAID Official Says Rate Of New Ebola Cases in Liberia Fell from 30+/Day to Single Digits; Says  Sierra Leone Beginning to Turn Corner in Ebola Fight -Reuters,,Benzinga,2015-01-13T13:52:09Z,2015-01-13T13:52:10Z,,https://www.benzinga.com/node/5142053,
5142320,LAKE,CDC Director Frieden Says 'Very Confident' Can Reduce Ebola Cases to Zero Globally if Nothing Unexpected Happens -Reuters,,Benzinga,2015-01-13T14:13:44Z,2015-01-13T14:13:44Z,,https://www.benzinga.com/node/5142320,
5143045,LEDS,"Worst Performing Industries For January 13, 2015",,Benzinga,2015-01-13T16:25:34Z,2015-01-13T16:25:34Z,,https://www.benzinga.com/node/5143045,
5143726,LAKE,Hearing Army Investigating Death of Soldier Who Returned from W. Africa,,Benzinga,2015-01-13T19:34:34Z,2015-01-13T19:34:34Z,,https://www.benzinga.com/node/5143726,
5143760,LAKE,"Fort Hood Soldier, Back in US from W. Africa, Found Dead",,Benzinga,2015-01-13T19:50:41Z,2015-01-13T19:50:55Z,,https://www.benzinga.com/node/5143760,
5144188,LAND,Gladstone Land Increases Its Monthly Cash Distribution To $0.035/share,,Benzinga,2015-01-13T21:32:27Z,2015-01-13T21:32:27Z,,https://www.benzinga.com/node/5144188,
5141210,LSTR,"KeyBanc Downgrades Landstar System to Hold, Removes $85.00 PT",,Benzinga,2015-01-13T10:57:55Z,2015-01-13T10:57:55Z,,https://www.benzinga.com/node/5141210,
5142329,LULU,"Credit Suisse Sees Lululemon Athletica's Outlook Being 'Brighter,' Raises Price Target To $61",,Benzinga,2015-01-13T15:24:07Z,2015-01-13T15:24:07Z,,https://www.benzinga.com/node/5142329,
5142686,MAR,Stocks Hitting 52-Week Highs,,Benzinga,2015-01-13T15:19:37Z,2015-01-13T15:19:38Z,,https://www.benzinga.com/node/5142686,
5136467,LXRX,Biotechs Presenting at the J.P. Morgan Healthcare Conference: Day Three,,Benzinga,2015-01-13T15:58:31Z,2015-01-13T16:01:19Z,,https://www.benzinga.com/node/5136467,
5136474,MDXG,Biotechs Presenting at the J.P. Morgan Healthcare Conference: Day Four,,Benzinga,2015-01-13T16:34:33Z,2015-01-13T21:57:46Z,,https://www.benzinga.com/node/5136474,
5144468,MAT,"Mattel Names Richard Dickson Pres, Chief Brands Officer; Tim Klipin Named Pres, Chief Commercial Officer",,Benzinga,2015-01-13T22:51:10Z,2015-01-13T22:51:10Z,,https://www.benzinga.com/node/5144468,
5141203,MNST,Wells Fargo Downgrades Monster Beverage to Market Perform,,Benzinga,2015-01-13T10:53:29Z,2015-01-13T10:53:30Z,,https://www.benzinga.com/node/5141203,
5141651,MNST,"UPDATE: Stifel Reiterates Buy Rating, Raises PT on Monster Beverage Corporation on Updated 2015-2017 Estimates",,Benzinga,2015-01-13T12:53:14Z,2015-01-13T12:53:14Z,,https://www.benzinga.com/node/5141651,
5142110,MFLX,Multi-Fineline Electronix Sees Q4 Sales $209.0M,,Benzinga,2015-01-13T14:01:01Z,2015-01-13T14:01:01Z,,https://www.benzinga.com/node/5142110,
5136467,MNKD,Biotechs Presenting at the J.P. Morgan Healthcare Conference: Day Three,,Benzinga,2015-01-13T15:58:31Z,2015-01-13T16:01:19Z,,https://www.benzinga.com/node/5136467,
5144141,MNST,"8-K from Monster Beverage Shows Co. Expecting Coca-Cola Deal to Close by End of Q1, Shows Co. to Receive $2.15B Cash Payment on Deal",,Benzinga,2015-01-13T21:22:41Z,2015-01-13T21:22:41Z,,https://www.benzinga.com/node/5144141,
5140333,MSFT,Spotify's 60 Million Users Could Make It Hard For Others To Catch Up,,Benzinga,2015-01-13T13:41:59Z,2015-01-13T13:41:59Z,,https://www.benzinga.com/node/5140333,
5142128,MSFT,From Microsoft Blog: 'Registration for Build 2015 opens Jan. 22',,Benzinga,2015-01-13T14:01:51Z,2015-01-13T14:01:51Z,,https://www.benzinga.com/node/5142128,
5142059,MSFT,"SunTrust Previews Yahoo's Q4 Earnings, Expects Focus To Be On Asian Asset Tax Efficiency And Growth Initiatives",,Benzinga,2015-01-13T15:07:21Z,2015-01-13T15:07:21Z,,https://www.benzinga.com/node/5142059,
5144079,MRCY,Mercury Systems Announces $4.3M Order,,Benzinga,2015-01-13T21:15:36Z,2015-01-13T21:15:36Z,,https://www.benzinga.com/node/5144079,
5141978,NFLX,Notes From The Street: 'It's Different This Time',,Benzinga,2015-01-13T13:31:27Z,2015-01-13T13:31:29Z,,https://www.benzinga.com/node/5141978,
5142006,NFLX,Jim Strugger's Option Strategy For Netflix,,Benzinga,2015-01-13T16:00:15Z,2015-01-13T16:00:16Z,,https://www.benzinga.com/node/5142006,
5143380,NHTC,Natural Health Trends Reports Prelim. Q4 Sales $35.40M,,Benzinga,2015-01-13T17:49:24Z,2015-01-13T17:49:25Z,,https://www.benzinga.com/node/5143380,
5136474,NBIX,Biotechs Presenting at the J.P. Morgan Healthcare Conference: Day Four,,Benzinga,2015-01-13T16:34:33Z,2015-01-13T21:57:46Z,,https://www.benzinga.com/node/5136474,
5141075,NTAP,Top 4 NASDAQ Stocks In The Data Storage Devices Industry With The Highest Dividend Yield,,Benzinga,2015-01-13T09:18:21Z,2015-01-13T09:18:22Z,,https://www.benzinga.com/node/5141075,
5141321,NTAP,"Pacific Crest Downgrades NetApp to Sector Perform, Removes $48.00 PT",,Benzinga,2015-01-13T11:20:34Z,2015-01-13T11:20:35Z,,https://www.benzinga.com/node/5141321,
5141928,NTAP,"Pacific Crest Downgrades ChannelAdvisor, Hewlett-Packard And NetApp",,Benzinga,2015-01-13T13:32:51Z,2015-01-13T13:32:51Z,,https://www.benzinga.com/node/5141928,
5142003,NSPR,InspireMD To Announce Positive Six Month Results From CGuardTM CARENET Trial at LINC 2015,,Benzinga,2015-01-13T13:34:26Z,2015-01-13T13:34:26Z,,https://www.benzinga.com/node/5142003,
5136467,NVAX,Biotechs Presenting at the J.P. Morgan Healthcare Conference: Day Three,,Benzinga,2015-01-13T15:58:31Z,2015-01-13T16:01:19Z,,https://www.benzinga.com/node/5136467,
5141307,ORLY,"Goldman Sachs Downgrades O'Reilly Automotive to Sell, Lowers PT to $179.00",,Benzinga,2015-01-13T11:13:34Z,2015-01-13T11:13:35Z,,https://www.benzinga.com/node/5141307,
5143193,OPK,OPKO Health Receives $3M Grant From National Institutes of Health To Develop Diagnostic Test For Lyme Disease,,Benzinga,2015-01-13T16:51:35Z,2015-01-13T16:51:35Z,,https://www.benzinga.com/node/5143193,
5136474,PACB,Biotechs Presenting at the J.P. Morgan Healthcare Conference: Day Four,,Benzinga,2015-01-13T16:34:33Z,2015-01-13T21:57:46Z,,https://www.benzinga.com/node/5136474,
5143212,PANW,White House to Send Presient Obama's New Proposed Cybersecurity Legislation to Congress on Tuesday -Reuters,,Benzinga,2015-01-13T16:59:12Z,2015-01-13T16:59:12Z,,https://www.benzinga.com/node/5143212,
5143953,PEP,"Option Alert: Pepsico Apr $105 Call; 1,004 Contract Trade at Ask @$0.67; Currently $96.32",,Benzinga,2015-01-13T20:58:09Z,2015-01-13T20:58:51Z,,https://www.benzinga.com/node/5143953,
5144039,PDEX,PRO-DEX Appoints Richard Van Kirk To CEO; Alisha Charlton As CFO,,Benzinga,2015-01-13T21:07:52Z,2015-01-13T21:07:52Z,,https://www.benzinga.com/node/5144039,
5141107,PLCE,Top 4 NASDAQ Stocks In The Apparel Stores Industry With The Highest EPS,,Benzinga,2015-01-13T09:40:22Z,2015-01-13T09:40:22Z,,https://www.benzinga.com/node/5141107,
5141121,PRGS,"Earnings Scheduled For January 13, 2015",,Benzinga,2015-01-13T09:50:45Z,2015-01-13T09:50:45Z,,https://www.benzinga.com/node/5141121,
5144169,PRGS,Progress Software Reports Q4 EPS of $0.47 vs $0.44 Est; Revenue of $97.90M vs $96.24M Est,,Benzinga,2015-01-13T21:30:29Z,2015-01-13T21:30:30Z,,https://www.benzinga.com/node/5144169,
5144185,PRGS,Progress Software Sees Q1 EPS $0.22-0.24; Sees Sales $93.0M-96.0M,,Benzinga,2015-01-13T21:31:53Z,2015-01-13T21:31:54Z,,https://www.benzinga.com/node/5144185,
5144187,PRGS,Progress Software Sees FY2015 EPS $1.37-1.47; Sees Sales $425.0M-435.0M,,Benzinga,2015-01-13T21:32:12Z,2015-01-13T21:32:13Z,,https://www.benzinga.com/node/5144187,
5136474,PTCT,Biotechs Presenting at the J.P. Morgan Healthcare Conference: Day Four,,Benzinga,2015-01-13T16:34:33Z,2015-01-13T21:57:46Z,,https://www.benzinga.com/node/5136474,
5144349,PRGS,After Hours Movers,,Benzinga,2015-01-13T22:28:58Z,2015-01-13T22:28:58Z,,https://www.benzinga.com/node/5144349,
5141858,REGN,Notes From The Street: 'FLASHBACK....Oil Going To $200/Barrel',,Benzinga,2015-01-13T13:20:41Z,2015-01-13T13:20:42Z,,https://www.benzinga.com/node/5141858,
5136474,RIGL,Biotechs Presenting at the J.P. Morgan Healthcare Conference: Day Four,,Benzinga,2015-01-13T16:34:33Z,2015-01-13T21:57:46Z,,https://www.benzinga.com/node/5136474,
5141107,ROST,Top 4 NASDAQ Stocks In The Apparel Stores Industry With The Highest EPS,,Benzinga,2015-01-13T09:40:22Z,2015-01-13T09:40:22Z,,https://www.benzinga.com/node/5141107,
5141759,RMCF,"Rocky Mountain Reports Q3 EPS of $0.17, Up 55% YOY; Revenue of $10.60M vs $10.57M Est",,Benzinga,2015-01-13T13:03:28Z,2015-01-13T13:03:29Z,,https://www.benzinga.com/node/5141759,
5141982,RMCF,"Rocky Mountain Chocolate Factory Announces Increase in Qtr Dividend From $0.11 to $0.12, Authorizes Up to 3M Share Buyback",,Benzinga,2015-01-13T13:31:36Z,2015-01-13T13:31:37Z,,https://www.benzinga.com/node/5141982,
5141107,SCVL,Top 4 NASDAQ Stocks In The Apparel Stores Industry With The Highest EPS,,Benzinga,2015-01-13T09:40:22Z,2015-01-13T09:40:22Z,,https://www.benzinga.com/node/5141107,
5141295,SBRA,"JMP Securities Downgrades Sabra Health Care REIT to Market Underperform, Announces $25.50 PT",,Benzinga,2015-01-13T11:09:30Z,2015-01-13T11:09:30Z,,https://www.benzinga.com/node/5141295,
5142687,SHOO,Wunderlich Securities Sees Steven Madden Ltd. Building for the Future,,Benzinga,2015-01-13T15:21:44Z,2015-01-13T15:21:44Z,,https://www.benzinga.com/node/5142687,
5142891,SKYW,"Top Performing Industries For January 13, 2015",,Benzinga,2015-01-13T15:53:36Z,2015-01-13T16:00:18Z,,https://www.benzinga.com/node/5142891,
5141075,SNDK,Top 4 NASDAQ Stocks In The Data Storage Devices Industry With The Highest Dividend Yield,,Benzinga,2015-01-13T09:18:21Z,2015-01-13T09:18:22Z,,https://www.benzinga.com/node/5141075,
5140732,SNDK,Fast Money Picks For January 13,,Benzinga,2015-01-13T11:47:29Z,2015-01-13T11:47:29Z,,https://www.benzinga.com/node/5140732,
5141675,SPWR,Sun Power Upgraded at Credit Suisse,,Benzinga,2015-01-13T13:03:56Z,2015-01-13T13:03:56Z,,https://www.benzinga.com/node/5141675,
5141806,SPWR,Benzinga's Top #PreMarket Gainers,,Benzinga,2015-01-13T13:09:00Z,2015-01-13T13:09:33Z,,https://www.benzinga.com/node/5141806,
5142058,SPWR,"UPDATE: Credit Suisse Upgrades SunPower Corporation to Outperform, Reiterates $35 PT as Sell-Off Provides Opportunity",,Benzinga,2015-01-13T14:12:12Z,2015-01-13T14:12:12Z,,https://www.benzinga.com/node/5142058,
5142323,SNDK,"UPDATE: Credit Suisse Reiterates Outperform Rating, Lowers PT on SanDisk Corporation Following Negative C4Q Preview",,Benzinga,2015-01-13T14:16:40Z,2015-01-13T14:16:40Z,,https://www.benzinga.com/node/5142323,
5144000,SPRO,SmartPros' Skye Multimedia Sells Certain Assets,,Benzinga,2015-01-13T21:03:33Z,2015-01-13T21:03:33Z,,https://www.benzinga.com/node/5144000,
5136474,SRPT,Biotechs Presenting at the J.P. Morgan Healthcare Conference: Day Four,,Benzinga,2015-01-13T16:34:33Z,2015-01-13T21:57:46Z,,https://www.benzinga.com/node/5136474,
5141075,STX,Top 4 NASDAQ Stocks In The Data Storage Devices Industry With The Highest Dividend Yield,,Benzinga,2015-01-13T09:18:21Z,2015-01-13T09:18:22Z,,https://www.benzinga.com/node/5141075,
5140695,STI,Credit Suisse's Large Cap Bank Picks,,Benzinga,2015-01-13T13:24:08Z,2015-01-13T13:24:09Z,,https://www.benzinga.com/node/5140695,
5142365,TAYD,From 10-Q Filing: Taylor Devices Reports Q2 EPS of $0.15; Revenue of $5.71M,,Benzinga,2015-01-13T14:22:37Z,2015-01-13T14:22:38Z,,https://www.benzinga.com/node/5142365,
5136474,TGTX,Biotechs Presenting at the J.P. Morgan Healthcare Conference: Day Four,,Benzinga,2015-01-13T16:34:33Z,2015-01-13T21:57:46Z,,https://www.benzinga.com/node/5136474,
5140698,TRMB,Jim Lebenthal's Portfolio Picks For 2015,,Benzinga,2015-01-13T11:57:43Z,2015-01-13T11:57:44Z,,https://www.benzinga.com/node/5140698,
5140643,TMUS,T-Mobile Is Credit Suisse's Telecom Pick For 2015,,Benzinga,2015-01-13T12:41:18Z,2015-01-13T12:42:42Z,,https://www.benzinga.com/node/5140643,
5143952,TMUS,"Option Alert: T-Mobile Feb $20 Call; 1,535 Contract Trade at Ask @$1.26; Currently $29.43",,Benzinga,2015-01-13T20:56:53Z,2015-01-13T20:59:41Z,,https://www.benzinga.com/node/5143952,
5144042,TILE,Interface Appoints Jay Gould As COO,,Benzinga,2015-01-13T21:08:28Z,2015-01-13T21:08:28Z,,https://www.benzinga.com/node/5144042,
5141978,TSLA,Notes From The Street: 'It's Different This Time',,Benzinga,2015-01-13T13:31:27Z,2015-01-13T13:31:29Z,,https://www.benzinga.com/node/5141978,
5143745,UAL,"Air France-KLM to Cut 5,000 Jobs in Coming Weeks -Le Figaro",,Benzinga,2015-01-13T19:42:25Z,2015-01-13T19:42:25Z,,https://www.benzinga.com/node/5143745,
5143835,UAL,"UPDATE: Air France-KLM Denies Le Figaro Report of Job Cuts; Says Plans to Cut Costs, But Have No Details -Reuters",,Benzinga,2015-01-13T20:12:46Z,2015-01-13T20:12:46Z,,https://www.benzinga.com/node/5143835,
5144220,TSLA,Tesla's CEO Musk Says China Q4 Sales Declined Significantly -DJ,,Benzinga,2015-01-13T21:43:36Z,2015-01-13T21:43:36Z,,https://www.benzinga.com/node/5144220,
5144221,TSLA,UPDATE: Musk Says Tesla Sales Decline Linked to Consumer Misperceptions Regarding Charging,,Benzinga,2015-01-13T21:44:14Z,2015-01-13T21:44:14Z,,https://www.benzinga.com/node/5144221,
5144222,TSLA,UPDATE: Musk Says New Tesla China Head Capable of Addressing Issues,,Benzinga,2015-01-13T21:45:17Z,2015-01-13T21:45:17Z,,https://www.benzinga.com/node/5144222,
5144235,TSLA,Tesla Shares Fall 3% After-Hours on Musk Comments Regarding Weak China Sales,,Benzinga,2015-01-13T21:49:21Z,2015-01-13T21:49:21Z,,https://www.benzinga.com/node/5144235,
5144241,TSLA,Tesla CEO Elon Musk Is Currently Speaking Live At Automotive News World Congress: 'Main reason I am here is to encourage other automakers to accelerate their electric vehicle programs',,Benzinga,2015-01-13T21:52:03Z,2015-01-13T21:52:03Z,,https://www.benzinga.com/node/5144241,
5144242,TSLA,"Tesla CEO: 'I think that all transport, with the exception of rockets, will go electric'",,Benzinga,2015-01-13T21:52:19Z,2015-01-13T21:52:19Z,,https://www.benzinga.com/node/5144242,
5144244,TSLA,"Musk Says He Started Tesla To Show That Electric Cars Can Be Fast, Sexy And Long-Range",,Benzinga,2015-01-13T21:54:03Z,2015-01-13T21:54:03Z,,https://www.benzinga.com/node/5144244,
5144245,TSLA,"Musk: In The Beginning, No One Would Take Tesla Seriously",,Benzinga,2015-01-13T21:55:08Z,2015-01-13T21:55:08Z,,https://www.benzinga.com/node/5144245,
5144323,TSLA,"Musk: 'I think for a lot of people in the auto industry, it's not clear that the economics work for electric cars'",,Benzinga,2015-01-13T22:04:22Z,2015-01-13T22:04:22Z,,https://www.benzinga.com/node/5144323,
5144324,TSLA,"Musk: 'I can't speak before our quarterly results, but we've been able to keep the gross margin in the mid to high 20s'",,Benzinga,2015-01-13T22:04:36Z,2015-01-13T22:04:37Z,,https://www.benzinga.com/node/5144324,
5144325,TSLA,Musk: 'We are negative cash flow because we've been investing in automation and the Model X',,Benzinga,2015-01-13T22:04:58Z,2015-01-13T22:04:58Z,,https://www.benzinga.com/node/5144325,
5144330,TSLA,Hearing Musk Expecting 500K Unit Sales by 2020,,Benzinga,2015-01-13T22:05:33Z,2015-01-13T22:05:33Z,,https://www.benzinga.com/node/5144330,
5144332,TSLA,"Musk: 'If we were just to sort of scale back our growth and focus on the Model S customer base, we would be profitable'",,Benzinga,2015-01-13T22:07:43Z,2015-01-13T22:07:43Z,,https://www.benzinga.com/node/5144332,
5144334,TSLA,"Musk: 'Before considering taking on any franchise dealers, we first need to establish a solid foundation with our own stores'",,Benzinga,2015-01-13T22:08:01Z,2015-01-13T22:08:01Z,,https://www.benzinga.com/node/5144334,
5144346,TSLA,Musk: 'There are plenty of companies that have a mixed franchise and company-owned stores. Take McDonalds for instance.',,Benzinga,2015-01-13T22:13:34Z,2015-01-13T22:13:34Z,,https://www.benzinga.com/node/5144346,
5144347,TSLA,"Musk: 'We need to get our production rate to the point where we are demand limited, not production limited'",,Benzinga,2015-01-13T22:13:48Z,2015-01-13T22:13:48Z,,https://www.benzinga.com/node/5144347,
5144350,TSLA,"Musk: 'I think we will start showing a profit at some point, probably when the Model 3 is in full production. We're pretty comfortable saying 2020 for that.'",,Benzinga,2015-01-13T22:14:32Z,2015-01-13T22:14:32Z,,https://www.benzinga.com/node/5144350,
5144352,TSLA,Musk: 'We're pretty happy with the number of cars that were produced and ordered in 2014',,Benzinga,2015-01-13T22:15:45Z,2015-01-13T22:15:45Z,,https://www.benzinga.com/node/5144352,
5144354,TSLA,"Musk: 'Our aspiration was to deliver 33,000 cars in 2014. We sold in terms of orders of cars far more than that.'",,Benzinga,2015-01-13T22:17:16Z,2015-01-13T22:17:16Z,,https://www.benzinga.com/node/5144354,
5144355,TSLA,"Musk: 'I think right now, releasing numbers on a monthly basis would get people confused'",,Benzinga,2015-01-13T22:17:44Z,2015-01-13T22:17:44Z,,https://www.benzinga.com/node/5144355,
5144249,TSLA,Tesla Falls Following Elon Musk's Comments About Sales In China,,Benzinga,2015-01-13T22:17:47Z,2015-01-13T22:17:47Z,,https://www.benzinga.com/node/5144249,
5144358,TSLA,Musk Says Orders in the U.S. Are Rising,,Benzinga,2015-01-13T22:18:13Z,2015-01-13T22:18:13Z,,https://www.benzinga.com/node/5144358,
5144359,TSLA,"Musk: 'Over the course of last year, we saw a significant increase in North American demand,' 'demand in Europe is surprisingly excellent'",,Benzinga,2015-01-13T22:18:49Z,2015-01-13T22:18:49Z,,https://www.benzinga.com/node/5144359,
5144360,TSLA,Musk: 'Demand in China was unexpectedly weak in the Q4',,Benzinga,2015-01-13T22:19:07Z,2015-01-13T22:19:07Z,,https://www.benzinga.com/node/5144360,
5144361,TSLA,Musk: 'Model X will for sure launch this summer',,Benzinga,2015-01-13T22:19:25Z,2015-01-13T22:19:26Z,,https://www.benzinga.com/node/5144361,
5144380,TSLA,Musk: 'We're not actively seeking any partnerships because our focus is so heavily on increasing production capacity',,Benzinga,2015-01-13T22:26:32Z,2015-01-13T22:26:32Z,,https://www.benzinga.com/node/5144380,
5144381,TSLA,Musk on Gigafactory: 'Nevada is actually contributing less than five percent of the cost of creating the factory',,Benzinga,2015-01-13T22:26:49Z,2015-01-13T22:26:50Z,,https://www.benzinga.com/node/5144381,
5144382,TSLA,Musk on Gigafactory: 'It will drive down battery costs. Guaranteed.',,Benzinga,2015-01-13T22:27:06Z,2015-01-13T22:27:06Z,,https://www.benzinga.com/node/5144382,
5144383,TSLA,Musk on Gigafactory: 'I'm absolutely certain we can achieve a 30 percent cost reduction',,Benzinga,2015-01-13T22:27:19Z,2015-01-13T22:27:19Z,,https://www.benzinga.com/node/5144383,
5144349,TSLA,After Hours Movers,,Benzinga,2015-01-13T22:28:58Z,2015-01-13T22:28:58Z,,https://www.benzinga.com/node/5144349,
5144388,TSLA,Musk: 'Our biggest focus is service centers. Much more than stores.',,Benzinga,2015-01-13T22:30:19Z,2015-01-13T22:30:19Z,,https://www.benzinga.com/node/5144388,
5144402,TSLA,"Elon Musk, Currently Speaking at Automotive News World Congress, Called Monday's WSJ Article 'Completely Asinine'",,Benzinga,2015-01-13T22:40:13Z,2015-01-13T22:40:13Z,,https://www.benzinga.com/node/5144402,
5144404,TSLA,"Musk on Stock Price: 'I think that's one of the downsides of being public company, people are constantly speculating about the stock price'",,Benzinga,2015-01-13T22:40:44Z,2015-01-13T22:40:45Z,,https://www.benzinga.com/node/5144404,
5144414,TSLA,"Musk: 'For long term investors in Tesla, the short-term fluctuations are not important'",,Benzinga,2015-01-13T22:41:04Z,2015-01-13T22:41:04Z,,https://www.benzinga.com/node/5144414,
5144420,TSLA,Musk: 'I don't know exactly when we'll start to see production exceed demand',,Benzinga,2015-01-13T22:41:35Z,2015-01-13T22:41:35Z,,https://www.benzinga.com/node/5144420,
5144421,TSLA,Musk: 'We've already sold out of all the Model Xs we could make this year',,Benzinga,2015-01-13T22:41:49Z,2015-01-13T22:41:49Z,,https://www.benzinga.com/node/5144421,
5144452,TSLA,Musk Discussing SpaceX: 'I want to enable large numbers of people to go to Mars',,Benzinga,2015-01-13T22:44:42Z,2015-01-13T22:44:42Z,,https://www.benzinga.com/node/5144452,
5144453,TSLA,Musk: 'I think that it's important for us as a civilization to become a multi-planet species.',,Benzinga,2015-01-13T22:45:09Z,2015-01-13T22:45:09Z,,https://www.benzinga.com/node/5144453,
5144455,TSLA,Musk Says He's Had a Few Brief Conversations with Warren Buffett,,Benzinga,2015-01-13T22:46:34Z,2015-01-13T22:46:34Z,,https://www.benzinga.com/node/5144455,
5144456,TSLA,Musk Offers Message to Traditional Automotive Industry: 'strongly recommend making significant investments in electric cars. I think that people won't regret making those decisions.',,Benzinga,2015-01-13T22:48:15Z,2015-01-13T22:48:15Z,,https://www.benzinga.com/node/5144456,
5144459,TSLA,Musk: 'I think that we're really going to regret the amount of carbon that we're putting in the atmosphere',,Benzinga,2015-01-13T22:50:09Z,2015-01-13T22:50:09Z,,https://www.benzinga.com/node/5144459,
5144495,TSLA,Elon Musk Q&A at Automotive News World Congress: 'China was definitely a lot weaker than expected',,Benzinga,2015-01-13T23:13:19Z,2015-01-13T23:13:19Z,,https://www.benzinga.com/node/5144495,
5144496,TSLA,Musk: 'There's no question that gasoline prices will have some affect on mass-production cars. I don't see it having an effect on the Model S or the Model X',,Benzinga,2015-01-13T23:13:59Z,2015-01-13T23:13:59Z,,https://www.benzinga.com/node/5144496,
5144497,TSLA,Musk: 'I don't see the Chevrolet Bolt as a competitive threat to the Model 3 because I think all cars will go electric',,Benzinga,2015-01-13T23:15:56Z,2015-01-13T23:15:56Z,,https://www.benzinga.com/node/5144497,
5144503,TSLA,"Musk on Gigafactory: 'I think we can certainly provide battery packs to other car companies, as we've done before'",,Benzinga,2015-01-13T23:20:45Z,2015-01-13T23:20:45Z,,https://www.benzinga.com/node/5144503,
5144558,TSLA,"Elon Musk During Q&A: 'We will have non-GAAP profitability before 2020, I'm just not sure we'll have GAAP profitability before then'",,Benzinga,2015-01-13T23:35:35Z,2015-01-13T23:35:35Z,,https://www.benzinga.com/node/5144558,
5144560,TSLA,"Musk: 'I'm committed to stay at Tesla as long as I'm alive... I may not be the CEO of Tesla, but I will certainly be with the company forever.'",,Benzinga,2015-01-13T23:37:06Z,2015-01-13T23:37:06Z,,https://www.benzinga.com/node/5144560,
5144561,TSLA,"Musk: '...can expect to see a factory in Europe, a factory in Asia and maybe another in the U.S. on the east coast in the long-term.'",,Benzinga,2015-01-13T23:40:01Z,2015-01-13T23:40:01Z,,https://www.benzinga.com/node/5144561,
5141107,URBN,Top 4 NASDAQ Stocks In The Apparel Stores Industry With The Highest EPS,,Benzinga,2015-01-13T09:40:22Z,2015-01-13T09:40:22Z,,https://www.benzinga.com/node/5141107,
5141840,VC,"8-K from Visteon Shows FY15 Adj. EBITDA, Excluding Climate Product Unit $3.3B; Sees FY18 Adj. EBITDA, Ex-Climate Unit $335M",,Benzinga,2015-01-13T13:15:17Z,2015-01-13T13:15:17Z,,https://www.benzinga.com/node/5141840,
5141075,WDC,Top 4 NASDAQ Stocks In The Data Storage Devices Industry With The Highest Dividend Yield,,Benzinga,2015-01-13T09:18:21Z,2015-01-13T09:18:22Z,,https://www.benzinga.com/node/5141075,
5142686,WMT,Stocks Hitting 52-Week Highs,,Benzinga,2015-01-13T15:19:37Z,2015-01-13T15:19:38Z,,https://www.benzinga.com/node/5142686,
5141562,AAPL,The Facebook Hustle,,Benzinga,2015-01-14T01:10:09Z,2015-01-14T02:18:06Z,,https://www.benzinga.com/node/5141562,
5145178,AAPL,Ericsson Files Complaint vs Apple in US District Court Requesting Ruling on Ericsson's Proposed Global Licensing Fees,,Benzinga,2015-01-14T09:36:09Z,2015-01-14T09:36:09Z,,https://www.benzinga.com/node/5145178,
5145335,ACTG,Acacia Announces Settlement and Patent License Agreement with TomTom,,Benzinga,2015-01-14T11:03:27Z,2015-01-14T11:03:27Z,,https://www.benzinga.com/node/5145335,
5144770,AAPL,Cramer Advises His Viewers On Stocks In Their Portfolios,,Benzinga,2015-01-14T12:20:06Z,2015-01-14T12:20:06Z,,https://www.benzinga.com/node/5144770,
5145681,AAPL,NY Times Tweets: 'Bigger Settlement Said to Be Reached in Silicon Valley Antitrust Case http://nyti.ms/1C078zR',,Benzinga,2015-01-14T12:39:16Z,2015-01-14T12:39:16Z,,https://www.benzinga.com/node/5145681,
5145681,ADBE,NY Times Tweets: 'Bigger Settlement Said to Be Reached in Silicon Valley Antitrust Case http://nyti.ms/1C078zR',,Benzinga,2015-01-14T12:39:16Z,2015-01-14T12:39:16Z,,https://www.benzinga.com/node/5145681,
5145694,AAPL,IMS Internet Media Services Selected by Apple as Exclusive Reseller of iAd in Latin America,,Benzinga,2015-01-14T12:45:14Z,2015-01-14T12:45:14Z,,https://www.benzinga.com/node/5145694,
5146082,AAPL,"Apple, Google, Intel, Adobe Increase Settlement Offer in Class-Action Lawsuit",,Benzinga,2015-01-14T14:07:47Z,2015-01-14T14:07:47Z,,https://www.benzinga.com/node/5146082,
5146082,ADBE,"Apple, Google, Intel, Adobe Increase Settlement Offer in Class-Action Lawsuit",,Benzinga,2015-01-14T14:07:47Z,2015-01-14T14:07:47Z,,https://www.benzinga.com/node/5146082,
5146693,AAPL,"JMP Reiterates On GoPro, Sell-Off 'Overdone'",,Benzinga,2015-01-14T15:20:16Z,2015-01-14T15:20:17Z,,https://www.benzinga.com/node/5146693,
5146866,AAPL,Apple May Drop Intel for Custom A-series Chips for new Macs in 1-2 Years -AppleInsider,,Benzinga,2015-01-14T15:58:30Z,2015-01-14T15:58:30Z,,https://www.benzinga.com/node/5146866,
5147002,AAPL,Bloomberg Citing Apple Insider Saying 'Apple Chips Will Meet Intel's Performance Within 1-2 Years',,Benzinga,2015-01-14T16:15:10Z,2015-01-14T16:15:10Z,,https://www.benzinga.com/node/5147002,
5147192,AAPL,J.P.Morgan Comments On Ericsson And Apple's IPR Lawsuits,,Benzinga,2015-01-14T17:16:10Z,2015-01-14T17:16:11Z,,https://www.benzinga.com/node/5147192,
5144732,AAPL,PC Market Trackers See Improving Trend: Is It Sustainable?,,Benzinga,2015-01-14T17:25:51Z,2015-01-14T17:25:51Z,,https://www.benzinga.com/node/5144732,
5143628,AAPL,The Next Big Change In The Music Industry,,Benzinga,2015-01-14T17:47:30Z,2015-01-14T17:47:30Z,,https://www.benzinga.com/node/5143628,
5147468,AAPL,Apple Sues Ericsson Over 'Excessive Royalties',,Benzinga,2015-01-14T18:25:18Z,2015-01-14T18:25:18Z,,https://www.benzinga.com/node/5147468,
5147480,AAPL,Here's How GoPro Will Be Impacted By Apple's Entry Into The Mountable Camera Space,,Benzinga,2015-01-14T18:34:02Z,2015-01-14T18:34:03Z,,https://www.benzinga.com/node/5147480,
5147048,AAPL,Brean Capital's Top Semiconductor and Tech Hardware Stocks,,Benzinga,2015-01-14T20:24:54Z,2015-01-14T20:24:54Z,,https://www.benzinga.com/node/5147048,
5135544,AAPL,The Stability Of Apple's ' App Economy',,Benzinga,2015-01-12T13:10:52Z,2015-01-14T20:26:10Z,,https://www.benzinga.com/node/5135544,
5148173,ADBE,"Adobe Announces $2B Buyback Program, Through 2017",,Benzinga,2015-01-14T21:25:38Z,2015-01-14T21:25:38Z,,https://www.benzinga.com/node/5148173,
5148174,ADBE,UPDATE: Adobe $2B Buyback Follows Similar Program Which Ended in 2015,,Benzinga,2015-01-14T21:27:10Z,2015-01-14T21:27:27Z,,https://www.benzinga.com/node/5148174,
5145631,AAL,"Pentagon To Keep Flying FedEx, UPS, and American Airlines -- for $114 Million",,Benzinga,2015-01-14T21:43:36Z,2015-01-14T21:43:36Z,,https://www.benzinga.com/node/5145631,
5148281,ACT,"8-K from Galena, Partner Orexo, Received Paragraph IV Patent Certification Notice from Actavis Related to Abstral Generic",,Benzinga,2015-01-14T22:00:27Z,2015-01-14T22:00:27Z,,https://www.benzinga.com/node/5148281,
5148234,ADBE,Adobe Systems Announces $2 Billion Buyback Plan,,Benzinga,2015-01-14T22:01:10Z,2015-01-14T22:02:21Z,,https://www.benzinga.com/node/5148234,
5148326,ACT,After Hours Movers,,Benzinga,2015-01-14T22:15:57Z,2015-01-14T22:15:57Z,,https://www.benzinga.com/node/5148326,
5144351,AEIS,Wild Swings In Solar Short Interest,,Benzinga,2015-01-14T21:40:34Z,2015-01-14T21:40:34Z,,https://www.benzinga.com/node/5144351,
5146053,AMZN,Amazon Rumored To Purchase Logistics Company BlueDart,,Benzinga,2015-01-14T13:47:30Z,2015-01-14T13:47:30Z,,https://www.benzinga.com/node/5146053,
5146186,AMZN,"Amazon To Debut Bosch Series on February 13 In The US, UK and Germany",,Benzinga,2015-01-14T14:03:00Z,2015-01-14T14:03:00Z,,https://www.benzinga.com/node/5146186,
5143705,AMZN,Citi Analyst Mark May Explains His Upgrade Of Amazon,,Benzinga,2015-01-14T15:15:40Z,2015-01-14T15:15:40Z,,https://www.benzinga.com/node/5143705,
5143628,AMZN,The Next Big Change In The Music Industry,,Benzinga,2015-01-14T17:47:30Z,2015-01-14T17:47:30Z,,https://www.benzinga.com/node/5143628,
5147658,ALKS,Why Citigroup Placed An $85 Price Target On Shares Of Alkermes,,Benzinga,2015-01-14T19:37:36Z,2015-01-14T19:37:36Z,,https://www.benzinga.com/node/5147658,
5148078,ATRC,AtriCure Inc Appoints Douglas Seith As COO AtriCure; Andy Wade To SVP,,Benzinga,2015-01-14T21:06:26Z,2015-01-14T21:06:26Z,,https://www.benzinga.com/node/5148078,
5145579,BCRX,BioCryst Announces Positive Opinion For European Orphan Drug Designation,,Benzinga,2015-01-14T12:07:07Z,2015-01-14T12:07:07Z,,https://www.benzinga.com/node/5145579,
5145820,BCRX,Benzinga's Top #PreMarket Gainers,,Benzinga,2015-01-14T13:06:27Z,2015-01-14T13:06:27Z,,https://www.benzinga.com/node/5145820,
5145475,BMRN,"UPDATE: Nomura Reiterates Buy Rating, Raises PT on BioMarin Pharmaceutical on Positive Preliminary BMN-190 Data",,Benzinga,2015-01-14T12:08:57Z,2015-01-14T12:08:57Z,,https://www.benzinga.com/node/5145475,
5145858,BLRX,BioLineRx Announces Completion of Enrollment in CE Mark Registration Trial of BL-1040,,Benzinga,2015-01-14T13:17:38Z,2015-01-14T13:17:38Z,,https://www.benzinga.com/node/5145858,
5147006,BIIB,"UPDATE: Biogen Idec Acquisition of Convergence Pharmaceuticals was Announced on January 11,  International Biotechnology Trust Mentioned the Acquisition on Wednesday",,Benzinga,2015-01-14T16:15:55Z,2015-01-14T16:15:55Z,,https://www.benzinga.com/node/5147006,
5147346,BIIB,Biogen Idec To Acquire Convergence Pharmaceuticals In Deal Worth $675 Million,,Benzinga,2015-01-14T17:50:04Z,2015-01-14T17:50:04Z,,https://www.benzinga.com/node/5147346,
5145344,CDW,"Goldman Sachs Downgrades CDW to Neutral, Maintains $36.00 PT",,Benzinga,2015-01-14T11:07:51Z,2015-01-14T11:07:52Z,,https://www.benzinga.com/node/5145344,
5147159,CDW,"Barclays: CDW Top Technology Pick, Apple Still A Favorite",,Benzinga,2015-01-14T17:12:35Z,2015-01-14T17:12:35Z,,https://www.benzinga.com/node/5147159,
5145333,CME,UPDATE: BGC Raises Contingent All-Cash Tender Offer for GFI Group to $5.60 Per Share,,Benzinga,2015-01-14T11:03:02Z,2015-01-14T11:03:02Z,,https://www.benzinga.com/node/5145333,
5146310,CLIR,ClearSign Inks Deal For Emissions Control At California Refinery,,Benzinga,2015-01-14T14:17:13Z,2015-01-14T14:17:13Z,,https://www.benzinga.com/node/5146310,
5145144,CSX,"Keep an Eye on These 7 Stocks for January 14, 2015",,Benzinga,2015-01-14T09:05:20Z,2015-01-14T09:05:20Z,,https://www.benzinga.com/node/5145144,
5145678,CSX,CSX Offers Q4 Earnings Presentation Ahead of Conference Call: Q1 Outlook Classified as 'Favorable',,Benzinga,2015-01-14T12:36:34Z,2015-01-14T12:36:34Z,,https://www.benzinga.com/node/5145678,
5147052,CZR,Hearing Caesars Will File New Bankruptcy In Chicago Tomorrow,,Benzinga,2015-01-14T16:33:55Z,2015-01-14T16:33:55Z,,https://www.benzinga.com/node/5147052,
5147225,CZR,"Caesars Entertainment Operating Unit to File for Chapter 11 Bankruptcy Thursday in Chicago, According to Court Filing -Reuters",,Benzinga,2015-01-14T17:05:54Z,2015-01-14T17:05:54Z,,https://www.benzinga.com/node/5147225,
5147230,CZR,"UPDATE: Caesars Entertainment Operating Unit to Seek 1st Day Motions to Continue Normal Business, Honor Customer Programs",,Benzinga,2015-01-14T17:07:32Z,2015-01-14T17:07:32Z,,https://www.benzinga.com/node/5147230,
5147433,CZR,UPDATE: Delaware Bankruptcy Court Rejects Request for Hearing to Stay Expected Bankruptcy By Caesars Entertainment Corp -Reuters,,Benzinga,2015-01-14T18:09:20Z,2015-01-14T18:09:20Z,,https://www.benzinga.com/node/5147433,
5147455,CZNC,Citizens and Northern Reports Q4 EPS of $0.36 vs $0.35 Est,,Benzinga,2015-01-14T18:12:43Z,2015-01-14T18:12:43Z,,https://www.benzinga.com/node/5147455,
5147543,CZR,Reports: Caesars Entertainment Corp. Bankruptcy Venue Uncertain,,Benzinga,2015-01-14T18:52:44Z,2015-01-14T18:52:44Z,,https://www.benzinga.com/node/5147543,
5146822,DLTR,"ISS Recommends Family Dollar Stockholders Vote ""for"" Merger with Dollar Tree",,Benzinga,2015-01-14T15:41:12Z,2015-01-14T15:41:12Z,,https://www.benzinga.com/node/5146822,
5147762,DPZ,Domino's Pizza Offers Slideshow Presentation for Investor Day: Targeting Long-Term Net Units Growth in 5-7% Range,,Benzinga,2015-01-14T19:48:58Z,2015-01-14T19:48:58Z,,https://www.benzinga.com/node/5147762,
5143875,EBAY,3 Social Media Stocks That Bucked The Short Interest Trend,,Benzinga,2015-01-14T21:34:12Z,2015-01-14T21:34:12Z,,https://www.benzinga.com/node/5143875,
5148409,EDUC,Educational Development Reports Q3 EPS of $0.13; Revenue of $10.90M,,Benzinga,2015-01-14T22:39:27Z,2015-01-14T22:39:27Z,,https://www.benzinga.com/node/5148409,
5145176,ESLT,Elbit Systems Awarded ~$54M Contracts to Supply Advanced Electro-Optics Systems to Israeli Ministry of Defense,,Benzinga,2015-01-14T09:32:56Z,2015-01-14T09:32:56Z,,https://www.benzinga.com/node/5145176,
5145178,ERIC,Ericsson Files Complaint vs Apple in US District Court Requesting Ruling on Ericsson's Proposed Global Licensing Fees,,Benzinga,2015-01-14T09:36:09Z,2015-01-14T09:36:09Z,,https://www.benzinga.com/node/5145178,
5145554,ESLT,US Stock Futures Slip; JPMorgan Earnings In Focus,,Benzinga,2015-01-14T12:01:40Z,2015-01-14T12:01:40Z,,https://www.benzinga.com/node/5145554,
5146802,EHTH,Benzinga's Volume Movers,,Benzinga,2015-01-14T15:31:52Z,2015-01-14T15:31:52Z,,https://www.benzinga.com/node/5146802,
5147192,ERIC,J.P.Morgan Comments On Ericsson And Apple's IPR Lawsuits,,Benzinga,2015-01-14T17:16:10Z,2015-01-14T17:16:11Z,,https://www.benzinga.com/node/5147192,
5147468,ERIC,Apple Sues Ericsson Over 'Excessive Royalties',,Benzinga,2015-01-14T18:25:18Z,2015-01-14T18:25:18Z,,https://www.benzinga.com/node/5147468,
5148120,EML,"Eastern Co. Reports Unsolicited Bid for $6.69/Share in Cash, ~$12.43 in Synalloy Shares",,Benzinga,2015-01-14T21:11:14Z,2015-01-14T21:11:14Z,,https://www.benzinga.com/node/5148120,
5148121,EML,UPDATE: The Eastern Company Respond to Unsolicited Proposal,,Benzinga,2015-01-14T21:11:23Z,2015-01-14T21:11:23Z,,https://www.benzinga.com/node/5148121,
5148213,EHTH,eHealth Shares Halted News Pending,,Benzinga,2015-01-14T21:35:17Z,2015-01-14T21:35:17Z,,https://www.benzinga.com/node/5148213,
5148247,EHTH,eHealth Shares to Resume Trade at 5:10 p.m. EST,,Benzinga,2015-01-14T21:47:29Z,2015-01-14T21:47:29Z,,https://www.benzinga.com/node/5148247,
5148253,EHTH,UPDATE: eHealth Q4 EBITDA Loss Expected in $16.3-$13.8M,,Benzinga,2015-01-14T21:50:09Z,2015-01-14T21:50:09Z,,https://www.benzinga.com/node/5148253,
5148236,EHTH,eHealth Reports Prelim. FY2014 EPS $(0.13)-(0.04) vs $0.05 Est; Sees Sales $178.0M-180.0M vs $187.20M Est,,Benzinga,2015-01-14T21:44:11Z,2015-01-14T21:50:25Z,,https://www.benzinga.com/node/5148236,
5148232,EHTH,eHealth Reports Prelim. Q4 EPS $(0.13)-(0.04); Sees Sales $43.0M-43.50M,,Benzinga,2015-01-14T21:41:09Z,2015-01-14T21:50:28Z,,https://www.benzinga.com/node/5148232,
5148323,FAST,Fastenal Raises Qtr. Dividend from $0.25 to $0.28/Share,,Benzinga,2015-01-14T22:06:28Z,2015-01-14T22:06:28Z,,https://www.benzinga.com/node/5148323,
5145407,FFIV,"Barclays Downgrades F5 Networks to Equal-weight, Maintains $136.00 PT",,Benzinga,2015-01-14T11:19:39Z,2015-01-14T11:19:39Z,,https://www.benzinga.com/node/5145407,
5146336,FFIV,"UPDATE: Barclays Capital Downgrades F5 Networks to Equal-Weight, Reiterates $136 PT on Mixed 2015 Outlook",,Benzinga,2015-01-14T14:31:14Z,2015-01-14T14:31:14Z,,https://www.benzinga.com/node/5146336,
5147430,FITB,What Are Citigroup's Top Financial Picks Heading Into Q4 Earnings Season?,,Benzinga,2015-01-14T18:16:46Z,2015-01-14T18:16:46Z,,https://www.benzinga.com/node/5147430,
5145276,FOX,Can Uber Wake Up From Its PR Nightmare?,,Benzinga,2015-01-14T19:16:18Z,2015-01-14T19:18:24Z,,https://www.benzinga.com/node/5145276,
5144351,FSLR,Wild Swings In Solar Short Interest,,Benzinga,2015-01-14T21:40:34Z,2015-01-14T21:40:34Z,,https://www.benzinga.com/node/5144351,
5144752,GOOG,Fast Money Picks For January 14,,Benzinga,2015-01-14T11:50:55Z,2015-01-14T11:50:55Z,,https://www.benzinga.com/node/5144752,
5144752,GPRO,Fast Money Picks For January 14,,Benzinga,2015-01-14T11:50:55Z,2015-01-14T11:50:55Z,,https://www.benzinga.com/node/5144752,
5145681,GOOG,NY Times Tweets: 'Bigger Settlement Said to Be Reached in Silicon Valley Antitrust Case http://nyti.ms/1C078zR',,Benzinga,2015-01-14T12:39:16Z,2015-01-14T12:39:16Z,,https://www.benzinga.com/node/5145681,
5145681,GOOGL,NY Times Tweets: 'Bigger Settlement Said to Be Reached in Silicon Valley Antitrust Case http://nyti.ms/1C078zR',,Benzinga,2015-01-14T12:39:16Z,2015-01-14T12:39:16Z,,https://www.benzinga.com/node/5145681,
5145684,GOOGL,"UPDATE: Credit Suisse Reiterates Outperform Rating, Lowers PT on Google on 4Q14 Earnings",,Benzinga,2015-01-14T12:44:01Z,2015-01-14T12:44:01Z,,https://www.benzinga.com/node/5145684,
5146061,GOOGL,"UPDATE: Pivotal Research Reiterates Buy Rating, Lowers PT on Google on Model Updates Ahead of 4Q14 Earnings",,Benzinga,2015-01-14T13:51:03Z,2015-01-14T13:51:03Z,,https://www.benzinga.com/node/5146061,
5146082,GOOG,"Apple, Google, Intel, Adobe Increase Settlement Offer in Class-Action Lawsuit",,Benzinga,2015-01-14T14:07:47Z,2015-01-14T14:07:47Z,,https://www.benzinga.com/node/5146082,
5146693,GPRO,"JMP Reiterates On GoPro, Sell-Off 'Overdone'",,Benzinga,2015-01-14T15:20:16Z,2015-01-14T15:20:17Z,,https://www.benzinga.com/node/5146693,
5146803,GRPN,Goldman Sachs Recommends Option Straddles Ahead Of Earnings Reports,,Benzinga,2015-01-14T15:35:01Z,2015-01-14T15:35:01Z,,https://www.benzinga.com/node/5146803,
5146819,GPRO,"Top Performing Industries For January 14, 2015",,Benzinga,2015-01-14T15:40:12Z,2015-01-14T15:40:12Z,,https://www.benzinga.com/node/5146819,
5146918,GPRO,GoPro Partners with Vislink to Develop Live Wireless HD Video Transmission Solutions for the Professional Broadcast Market,,Benzinga,2015-01-14T16:03:18Z,2015-01-14T16:03:18Z,,https://www.benzinga.com/node/5146918,
5147156,GOOG,"Pivotal Roundup On Q4 Model Updates For Facebook, Google, Salesforce, Twitter And Yahoo",,Benzinga,2015-01-14T17:06:39Z,2015-01-14T17:06:39Z,,https://www.benzinga.com/node/5147156,
5144732,GOOGL,PC Market Trackers See Improving Trend: Is It Sustainable?,,Benzinga,2015-01-14T17:25:51Z,2015-01-14T17:25:51Z,,https://www.benzinga.com/node/5144732,
5147329,GILD,'India Rejects Gildead Patent Request For Hep C Drug',,Benzinga,2015-01-14T17:34:22Z,2015-01-14T17:34:22Z,,https://www.benzinga.com/node/5147329,
5147345,GOOG,Google to Launch 'Modular' Smartphone in Puerto Rico in H2 2015 -DJ,,Benzinga,2015-01-14T17:42:14Z,2015-01-14T17:42:14Z,,https://www.benzinga.com/node/5147345,
5147345,GOOGL,Google to Launch 'Modular' Smartphone in Puerto Rico in H2 2015 -DJ,,Benzinga,2015-01-14T17:42:14Z,2015-01-14T17:42:14Z,,https://www.benzinga.com/node/5147345,
5143628,GOOG,The Next Big Change In The Music Industry,,Benzinga,2015-01-14T17:47:30Z,2015-01-14T17:47:30Z,,https://www.benzinga.com/node/5143628,
5143628,GOOGL,The Next Big Change In The Music Industry,,Benzinga,2015-01-14T17:47:30Z,2015-01-14T17:47:30Z,,https://www.benzinga.com/node/5143628,
5147337,GOOGL,SunTrust: Don't Dismiss Google Inc Dividend,,Benzinga,2015-01-14T17:56:42Z,2015-01-14T17:56:42Z,,https://www.benzinga.com/node/5147337,
5147377,GILD,Gilead Sciences' Sovaldi Patent Application Rejected In India,,Benzinga,2015-01-14T18:08:29Z,2015-01-14T18:08:29Z,,https://www.benzinga.com/node/5147377,
5147463,GPRO,"GoPro Partners With Vislink, Enters Professional Broadcast Market",,Benzinga,2015-01-14T18:21:40Z,2015-01-14T18:21:41Z,,https://www.benzinga.com/node/5147463,
5147480,GPRO,Here's How GoPro Will Be Impacted By Apple's Entry Into The Mountable Camera Space,,Benzinga,2015-01-14T18:34:02Z,2015-01-14T18:34:03Z,,https://www.benzinga.com/node/5147480,
5147574,GOOG,Google[x] Director Of Self-Driving Cars Chris Urmson Currently Speaking at the Automotive News World Congress,,Benzinga,2015-01-14T18:59:10Z,2015-01-14T18:59:10Z,,https://www.benzinga.com/node/5147574,
5147574,GOOGL,Google[x] Director Of Self-Driving Cars Chris Urmson Currently Speaking at the Automotive News World Congress,,Benzinga,2015-01-14T18:59:10Z,2015-01-14T18:59:10Z,,https://www.benzinga.com/node/5147574,
5147589,GOOG,"Urmson: 'By 2013, we developed a system that we thought was robust enough to have other Google employees use to commute.'",,Benzinga,2015-01-14T19:02:32Z,2015-01-14T19:02:32Z,,https://www.benzinga.com/node/5147589,
5147589,GOOGL,"Urmson: 'By 2013, we developed a system that we thought was robust enough to have other Google employees use to commute.'",,Benzinga,2015-01-14T19:02:32Z,2015-01-14T19:02:32Z,,https://www.benzinga.com/node/5147589,
5147590,GOOG,Urmson: 'We had 140 employees use the technology to get to and from work every day. It was transformative.',,Benzinga,2015-01-14T19:02:48Z,2015-01-14T19:02:48Z,,https://www.benzinga.com/node/5147590,
5147590,GOOGL,Urmson: 'We had 140 employees use the technology to get to and from work every day. It was transformative.',,Benzinga,2015-01-14T19:02:48Z,2015-01-14T19:02:48Z,,https://www.benzinga.com/node/5147590,
5147592,GOOG,"Urmson: 'About a year and a half ago, we started to refocus our efforts so that the vehicle really could drive everywhere.'",,Benzinga,2015-01-14T19:03:09Z,2015-01-14T19:03:09Z,,https://www.benzinga.com/node/5147592,
5147592,GOOGL,"Urmson: 'About a year and a half ago, we started to refocus our efforts so that the vehicle really could drive everywhere.'",,Benzinga,2015-01-14T19:03:09Z,2015-01-14T19:03:09Z,,https://www.benzinga.com/node/5147592,
5147607,GOOG,"Urmson Says Google Cars Understand Semantics Of Driving Like How To Respond To Pedestrians, School Buses and Emergency Vehicles",,Benzinga,2015-01-14T19:09:57Z,2015-01-14T19:09:57Z,,https://www.benzinga.com/node/5147607,
5147607,GOOGL,"Urmson Says Google Cars Understand Semantics Of Driving Like How To Respond To Pedestrians, School Buses and Emergency Vehicles",,Benzinga,2015-01-14T19:09:57Z,2015-01-14T19:09:57Z,,https://www.benzinga.com/node/5147607,
5147645,GOOG,Urmson: 'We're building these prototype vehicles that allow us to learn quickly.',,Benzinga,2015-01-14T19:14:23Z,2015-01-14T19:14:23Z,,https://www.benzinga.com/node/5147645,
5147645,GOOGL,Urmson: 'We're building these prototype vehicles that allow us to learn quickly.',,Benzinga,2015-01-14T19:14:23Z,2015-01-14T19:14:23Z,,https://www.benzinga.com/node/5147645,
5147647,GOOG,Urmson: 'We're definitely not in the business of making cars. We're building these vehicles to allow us to explore the technology.',,Benzinga,2015-01-14T19:14:37Z,2015-01-14T19:14:37Z,,https://www.benzinga.com/node/5147647,
5147647,GOOGL,Urmson: 'We're definitely not in the business of making cars. We're building these vehicles to allow us to explore the technology.',,Benzinga,2015-01-14T19:14:37Z,2015-01-14T19:14:37Z,,https://www.benzinga.com/node/5147647,
5147652,GOOG,Urmson: 'There are really very few things that are more fundamental than transportation.',,Benzinga,2015-01-14T19:16:39Z,2015-01-14T19:16:39Z,,https://www.benzinga.com/node/5147652,
5147652,GOOGL,Urmson: 'There are really very few things that are more fundamental than transportation.',,Benzinga,2015-01-14T19:16:39Z,2015-01-14T19:16:39Z,,https://www.benzinga.com/node/5147652,
5147653,GOOG,"Urmson: 'We care a lot about design. While this doesn't look like a conventional car, it's not a conventional car.'",,Benzinga,2015-01-14T19:16:59Z,2015-01-14T19:17:00Z,,https://www.benzinga.com/node/5147653,
5147653,GOOGL,"Urmson: 'We care a lot about design. While this doesn't look like a conventional car, it's not a conventional car.'",,Benzinga,2015-01-14T19:16:59Z,2015-01-14T19:17:00Z,,https://www.benzinga.com/node/5147653,
5147656,GOOG,"Urmson: 'If you think about the first version of a self-driving car going through your neighborhood, do you really want that to be a big, black SUV? Or do you want something more approachable.'",,Benzinga,2015-01-14T19:18:09Z,2015-01-14T19:18:09Z,,https://www.benzinga.com/node/5147656,
5147656,GOOGL,"Urmson: 'If you think about the first version of a self-driving car going through your neighborhood, do you really want that to be a big, black SUV? Or do you want something more approachable.'",,Benzinga,2015-01-14T19:18:09Z,2015-01-14T19:18:09Z,,https://www.benzinga.com/node/5147656,
5147659,GOOG,"Urmson: 'For the self-driving part of the vehicle, the maps and the software do matter, but the heart of what we're trying to do is getting the right sensing.'",,Benzinga,2015-01-14T19:19:51Z,2015-01-14T19:19:51Z,,https://www.benzinga.com/node/5147659,
5147659,GOOGL,"Urmson: 'For the self-driving part of the vehicle, the maps and the software do matter, but the heart of what we're trying to do is getting the right sensing.'",,Benzinga,2015-01-14T19:19:51Z,2015-01-14T19:19:51Z,,https://www.benzinga.com/node/5147659,
5147662,GOOG,"Urmson: 'Most people talk about the laser in our vehicle, but it actually uses radar and camera data as well.'",,Benzinga,2015-01-14T19:20:15Z,2015-01-14T19:20:16Z,,https://www.benzinga.com/node/5147662,
5147662,GOOGL,"Urmson: 'Most people talk about the laser in our vehicle, but it actually uses radar and camera data as well.'",,Benzinga,2015-01-14T19:20:15Z,2015-01-14T19:20:16Z,,https://www.benzinga.com/node/5147662,
5147693,GOOG,"Urmson: 'We're always looking for new partners. At some point, we're going to be looking for partners to build complete vehicles.'",,Benzinga,2015-01-14T19:25:48Z,2015-01-14T19:25:48Z,,https://www.benzinga.com/node/5147693,
5147693,GOOGL,"Urmson: 'We're always looking for new partners. At some point, we're going to be looking for partners to build complete vehicles.'",,Benzinga,2015-01-14T19:25:48Z,2015-01-14T19:25:48Z,,https://www.benzinga.com/node/5147693,
5147701,GOOG,Urmson Says Google Is Not Working With Uber To Get The Self-Driving Technology In Uber Vehicles,,Benzinga,2015-01-14T19:28:54Z,2015-01-14T19:28:54Z,,https://www.benzinga.com/node/5147701,
5147701,GOOGL,Urmson Says Google Is Not Working With Uber To Get The Self-Driving Technology In Uber Vehicles,,Benzinga,2015-01-14T19:28:54Z,2015-01-14T19:28:54Z,,https://www.benzinga.com/node/5147701,
5147748,GOOG,Google[x] Self-Driving Car Head Urmson Currently Holding Q&A at Automotive News World Congress,,Benzinga,2015-01-14T19:42:50Z,2015-01-14T19:42:50Z,,https://www.benzinga.com/node/5147748,
5147748,GOOGL,Google[x] Self-Driving Car Head Urmson Currently Holding Q&A at Automotive News World Congress,,Benzinga,2015-01-14T19:42:50Z,2015-01-14T19:42:50Z,,https://www.benzinga.com/node/5147748,
5147752,GOOG,"Urmson Believes Shared Usage is a Possibility, Says One '...might get in the care, it takes him somewhere, then it picks up someone else, repeat.'",,Benzinga,2015-01-14T19:44:31Z,2015-01-14T19:44:31Z,,https://www.benzinga.com/node/5147752,
5147752,GOOGL,"Urmson Believes Shared Usage is a Possibility, Says One '...might get in the care, it takes him somewhere, then it picks up someone else, repeat.'",,Benzinga,2015-01-14T19:44:31Z,2015-01-14T19:44:31Z,,https://www.benzinga.com/node/5147752,
5147757,GOOG,"Urmson: 'Night/day is not a problem' for Self-Driving Car; However, Self-Driving Car Does Not Currently Operate in Snow",,Benzinga,2015-01-14T19:46:15Z,2015-01-14T19:46:15Z,,https://www.benzinga.com/node/5147757,
5147757,GOOGL,"Urmson: 'Night/day is not a problem' for Self-Driving Car; However, Self-Driving Car Does Not Currently Operate in Snow",,Benzinga,2015-01-14T19:46:15Z,2015-01-14T19:46:15Z,,https://www.benzinga.com/node/5147757,
5147594,GOOG,Live Blog: Google's Self-Driving Car,,Benzinga,2015-01-14T19:07:09Z,2015-01-14T19:51:56Z,,https://www.benzinga.com/node/5147594,
5147594,GOOGL,Live Blog: Google's Self-Driving Car,,Benzinga,2015-01-14T19:07:09Z,2015-01-14T19:51:56Z,,https://www.benzinga.com/node/5147594,
5143875,GOOGL,3 Social Media Stocks That Bucked The Short Interest Trend,,Benzinga,2015-01-14T21:34:12Z,2015-01-14T21:34:12Z,,https://www.benzinga.com/node/5143875,
5144648,GT,CNBC's Stock Pops & Drops From January 13,,Benzinga,2015-01-14T00:46:10Z,2015-01-14T00:46:10Z,,https://www.benzinga.com/node/5144648,
5145456,GSIT,GSI Technology Sees Q3 Sales $14.20M,,Benzinga,2015-01-14T11:32:17Z,2015-01-14T11:32:18Z,,https://www.benzinga.com/node/5145456,
5145458,GSIT,UPDTE: GSI Technology Raises Q3 Sales Guidance from $13.20M-14.20M to $14.20M,,Benzinga,2015-01-14T11:33:08Z,2015-01-14T11:35:01Z,,https://www.benzinga.com/node/5145458,
5146951,HBAN,Huntington Bank Names Renee Csuhran Interim Regional President,,Benzinga,2015-01-14T16:04:38Z,2015-01-14T16:04:38Z,,https://www.benzinga.com/node/5146951,
5147262,GSIT,13D: Vertex Capital Reports 9.9% Stake In GSI Tech.,,Benzinga,2015-01-14T17:17:22Z,2015-01-14T17:17:22Z,,https://www.benzinga.com/node/5147262,
5145281,HIMX,Himax Technologies Reports Q4 EPS of $0.092 vs $0.09 Est; Revenue of $227.20M vs $224.42M Est,,Benzinga,2015-01-14T10:39:23Z,2015-01-14T10:39:23Z,,https://www.benzinga.com/node/5145281,
5145283,HIMX,UPDATE: Himax Says Chose to Pre-announce Q4 2014 Financial Results to Address Recent Market Confusion Caused by Negative Rumors that Co Might Miss Q4 2014 Guidance,,Benzinga,2015-01-14T10:41:33Z,2015-01-14T10:41:33Z,,https://www.benzinga.com/node/5145283,
5145164,IDCC,Top 4 NASDAQ Stocks In The Wireless Communications Industry With The Highest EPS,,Benzinga,2015-01-14T09:13:23Z,2015-01-14T09:13:23Z,,https://www.benzinga.com/node/5145164,
5145565,IDXX,Idexx Says it Expects Comp Revenue For 2014 Up 9.5% to 10% in 2014,,Benzinga,2015-01-14T12:03:25Z,2015-01-14T12:03:25Z,,https://www.benzinga.com/node/5145565,
5146699,IDXX,Stocks Hitting 52-Week Highs,,Benzinga,2015-01-14T15:18:20Z,2015-01-14T15:18:20Z,,https://www.benzinga.com/node/5146699,
5145258,INTC,"Intel Expands 2-in-1 Reference Design to Coverage to 12.5-inch Display, According to Sources -DigiTimes",,Benzinga,2015-01-14T10:22:01Z,2015-01-14T10:22:01Z,,https://www.benzinga.com/node/5145258,
5145681,INTC,NY Times Tweets: 'Bigger Settlement Said to Be Reached in Silicon Valley Antitrust Case http://nyti.ms/1C078zR',,Benzinga,2015-01-14T12:39:16Z,2015-01-14T12:39:16Z,,https://www.benzinga.com/node/5145681,
5146082,INTC,"Apple, Google, Intel, Adobe Increase Settlement Offer in Class-Action Lawsuit",,Benzinga,2015-01-14T14:07:47Z,2015-01-14T14:07:47Z,,https://www.benzinga.com/node/5146082,
5145860,INTC,Here's Why Intel Is 'The Most Important Company In The World',,Benzinga,2015-01-14T15:03:21Z,2015-01-14T15:03:21Z,,https://www.benzinga.com/node/5145860,
5146866,INTC,Apple May Drop Intel for Custom A-series Chips for new Macs in 1-2 Years -AppleInsider,,Benzinga,2015-01-14T15:58:30Z,2015-01-14T15:58:30Z,,https://www.benzinga.com/node/5146866,
5144732,INTC,PC Market Trackers See Improving Trend: Is It Sustainable?,,Benzinga,2015-01-14T17:25:51Z,2015-01-14T17:25:51Z,,https://www.benzinga.com/node/5144732,
5145568,KTOS,Kratos Announces $11.6M Contract,,Benzinga,2015-01-14T12:03:59Z,2015-01-14T12:03:59Z,,https://www.benzinga.com/node/5145568,
5145209,LEDS,"Earnings Scheduled For January 14, 2015",,Benzinga,2015-01-14T10:02:52Z,2015-01-14T10:02:52Z,,https://www.benzinga.com/node/5145209,
5145460,LAKE,All Teams Arriving in Equatorial Guinea for African Nations Cup Soccer Must be Tested for Ebola Virus -Reuters,,Benzinga,2015-01-14T11:34:41Z,2015-01-14T11:34:41Z,,https://www.benzinga.com/node/5145460,
5147425,LAKE,"WHO Says Sierra Leone, Guinea Report Lowest Weekly Total of New Confirmed Cases Since August 2014, Liberia Since June 2014",,Benzinga,2015-01-14T18:02:30Z,2015-01-14T18:02:30Z,,https://www.benzinga.com/node/5147425,
5148028,LEDS,"SemiLEDs Reports Q1 EPS of $(0.14), Up 46% YOY; Revenue of $2.90M, Down 14% YOY",,Benzinga,2015-01-14T21:01:30Z,2015-01-14T21:01:31Z,,https://www.benzinga.com/node/5148028,
5145583,LULU,"UPDATE: Nomura Reiterates Buy Rating, Raises PT on Lululemon Athletica on Preliminary 4Q14 Comp Results",,Benzinga,2015-01-14T12:11:56Z,2015-01-14T12:11:56Z,,https://www.benzinga.com/node/5145583,
5148362,LPSN,"8-K: LivePerson Reaffirms Q4, FY2014 Revenue Will Be at High End Of Previously Mentioned Range",,Benzinga,2015-01-14T22:22:16Z,2015-01-14T22:22:16Z,,https://www.benzinga.com/node/5148362,
5148365,LPSN,"LivePerson Promotes Dustin Dean to EVP, Global Sales Customer Sucess",,Benzinga,2015-01-14T22:24:11Z,2015-01-14T22:24:11Z,,https://www.benzinga.com/node/5148365,
5145498,MDLZ,"UPDATE: Nomura Reiterates Reduce Rating, Lowers PT on Mondelez International on 2015 Outlook",,Benzinga,2015-01-14T12:09:47Z,2015-01-14T12:09:47Z,,https://www.benzinga.com/node/5145498,
5145990,MARA,"Marathon Patent Group Subsidiary TLI Communications LLC Enters Into Settlement, License Agreement With Photobucket.com",,Benzinga,2015-01-14T13:31:12Z,2015-01-14T13:31:12Z,,https://www.benzinga.com/node/5145990,
5146332,MBLY,5 Technology Stocks With The Highest EPS Growth Forecast For Next 5 Years,,Benzinga,2015-01-14T14:26:28Z,2015-01-14T14:26:28Z,,https://www.benzinga.com/node/5146332,
5147838,MCHP,"Option Alert: Microchip Technology Feb $47 Call; 1,000 Contract Trade at Ask @$0.80; Currently $44.81",,Benzinga,2015-01-14T20:05:24Z,2015-01-14T20:05:45Z,,https://www.benzinga.com/node/5147838,
5144732,MSFT,PC Market Trackers See Improving Trend: Is It Sustainable?,,Benzinga,2015-01-14T17:25:51Z,2015-01-14T17:25:51Z,,https://www.benzinga.com/node/5144732,
5147792,MRVL,"Option Alert: Marvell Technology Jan $16 Call; 2,213 Contract Trade at Ask @$0.14; Currently $15.60",,Benzinga,2015-01-14T19:56:44Z,2015-01-14T19:57:27Z,,https://www.benzinga.com/node/5147792,
5147048,MRVL,Brean Capital's Top Semiconductor and Tech Hardware Stocks,,Benzinga,2015-01-14T20:24:54Z,2015-01-14T20:24:54Z,,https://www.benzinga.com/node/5147048,
5145728,NFLX,"Stifel Nicolaus Upgrades Netflix to Buy, Announces $380.00 PT",,Benzinga,2015-01-14T12:58:55Z,2015-01-14T12:58:55Z,,https://www.benzinga.com/node/5145728,
5145834,NFLX,"UPDATE: Stifel Upgrades Netflix to Buy, Names $380 PT as 2015 Outlook is Bright",,Benzinga,2015-01-14T13:12:40Z,2015-01-14T13:12:40Z,,https://www.benzinga.com/node/5145834,
5146084,NFLX,Wednesday Morning Movers,,Benzinga,2015-01-14T13:58:00Z,2015-01-14T13:58:00Z,,https://www.benzinga.com/node/5146084,
5147654,NBN,Northeast Bancorp Names Brian Shaughnessy as COO,,Benzinga,2015-01-14T19:17:45Z,2015-01-14T19:17:45Z,,https://www.benzinga.com/node/5147654,
5147048,NTAP,Brean Capital's Top Semiconductor and Tech Hardware Stocks,,Benzinga,2015-01-14T20:24:54Z,2015-01-14T20:24:54Z,,https://www.benzinga.com/node/5147048,
5144582,ORLY,Fast Money Halftime Report Final Trade From January 13,,Benzinga,2015-01-14T00:44:28Z,2015-01-14T00:44:28Z,,https://www.benzinga.com/node/5144582,
5146057,OPK,"Opko Health Chairman Frost Buys 25,000 Shares @$10.15/Share -Form 4",,Benzinga,2015-01-14T13:45:45Z,2015-01-14T13:45:45Z,,https://www.benzinga.com/node/5146057,
5147300,ORLY,3 Auto Parts Stocks Set to Gain in 2015,,Benzinga,2015-01-14T17:26:04Z,2015-01-14T17:26:04Z,,https://www.benzinga.com/node/5147300,
5145349,PFG,"Raymond James Upgrades Principal Financial to Outperform, Announces $60.00 PT",,Benzinga,2015-01-14T11:10:02Z,2015-01-14T11:10:02Z,,https://www.benzinga.com/node/5145349,
5145253,QCOM,Qualcomm Reportedly Halts Trial Production of Next-gen Chips Built Using 16nm FinFET Process at Taiwan Semiconductor -DigiTimes,,Benzinga,2015-01-14T10:19:12Z,2015-01-14T10:19:12Z,,https://www.benzinga.com/node/5145253,
5146527,PRGS,Morning Market Losers,,Benzinga,2015-01-14T14:55:39Z,2015-01-14T14:55:39Z,,https://www.benzinga.com/node/5146527,
5146825,PRGS,Mid-Morning Market Update: Markets Drop; JPMorgan Posts Lower Earnings,,Benzinga,2015-01-14T15:53:01Z,2015-01-14T15:53:01Z,,https://www.benzinga.com/node/5146825,
5147048,QCOM,Brean Capital's Top Semiconductor and Tech Hardware Stocks,,Benzinga,2015-01-14T20:24:54Z,2015-01-14T20:24:54Z,,https://www.benzinga.com/node/5147048,
5146026,QURE,"Treeway Announces License, Collaboration Agreement With uniQure",,Benzinga,2015-01-14T13:36:51Z,2015-01-14T13:36:51Z,,https://www.benzinga.com/node/5146026,
5146214,RICK,RCI Hospitality Holdings Acquires Down in Texas Saloon For $6.8M,,Benzinga,2015-01-14T14:05:40Z,2015-01-14T14:05:40Z,,https://www.benzinga.com/node/5146214,
5148082,REG,Regency Centers Prelim. Q4 FFO $0.70-0.72 vs $0.71 Est,,Benzinga,2015-01-14T21:06:56Z,2015-01-14T21:06:57Z,,https://www.benzinga.com/node/5148082,
5148092,REG,Regency Centers Raises Qtr. Dividend from $0.47 to $0.485/Share,,Benzinga,2015-01-14T21:07:51Z,2015-01-14T21:07:51Z,,https://www.benzinga.com/node/5148092,
5148168,REG,Regency Centers Announces 2.5M Share Common Stock Offering,,Benzinga,2015-01-14T21:23:46Z,2015-01-14T21:23:46Z,,https://www.benzinga.com/node/5148168,
5141592,RYAAY,"Elon Musk To Shock At Auto Show, Much Like His Successful Peers",,Benzinga,2015-01-14T01:36:54Z,2015-01-14T01:36:54Z,,https://www.benzinga.com/node/5141592,
5145298,RMBS,"JP Morgan Downgrades Rambus to Neutral, Lowers PT to $13.00",,Benzinga,2015-01-14T10:57:13Z,2015-01-14T10:57:14Z,,https://www.benzinga.com/node/5145298,
5145462,SCOR,Cadian Capital Management Reduces Passive Stake In Comscore from 10% to 4.1%,,Benzinga,2015-01-14T11:39:12Z,2015-01-14T11:39:12Z,,https://www.benzinga.com/node/5145462,
5148056,SBLK,"Star Bulk Carriers Closes Primary Offering of 49M Shares, Reports Proceeds to Co. Net Commissions $242M",,Benzinga,2015-01-14T21:04:41Z,2015-01-14T21:04:41Z,,https://www.benzinga.com/node/5148056,
5146020,SMSI,Smith Micro Software Reports Prelim. Q4 Sales $10.40M-10.60M vs $10.21M Est,,Benzinga,2015-01-14T13:35:20Z,2015-01-14T13:35:20Z,,https://www.benzinga.com/node/5146020,
5146022,SMSI,Smith Micro Software Sees FY2015 Sales $45.0M-49.0M vs $43.0M Est,,Benzinga,2015-01-14T13:35:37Z,2015-01-14T13:35:38Z,,https://www.benzinga.com/node/5146022,
5146024,SMSI,UPDATE: Smith Micro Reports Prelim. Q4 Adj. Operating Profit $600-$700K,,Benzinga,2015-01-14T13:36:12Z,2015-01-14T13:36:12Z,,https://www.benzinga.com/node/5146024,
5146436,SMSI,Morning Market Movers,,Benzinga,2015-01-14T14:41:08Z,2015-01-14T14:42:22Z,,https://www.benzinga.com/node/5146436,
5146448,SMSI,"Smith Micro Software Soars 20% Following Strong Q4 Results, 2015 Outlook",,Benzinga,2015-01-14T14:44:54Z,2015-01-14T14:44:54Z,,https://www.benzinga.com/node/5146448,
5148203,SMTC,"Semtech Announces Acquisition of EnVerv Assets, Terms Not Disclosed",,Benzinga,2015-01-14T21:31:00Z,2015-01-14T21:31:00Z,,https://www.benzinga.com/node/5148203,
5146008,SRPT,Sarepta Therapeutics Announces First Patient Dosed in European Phase I/II Study of SRP-4053,,Benzinga,2015-01-14T13:33:01Z,2015-01-14T13:33:01Z,,https://www.benzinga.com/node/5146008,
5145177,STLD,Top 4 NASDAQ Stocks In The Steel & Iron Industry With The Highest Dividend Yield,,Benzinga,2015-01-14T09:35:51Z,2015-01-14T09:35:52Z,,https://www.benzinga.com/node/5145177,
5146768,SSYS,Stocks Hitting 52-Week Lows,,Benzinga,2015-01-14T15:25:22Z,2015-01-14T15:25:22Z,,https://www.benzinga.com/node/5146768,
5147048,STX,Brean Capital's Top Semiconductor and Tech Hardware Stocks,,Benzinga,2015-01-14T20:24:54Z,2015-01-14T20:24:54Z,,https://www.benzinga.com/node/5147048,
5146436,TAYD,Morning Market Movers,,Benzinga,2015-01-14T14:41:08Z,2015-01-14T14:42:22Z,,https://www.benzinga.com/node/5146436,
5141592,TMUS,"Elon Musk To Shock At Auto Show, Much Like His Successful Peers",,Benzinga,2015-01-14T01:36:54Z,2015-01-14T01:36:54Z,,https://www.benzinga.com/node/5141592,
5145174,TILE,Top 4 Stocks In The Textile Industrial Industry With The Highest Profit Margin,,Benzinga,2015-01-14T09:30:12Z,2015-01-14T09:30:12Z,,https://www.benzinga.com/node/5145174,
5143832,TMUS,JP Morgan: Here Comes T-Mobile,,Benzinga,2015-01-14T16:19:27Z,2015-01-14T16:19:27Z,,https://www.benzinga.com/node/5143832,
5141592,TSLA,"Elon Musk To Shock At Auto Show, Much Like His Successful Peers",,Benzinga,2015-01-14T01:36:54Z,2015-01-14T01:36:54Z,,https://www.benzinga.com/node/5141592,
5144403,TSLA,Tesla CEO Elon Musk Speaks At The Automotive News World Congress,,Benzinga,2015-01-13T23:07:17Z,2015-01-14T02:18:36Z,,https://www.benzinga.com/node/5144403,
5144887,TSLA,Elon Musk Founded Tesla Knowing Auto Startups Are 'At The Bottom Of The List',,Benzinga,2015-01-14T12:01:16Z,2015-01-14T12:01:43Z,,https://www.benzinga.com/node/5144887,
5145851,TSLA,Benzinga's Top #PreMarket Losers,,Benzinga,2015-01-14T13:13:53Z,2015-01-14T13:13:53Z,,https://www.benzinga.com/node/5145851,
5146084,TSLA,Wednesday Morning Movers,,Benzinga,2015-01-14T13:58:00Z,2015-01-14T13:58:00Z,,https://www.benzinga.com/node/5146084,
5146311,TSLA,"Tesla Down on China, Profitability Concerns; Baird Reiterates Outperform and $275 Price Target",,Benzinga,2015-01-14T14:30:30Z,2015-01-14T14:30:30Z,,https://www.benzinga.com/node/5146311,
5146384,TSLA,"IBM's Karen Newman Recently Speaking at Automotive News World Congress: 'Forces shapping the auto industry: technology, consumer expectations, gov't regulations, personal mobility'",,Benzinga,2015-01-14T14:36:18Z,2015-01-14T14:36:18Z,,https://www.benzinga.com/node/5146384,
5146386,TSLA,Newman at Auto News World Congress: 'Recent study showed self-enabling vehicles will provide greater personalized experience',,Benzinga,2015-01-14T14:37:34Z,2015-01-14T14:37:34Z,,https://www.benzinga.com/node/5146386,
5146527,TSLA,Morning Market Losers,,Benzinga,2015-01-14T14:55:39Z,2015-01-14T14:55:39Z,,https://www.benzinga.com/node/5146527,
5144903,TSLA,How Daimler Saved Tesla And Paved The Way For An Electric Car Revolution,,Benzinga,2015-01-14T17:43:43Z,2015-01-14T17:45:02Z,,https://www.benzinga.com/node/5144903,
5145261,TSLA,What The Market's Reading: January 14,,Benzinga,2015-01-14T18:02:13Z,2015-01-14T18:04:40Z,,https://www.benzinga.com/node/5145261,
5147716,TSLA,BofA Merrill Lynch Lead Auto Analyst Murphy: 'We're very bullish on demand in 2015.',,Benzinga,2015-01-14T19:30:32Z,2015-01-14T19:30:32Z,,https://www.benzinga.com/node/5147716,
5147717,TSLA,"Murphy: 'From a structural supply standpoint, the auto industry is in very good shape for at least a few years.'",,Benzinga,2015-01-14T19:30:49Z,2015-01-14T19:30:49Z,,https://www.benzinga.com/node/5147717,
5147725,TSLA,Murphy: 'What we can see in the U.S. market right now is that pricing is at all-time highs.',,Benzinga,2015-01-14T19:33:36Z,2015-01-14T19:33:36Z,,https://www.benzinga.com/node/5147725,
5147726,TSLA,Murphy: 'We expect the auto industry to reach a peak at 2018 with 20 million units.',,Benzinga,2015-01-14T19:33:57Z,2015-01-14T19:33:57Z,,https://www.benzinga.com/node/5147726,
5147731,TSLA,Murphy: 'International auto markets remain volatile.',,Benzinga,2015-01-14T19:37:46Z,2015-01-14T19:37:46Z,,https://www.benzinga.com/node/5147731,
5147733,TSLA,Murphy: 'Auto industry growth is slowing in China.',,Benzinga,2015-01-14T19:38:16Z,2015-01-14T19:38:16Z,,https://www.benzinga.com/node/5147733,
5147738,TSLA,"Murphy: 'M&A, buybacks and dividends are on the rise for the auto industry.'",,Benzinga,2015-01-14T19:39:44Z,2015-01-14T19:39:44Z,,https://www.benzinga.com/node/5147738,
5147759,TSLA,BofA Merrill Analyst Murphy Currently Speaking at Automotive News World Congress: 'I think the auto industry is going to get larger with fewer players.',,Benzinga,2015-01-14T19:47:36Z,2015-01-14T19:47:36Z,,https://www.benzinga.com/node/5147759,
5147763,TSLA,Murphy: 'I think plug-in hybrids are the ultimate solution.',,Benzinga,2015-01-14T19:49:20Z,2015-01-14T19:49:20Z,,https://www.benzinga.com/node/5147763,
5147788,TSLA,Murphy: 'Our expectation for electric vehicles is fairly low.',,Benzinga,2015-01-14T19:53:54Z,2015-01-14T19:53:54Z,,https://www.benzinga.com/node/5147788,
5147789,TSLA,Murphy: 'I think what Elon Musk has been able to achieve in short order is pretty miraculous in terms of the car and its ability to drive.',,Benzinga,2015-01-14T19:54:20Z,2015-01-14T19:54:20Z,,https://www.benzinga.com/node/5147789,
5147790,TSLA,Murphy Says He '...would bet against Tesla selling millions of cars by 2025.',,Benzinga,2015-01-14T19:54:43Z,2015-01-14T19:54:43Z,,https://www.benzinga.com/node/5147790,
5147791,TSLA,Murphy Concludes: 'We're very bullish on the auto sector right now.',,Benzinga,2015-01-14T19:55:49Z,2015-01-14T19:55:49Z,,https://www.benzinga.com/node/5147791,
5136748,UTHR,What Investors Are Looking At In The Stem Cell Sector,,Benzinga,2015-01-13T16:48:11Z,2015-01-14T01:11:55Z,,https://www.benzinga.com/node/5136748,
5136748,VSTM,What Investors Are Looking At In The Stem Cell Sector,,Benzinga,2015-01-13T16:48:11Z,2015-01-14T01:11:55Z,,https://www.benzinga.com/node/5136748,
5146204,VRTX,Vertex CEO On Company's New Cystic Fibrosis Drug And Pricing Strategy,,Benzinga,2015-01-14T15:40:19Z,2015-01-14T15:40:19Z,,https://www.benzinga.com/node/5146204,
5146828,VNDA,"Option Alert: Vanda Mar $13 Call; 5,008 Contracts Trade vs 4786 OI; Currently $12.08",,Benzinga,2015-01-14T15:43:48Z,2015-01-14T15:43:48Z,,https://www.benzinga.com/node/5146828,
5145817,WAFD,"Washington Federal Reports Q1 EPS of $0.39, Inline",,Benzinga,2015-01-14T13:05:49Z,2015-01-14T13:05:50Z,,https://www.benzinga.com/node/5145817,
5147048,WDC,Brean Capital's Top Semiconductor and Tech Hardware Stocks,,Benzinga,2015-01-14T20:24:54Z,2015-01-14T20:24:54Z,,https://www.benzinga.com/node/5147048,
5149175,AAPL,Mizuho Securities Downgrades Apple to Neutral,,Benzinga,2015-01-15T09:41:58Z,2015-01-15T09:41:59Z,,https://www.benzinga.com/node/5149175,
5149199,AAPL,"Xiaomi Announces 'Note'; Thinner, Lighter Than iPhone 6 Plus, Has Larger Screen",,Benzinga,2015-01-15T10:00:28Z,2015-01-15T10:00:28Z,,https://www.benzinga.com/node/5149199,
5149205,ADBE,"Must Watch Stocks for January 15, 2015",,Benzinga,2015-01-15T10:01:53Z,2015-01-15T10:01:53Z,,https://www.benzinga.com/node/5149205,
5149207,AAPL,Taiwan Semiconductor Reports Better than Expected Q4 Results Due to Apple iPhone 6 Contract,,Benzinga,2015-01-15T10:03:14Z,2015-01-15T10:03:14Z,,https://www.benzinga.com/node/5149207,
5149271,AAPL,"Mizuho Securities Downgrades Apple to Neutral, Maintains $115.00 PT",,Benzinga,2015-01-15T10:33:59Z,2015-01-15T10:34:00Z,,https://www.benzinga.com/node/5149271,
5149302,AAPL,Digitimes Says Global Tablet Shipments to Fall 11.8% in 2015,,Benzinga,2015-01-15T10:57:43Z,2015-01-15T10:57:43Z,,https://www.benzinga.com/node/5149302,
5149591,ADBE,US Stock Futures Tumble; Citigroup Earnings In Focus,,Benzinga,2015-01-15T12:24:28Z,2015-01-15T12:24:28Z,,https://www.benzinga.com/node/5149591,
5149592,AAPL,"UPDATE: Mizuho Securities Downgrades Apple to Neutral, Reiterates $115 PT on Well-Balanced Risk-Reward",,Benzinga,2015-01-15T12:33:48Z,2015-01-15T12:33:48Z,,https://www.benzinga.com/node/5149592,
5147694,AAPL,Re/Code Executive Editor Explains Why It's Going To 'Take A While' For Apple Watch To Be A Success,,Benzinga,2015-01-15T13:06:00Z,2015-01-15T13:06:00Z,,https://www.benzinga.com/node/5147694,
5150050,AAPL,Mizuho Securities Downgrades  Apple To Neutral,,Benzinga,2015-01-15T13:53:38Z,2015-01-15T13:53:39Z,,https://www.benzinga.com/node/5150050,
5150241,AAPL,Benzinga's Top Downgrades,,Benzinga,2015-01-15T14:11:35Z,2015-01-15T14:11:35Z,,https://www.benzinga.com/node/5150241,
5150200,AAPL,Thursday Morning Movers,,Benzinga,2015-01-15T14:37:54Z,2015-01-15T14:37:54Z,,https://www.benzinga.com/node/5150200,
5151053,AAPL,JPMorgan's Top Telecom & Networking Equipment Stock Picks For 2015,,Benzinga,2015-01-15T19:51:05Z,2015-01-15T19:51:05Z,,https://www.benzinga.com/node/5151053,
5151976,ACT,"Actavis Seeks Allergan CEO Pyott as Board Member Once Allergan Takeover Deal Closes, According to Sources -Reuters",,Benzinga,2015-01-15T20:45:44Z,2015-01-15T20:45:44Z,,https://www.benzinga.com/node/5151976,
5152342,AAPL,"Hearing Apple, Google Have Agreed to $415M in Antitrust Hiring Deal",,Benzinga,2015-01-15T22:30:48Z,2015-01-15T22:30:48Z,,https://www.benzinga.com/node/5152342,
5151849,AAPL,Mizuho Analyst Explains The Reasons For Downgrading Apple,,Benzinga,2015-01-15T22:48:31Z,2015-01-15T22:48:31Z,,https://www.benzinga.com/node/5151849,
5149174,ALCO,Top 4 NASDAQ Stocks In The Farm Products Industry With The Highest EPS,,Benzinga,2015-01-15T09:41:06Z,2015-01-15T09:41:06Z,,https://www.benzinga.com/node/5149174,
5151323,AGEN,J.P. Morgan Healthcare Conference: A Recap of News From The Week You Might Have Missed,,Benzinga,2015-01-15T18:18:03Z,2015-01-15T18:25:45Z,,https://www.benzinga.com/node/5151323,
5149174,ANDE,Top 4 NASDAQ Stocks In The Farm Products Industry With The Highest EPS,,Benzinga,2015-01-15T09:41:06Z,2015-01-15T09:41:06Z,,https://www.benzinga.com/node/5149174,
5150067,ALGT,Bank of America Upgrades Allegiant Travel to Buy,,Benzinga,2015-01-15T13:59:09Z,2015-01-15T13:59:10Z,,https://www.benzinga.com/node/5150067,
5150597,ALGT,"United Continental, Virgin America, Allegiant Travel Higher Following Bank of America Upgrades",,Benzinga,2015-01-15T15:14:09Z,2015-01-15T15:14:09Z,,https://www.benzinga.com/node/5150597,
5150760,ANGI,Stocks Hitting 52-Week Lows,,Benzinga,2015-01-15T15:32:45Z,2015-01-15T15:32:45Z,,https://www.benzinga.com/node/5150760,
5150722,AMZN,Barry Diller: Amazon Doesn't Care About How Many Viewers They Get,,Benzinga,2015-01-15T15:43:24Z,2015-01-15T15:51:12Z,,https://www.benzinga.com/node/5150722,
5150871,AMAT,Option Alert: Applied Material Jan $23 Call; 7676 Contract Trade at Ask @$0.31; Currently $23.48,,Benzinga,2015-01-15T16:02:27Z,2015-01-15T16:03:15Z,,https://www.benzinga.com/node/5150871,
5151988,AMGN,Amgen Presents New Data Supporting First-Line Use Of Vectibix,,Benzinga,2015-01-15T21:02:44Z,2015-01-15T21:02:44Z,,https://www.benzinga.com/node/5151988,
5152000,AMKR,Amkor Technology Announces $155M Settlement with Tessera,,Benzinga,2015-01-15T21:06:57Z,2015-01-15T21:06:57Z,,https://www.benzinga.com/node/5152000,
5149583,AMZN,RadioShack Faces Bankruptcy,,Benzinga,2015-01-15T21:11:43Z,2015-01-15T21:11:43Z,,https://www.benzinga.com/node/5149583,
5149192,ASML,Taiwan Semiconductor Sells 5% Stake in ASML -DJ,,Benzinga,2015-01-15T09:55:20Z,2015-01-15T09:55:20Z,,https://www.benzinga.com/node/5149192,
5151216,API,Advanced Photonix Awarded $1.4M Contract,,Benzinga,2015-01-15T16:47:59Z,2015-01-15T16:47:59Z,,https://www.benzinga.com/node/5151216,
5148405,AVGO,Oppenheimer Sees Upside Surprise This Earnings Season,,Benzinga,2015-01-15T15:04:40Z,2015-01-15T15:06:11Z,,https://www.benzinga.com/node/5148405,
5151021,ATOS,Atossa Genetics Shares Spike Higher; May be Attributed to Seeking Alpha Post,,Benzinga,2015-01-15T16:14:48Z,2015-01-15T16:14:48Z,,https://www.benzinga.com/node/5151021,
5147870,BIDU,Brean Capital's 12 Chinese E-Commerce Stock Picks,,Benzinga,2015-01-15T12:18:12Z,2015-01-15T12:18:12Z,,https://www.benzinga.com/node/5147870,
5149756,BMRN,BioMarin Reports Closing of Tender Offer for Prosensa's Shares,,Benzinga,2015-01-15T13:01:34Z,2015-01-15T13:01:34Z,,https://www.benzinga.com/node/5149756,
5151996,BJRI,BJ's Restaurants Reports Prelim. Q4 Sales $213.90M vs $214.23M Est,,Benzinga,2015-01-15T21:05:05Z,2015-01-15T21:05:05Z,,https://www.benzinga.com/node/5151996,
5151997,BJRI,UPDATE: BJ's Restaurants Reports Prelim. Q4 Comps Growth ~1.2%,,Benzinga,2015-01-15T21:05:39Z,2015-01-15T21:05:39Z,,https://www.benzinga.com/node/5151997,
5152053,BJRI,After Hours Movers,,Benzinga,2015-01-15T22:32:14Z,2015-01-15T22:32:14Z,,https://www.benzinga.com/node/5152053,
5149344,CBSH,Commerce Bancshares Delays Q$ Earnings Reports Citing Need To Complete Audit On Allowance For Loan Losses,,Benzinga,2015-01-15T11:06:26Z,2015-01-15T11:06:26Z,,https://www.benzinga.com/node/5149344,
5151993,CASY,"8-K from Caseys Shows Dec. Same-Store Sales for Grocery, Other Segment Up 8.5%, Prepared Food, Fountain Up 16.2%",,Benzinga,2015-01-15T21:03:39Z,2015-01-15T21:03:39Z,,https://www.benzinga.com/node/5151993,
5148715,CME,"Benzinga's M&A Chatter for Wednesday January 14, 2015",,Benzinga,2015-01-15T00:56:41Z,2015-01-15T00:57:30Z,,https://www.benzinga.com/node/5148715,
5149757,COCO,Corinthian Colleges Shares Will Be Transferred to NASDAQ Capital Market as of Jan. 15th,,Benzinga,2015-01-15T13:02:05Z,2015-01-15T13:02:05Z,,https://www.benzinga.com/node/5149757,
5150732,CME,Mid-Morning Market Update: Markets Slip; Bank of America Q4 Profit Drops,,Benzinga,2015-01-15T15:47:34Z,2015-01-15T15:47:34Z,,https://www.benzinga.com/node/5150732,
5150058,CME,"UPDATE: CME Group, GFI Group Report Revised Offer for GFI at $5.50/GFI Group Share",,Benzinga,2015-01-15T13:56:42Z,2015-01-15T19:42:33Z,,https://www.benzinga.com/node/5150058,
5151964,CME,Mid-Afternoon Market Update: Crude Oil Tumbles Over 3%; Best Buy Shares Decline,,Benzinga,2015-01-15T20:32:26Z,2015-01-15T20:32:27Z,,https://www.benzinga.com/node/5151964,
5150731,CRMD,CorMedix Shares Halted News Pending,,Benzinga,2015-01-15T15:28:44Z,2015-01-15T15:28:44Z,,https://www.benzinga.com/node/5150731,
5150768,CRMD,CorMedix Inc. Receives Fast Track Designation for Neutrolin,,Benzinga,2015-01-15T15:35:11Z,2015-01-15T15:35:11Z,,https://www.benzinga.com/node/5150768,
5150786,CRMD,UPDATE: CorMedix Shares Resume Now Up ~15%,,Benzinga,2015-01-15T15:43:46Z,2015-01-15T15:43:46Z,,https://www.benzinga.com/node/5150786,
5149169,CZR,Caesars Entertainment Operating Co. Files for Voluntary Chapter 11 Reorganization,,Benzinga,2015-01-15T09:38:03Z,2015-01-15T09:38:03Z,,https://www.benzinga.com/node/5149169,
5149174,CVGW,Top 4 NASDAQ Stocks In The Farm Products Industry With The Highest EPS,,Benzinga,2015-01-15T09:41:06Z,2015-01-15T09:41:06Z,,https://www.benzinga.com/node/5149174,
5149992,CZR,Delaware Bankruptcy Court Hearing Set for 10:30 AM ET On Request to Stay Bankruptcy of Caesars Entertainment Corp Unit -Reuters,,Benzinga,2015-01-15T13:34:20Z,2015-01-15T13:34:20Z,,https://www.benzinga.com/node/5149992,
5150172,CVGW,Calavo Growers Reports Q4 EPS of $0.38 vs $0.45 Est; Revenue of $200.70M vs $198.44M Est,,Benzinga,2015-01-15T14:02:12Z,2015-01-15T14:02:13Z,,https://www.benzinga.com/node/5150172,
5149570,CZR,What The Market's Reading: January 15,,Benzinga,2015-01-15T16:14:17Z,2015-01-15T16:14:18Z,,https://www.benzinga.com/node/5149570,
5151325,CZR,Delaware Bankruptcy Judge Says Will Enter Stay Against Caesars Entertainment's Operating Unit Bankruptcy Filing -Reuters,,Benzinga,2015-01-15T17:12:38Z,2015-01-15T17:12:38Z,,https://www.benzinga.com/node/5151325,
5151051,CSX,Morgan Stanley On CSX Corporation: 'Do They Know Something We Don't?',,Benzinga,2015-01-15T16:38:17Z,2015-01-15T18:05:36Z,,https://www.benzinga.com/node/5151051,
5148705,DLTR,Glass Lewis Recommends Family Dollar Stockholders Vote for Merger with Dollar Tree,,Benzinga,2015-01-15T00:45:37Z,2015-01-15T00:46:02Z,,https://www.benzinga.com/node/5148705,
5149746,DLTR,Dollar General Offers Update on FTC Review: Says Commission Has Not Yet Reached a Final Conclusion,,Benzinga,2015-01-15T13:00:56Z,2015-01-15T13:00:56Z,,https://www.benzinga.com/node/5149746,
5150197,DPZ,Credit Suisse Downgrades Domino's Pizza Group to Neutral,,Benzinga,2015-01-15T14:05:30Z,2015-01-15T14:05:30Z,,https://www.benzinga.com/node/5150197,
5150271,DPZ,"UPDATE: Stifel Reiterates Buy Rating, Raises PT on Domino's Pizza as Global Growth Appears Strong",,Benzinga,2015-01-15T14:28:16Z,2015-01-15T14:28:16Z,,https://www.benzinga.com/node/5150271,
5150530,DPZ,"UPDATE: Morgan Stanley Reiterates Equal-Weight Rating, Removes PT on Domino's Pizza Following Investor Day",,Benzinga,2015-01-15T14:58:35Z,2015-01-15T14:58:35Z,,https://www.benzinga.com/node/5150530,
5151713,DLTR,Deutsche Bank Comments On Dollar Tree Ahead Of Shareholder Vote,,Benzinga,2015-01-15T19:11:58Z,2015-01-15T19:11:58Z,,https://www.benzinga.com/node/5151713,
5149864,EGHT,8x8 Achieves 99 & 100th U.S. Patent,,Benzinga,2015-01-15T13:16:32Z,2015-01-15T13:16:32Z,,https://www.benzinga.com/node/5149864,
5150535,EDUC,Morning Market Losers,,Benzinga,2015-01-15T15:00:16Z,2015-01-15T15:00:16Z,,https://www.benzinga.com/node/5150535,
5149583,EBAY,RadioShack Faces Bankruptcy,,Benzinga,2015-01-15T21:11:43Z,2015-01-15T21:11:43Z,,https://www.benzinga.com/node/5149583,
5149168,ERIC,"Ericsson Announces Johan Wibergh, Executive VP, Head of Segment Networks to Leave",,Benzinga,2015-01-15T09:36:32Z,2015-01-15T09:36:32Z,,https://www.benzinga.com/node/5149168,
5148219,EML,The Eastern Co. Rejects $19.23/Share Bid From Synalloy Corp,,Benzinga,2015-01-15T11:46:24Z,2015-01-15T11:46:24Z,,https://www.benzinga.com/node/5148219,
5149591,EML,US Stock Futures Tumble; Citigroup Earnings In Focus,,Benzinga,2015-01-15T12:24:28Z,2015-01-15T12:24:28Z,,https://www.benzinga.com/node/5149591,
5149902,EHTH,Benzinga's Top #PreMarket Losers,,Benzinga,2015-01-15T13:23:32Z,2015-01-15T14:23:02Z,,https://www.benzinga.com/node/5149902,
5150200,EHTH,Thursday Morning Movers,,Benzinga,2015-01-15T14:37:54Z,2015-01-15T14:37:54Z,,https://www.benzinga.com/node/5150200,
5150535,EHTH,Morning Market Losers,,Benzinga,2015-01-15T15:00:16Z,2015-01-15T15:00:16Z,,https://www.benzinga.com/node/5150535,
5150760,EHTH,Stocks Hitting 52-Week Lows,,Benzinga,2015-01-15T15:32:45Z,2015-01-15T15:32:45Z,,https://www.benzinga.com/node/5150760,
5151271,EHTH,William Blair Downgrades eHealth to Market Perform,,Benzinga,2015-01-15T17:01:07Z,2015-01-15T17:01:08Z,,https://www.benzinga.com/node/5151271,
5151964,EHTH,Mid-Afternoon Market Update: Crude Oil Tumbles Over 3%; Best Buy Shares Decline,,Benzinga,2015-01-15T20:32:26Z,2015-01-15T20:32:27Z,,https://www.benzinga.com/node/5151964,
5149150,FAST,"Earnings Scheduled For January 15, 2015",,Benzinga,2015-01-15T09:25:53Z,2015-01-15T09:25:53Z,,https://www.benzinga.com/node/5149150,
5149205,FAST,"Must Watch Stocks for January 15, 2015",,Benzinga,2015-01-15T10:01:53Z,2015-01-15T10:01:53Z,,https://www.benzinga.com/node/5149205,
5149295,EXLS,"JP Morgan Upgrades ExlService Holdings to Neutral, Raises PT to $33.00",,Benzinga,2015-01-15T10:45:56Z,2015-01-15T10:45:57Z,,https://www.benzinga.com/node/5149295,
5149447,FAST,Fastenal Reports Q4 EPS of $0.40 vs $0.39 Est,,Benzinga,2015-01-15T11:50:44Z,2015-01-15T11:50:45Z,,https://www.benzinga.com/node/5149447,
5149457,FAST,Fastenal Approves 2M Share Buyback,,Benzinga,2015-01-15T11:56:22Z,2015-01-15T11:56:22Z,,https://www.benzinga.com/node/5149457,
5149696,FAST,UPDATE: Fastenal Posts Higher Q4 Earnings,,Benzinga,2015-01-15T12:59:28Z,2015-01-15T12:59:28Z,,https://www.benzinga.com/node/5149696,
5150279,FCEL,5 Utilities Stocks With The Highest EPS Growth Forecast For Next 5 Years,,Benzinga,2015-01-15T14:23:11Z,2015-01-15T14:23:11Z,,https://www.benzinga.com/node/5150279,
5151625,FIVE,"Deutsche Bank Reduces Estimates On Five Below, Still Sees Growth Ahead",,Benzinga,2015-01-15T18:48:40Z,2015-01-15T18:48:40Z,,https://www.benzinga.com/node/5151625,
5147003,FIBK,A Few Stocks Looking Better Than JP Morgan After The Post-Earnings Downgrade,,Benzinga,2015-01-15T20:52:37Z,2015-01-15T20:53:19Z,,https://www.benzinga.com/node/5147003,
5151661,GIII,Wunderlich Bullish on G-III Apparel,,Benzinga,2015-01-15T21:15:01Z,2015-01-15T21:15:01Z,,https://www.benzinga.com/node/5151661,
5149277,GRPN,"Evercore ISI Upgrades Groupon to Hold, Raises PT to $8.00",,Benzinga,2015-01-15T10:35:45Z,2015-01-15T10:35:46Z,,https://www.benzinga.com/node/5149277,
5149302,GOOGL,Digitimes Says Global Tablet Shipments to Fall 11.8% in 2015,,Benzinga,2015-01-15T10:57:43Z,2015-01-15T10:57:43Z,,https://www.benzinga.com/node/5149302,
5149591,GRPN,US Stock Futures Tumble; Citigroup Earnings In Focus,,Benzinga,2015-01-15T12:24:28Z,2015-01-15T12:24:28Z,,https://www.benzinga.com/node/5149591,
5149662,GRPN,Evercore ISI Upgrades Groupon To Hold,,Benzinga,2015-01-15T12:47:34Z,2015-01-15T12:47:34Z,,https://www.benzinga.com/node/5149662,
5150121,GRPN,Benzinga's Top Upgrades,,Benzinga,2015-01-15T14:01:10Z,2015-01-15T14:01:47Z,,https://www.benzinga.com/node/5150121,
5150214,GOOG,"Google, Lending Club Partner to Deliver New Business Financing Program",,Benzinga,2015-01-15T14:08:06Z,2015-01-15T14:08:06Z,,https://www.benzinga.com/node/5150214,
5150842,GOOG,Bloomberg Reporting Google Loses Bid To Dismiss Mosley's U.K. Lawsuit,,Benzinga,2015-01-15T16:00:19Z,2015-01-15T16:00:19Z,,https://www.benzinga.com/node/5150842,
5150994,GOOG,Did Steven Spielberg's 'Minority Report' Predict Or Inspire Google's Self-Driving Cars?,,Benzinga,2015-01-15T16:54:14Z,2015-01-15T16:59:15Z,,https://www.benzinga.com/node/5150994,
5151291,GOGO,Gogo Receives FCC Regulatory Approval For 2Ku In-flight Connectivity Technology,,Benzinga,2015-01-15T17:06:30Z,2015-01-15T17:06:30Z,,https://www.benzinga.com/node/5151291,
5151292,GOGO,Gogo Receives FCC Regulatory Approval for its 2Ku In-flight Connectivity Technology,,Benzinga,2015-01-15T17:06:34Z,2015-01-15T17:06:34Z,,https://www.benzinga.com/node/5151292,
5147764,GOOG,Recap: Google's Director Of Self Driving Cars Speaking At Automotive News World Congress,,Benzinga,2015-01-14T20:40:46Z,2015-01-15T17:45:46Z,,https://www.benzinga.com/node/5147764,
5147764,GOOGL,Recap: Google's Director Of Self Driving Cars Speaking At Automotive News World Congress,,Benzinga,2015-01-14T20:40:46Z,2015-01-15T17:45:46Z,,https://www.benzinga.com/node/5147764,
5151443,GOOG,"Google to Stop Selling First Version ff Glass Device, Close Explorer Program on January 19 -DJ",,Benzinga,2015-01-15T17:46:51Z,2015-01-15T17:46:51Z,,https://www.benzinga.com/node/5151443,
5151445,GOOG,UPDATE: Google to Release New Glass Version Sometime In 2015,,Benzinga,2015-01-15T17:47:59Z,2015-01-15T17:47:59Z,,https://www.benzinga.com/node/5151445,
5151612,GOOG,"'Glass moves out of Google X, now headed by Nest CEO Tony Fadell'",,Benzinga,2015-01-15T18:30:46Z,2015-01-15T18:30:46Z,,https://www.benzinga.com/node/5151612,
5151617,GOOG,"Hearing Google Says Glass Will Be Its Own Entity; Says Glass Will Stay With Google, Not Nest; Glass Will Led By Ivy Ross",,Benzinga,2015-01-15T18:32:55Z,2015-01-15T18:32:55Z,,https://www.benzinga.com/node/5151617,
5151875,GILD,Kite CEO Says Learning from Gilead's Pricing Playbook for their Own Experimental Cancer Treatment -Reuters,,Benzinga,2015-01-15T19:53:16Z,2015-01-15T19:55:06Z,,https://www.benzinga.com/node/5151875,
5150658,GOOG,Google's Driverless Cars Have An Unexpected Enemy: Snow,,Benzinga,2015-01-15T21:30:48Z,2015-01-15T21:30:48Z,,https://www.benzinga.com/node/5150658,
5152342,GOOG,"Hearing Apple, Google Have Agreed to $415M in Antitrust Hiring Deal",,Benzinga,2015-01-15T22:30:48Z,2015-01-15T22:30:48Z,,https://www.benzinga.com/node/5152342,
5152342,GOOGL,"Hearing Apple, Google Have Agreed to $415M in Antitrust Hiring Deal",,Benzinga,2015-01-15T22:30:48Z,2015-01-15T22:30:48Z,,https://www.benzinga.com/node/5152342,
5149451,HST,"MLV & Co. Downgrades Host Hotels & Resorts to Hold, Maintains $26.00 PT",,Benzinga,2015-01-15T11:54:37Z,2015-01-15T11:54:37Z,,https://www.benzinga.com/node/5149451,
5149859,HST,"UPDATE: MLV & Co Downgrades Host Hotels and Resorts to Hold, Reiterates $26 PT as Focus Shifts to Stocks",,Benzinga,2015-01-15T13:30:39Z,2015-01-15T13:30:39Z,,https://www.benzinga.com/node/5149859,
5151207,HTZ,Option Alert: Hertz Jan $22 Call; 1683 Contract Trade at Ask @$0.25; Currently $21.55,,Benzinga,2015-01-15T16:43:07Z,2015-01-15T16:43:08Z,,https://www.benzinga.com/node/5151207,
5151443,HIMX,"Google to Stop Selling First Version ff Glass Device, Close Explorer Program on January 19 -DJ",,Benzinga,2015-01-15T17:46:51Z,2015-01-15T17:46:51Z,,https://www.benzinga.com/node/5151443,
5151445,HIMX,UPDATE: Google to Release New Glass Version Sometime In 2015,,Benzinga,2015-01-15T17:47:59Z,2015-01-15T17:47:59Z,,https://www.benzinga.com/node/5151445,
5152039,HRTX,"8-K from Heron Therapeutics Shows Senior VP, Chief Medical Officer Mark Gelder Has Resigned",,Benzinga,2015-01-15T21:47:05Z,2015-01-15T21:47:06Z,,https://www.benzinga.com/node/5152039,
5149383,ICON,Wunderlich Upgrades Iconix Brand Group to Buy,,Benzinga,2015-01-15T11:13:48Z,2015-01-15T11:13:48Z,,https://www.benzinga.com/node/5149383,
5149631,ICON,"UPDATE: Wunderlich Securities Upgrades Iconix Brand Group to Buy, Reiterates $42 PT as Catalysts Approach",,Benzinga,2015-01-15T12:46:47Z,2015-01-15T12:46:47Z,,https://www.benzinga.com/node/5149631,
5149150,INTC,"Earnings Scheduled For January 15, 2015",,Benzinga,2015-01-15T09:25:53Z,2015-01-15T09:25:53Z,,https://www.benzinga.com/node/5149150,
5149205,INTC,"Must Watch Stocks for January 15, 2015",,Benzinga,2015-01-15T10:01:53Z,2015-01-15T10:01:53Z,,https://www.benzinga.com/node/5149205,
5149260,INTC,"Earning & Economic Calendar for Thursday December 15, 2015",,Benzinga,2015-01-15T10:28:01Z,2015-01-15T10:31:20Z,,https://www.benzinga.com/node/5149260,
5150065,INTC,Notes From The Street: The Swiss Currency Shock That Came 'Out Of Left Field!',,Benzinga,2015-01-15T13:58:13Z,2015-01-15T14:06:44Z,,https://www.benzinga.com/node/5150065,
5150989,INTC,Intel Q4 Earnings Preview,,Benzinga,2015-01-15T16:21:44Z,2015-01-15T16:21:44Z,,https://www.benzinga.com/node/5150989,
5151323,INCY,J.P. Morgan Healthcare Conference: A Recap of News From The Week You Might Have Missed,,Benzinga,2015-01-15T18:18:03Z,2015-01-15T18:25:45Z,,https://www.benzinga.com/node/5151323,
5151845,INTC,Vuzix Reports Received $24.8M Investment from Intel,,Benzinga,2015-01-15T19:40:50Z,2015-01-15T19:40:50Z,,https://www.benzinga.com/node/5151845,
5151959,INTC,"Notable Earnings After The Close: INTC, SLB",,Benzinga,2015-01-15T20:14:38Z,2015-01-15T20:15:22Z,,https://www.benzinga.com/node/5151959,
5151987,INTC,Intel Reports Q4 EPS of $0.74 vs $0.66 Est; Revenue of $14.70B vs $14.70B Est,,Benzinga,2015-01-15T21:02:16Z,2015-01-15T21:02:16Z,,https://www.benzinga.com/node/5151987,
5151990,INTC,Intel Sees Q1 Sales $13.20B-14.20B,,Benzinga,2015-01-15T21:02:55Z,2015-01-15T21:02:56Z,,https://www.benzinga.com/node/5151990,
5152011,INTC,Intel Shares Down ~2% Following EPS,,Benzinga,2015-01-15T21:12:04Z,2015-01-15T21:12:04Z,,https://www.benzinga.com/node/5152011,
5151989,INTC,Fast Money Halftime Report Final Trade From January 15,,Benzinga,2015-01-15T21:20:32Z,2015-01-15T21:20:32Z,,https://www.benzinga.com/node/5151989,
5152040,INTC,Intel Corp. Beats Q4 Views; Sees Narrowing Gross Margin,,Benzinga,2015-01-15T22:01:02Z,2015-01-15T22:19:54Z,,https://www.benzinga.com/node/5152040,
5152053,INTC,After Hours Movers,,Benzinga,2015-01-15T22:32:14Z,2015-01-15T22:32:14Z,,https://www.benzinga.com/node/5152053,
5147870,JD,Brean Capital's 12 Chinese E-Commerce Stock Picks,,Benzinga,2015-01-15T12:18:12Z,2015-01-15T12:18:12Z,,https://www.benzinga.com/node/5147870,
5151234,JACK,Wunderlich Names Its Three Favorite Restaurants,,Benzinga,2015-01-15T17:03:30Z,2015-01-15T17:03:30Z,,https://www.benzinga.com/node/5151234,
5150238,LBTYA,"UPDATE: Morgan Stanley Resumes Coverage on Liberty Global plc with Overweight Rating, $56 PT as Shares Look Set to Outperform",,Benzinga,2015-01-15T14:13:13Z,2015-01-15T14:13:14Z,,https://www.benzinga.com/node/5150238,
5151978,LAKE,UN's Special Envoy for Ebola Says Sees Signs Ebola Outbreak Slowing Down in W. Africa -Reuters,,Benzinga,2015-01-15T20:56:20Z,2015-01-15T20:56:20Z,,https://www.benzinga.com/node/5151978,
5149862,LOGI,Benzinga's Top #PreMarket Gainers,,Benzinga,2015-01-15T13:16:21Z,2015-01-15T13:16:21Z,,https://www.benzinga.com/node/5149862,
5149994,LIVE,LiveDeal Subsidiary ModernEveryday Experiences 40% Growth In Holiday Season Sales,,Benzinga,2015-01-15T13:35:13Z,2015-01-15T13:35:13Z,,https://www.benzinga.com/node/5149994,
5150524,LOGI,Morning Market Gainers,,Benzinga,2015-01-15T14:51:08Z,2015-01-15T14:52:50Z,,https://www.benzinga.com/node/5150524,
5149990,LOGI,Swiss ADRs Gain Big as Swiss National Bank Surprises with Currency Revaluation,,Benzinga,2015-01-15T15:07:16Z,2015-01-15T15:07:48Z,,https://www.benzinga.com/node/5149990,
5150732,LPSN,Mid-Morning Market Update: Markets Slip; Bank of America Q4 Profit Drops,,Benzinga,2015-01-15T15:47:34Z,2015-01-15T15:47:34Z,,https://www.benzinga.com/node/5150732,
5151665,LPSN,Mid-Day Market Update: BlackBerry Drops On Samsung Denial Of Acquisition Interest; Pilgrim's Pride Shares Surge,,Benzinga,2015-01-15T18:53:10Z,2015-01-15T18:53:10Z,,https://www.benzinga.com/node/5151665,
5151964,LPSN,Mid-Afternoon Market Update: Crude Oil Tumbles Over 3%; Best Buy Shares Decline,,Benzinga,2015-01-15T20:32:26Z,2015-01-15T20:32:27Z,,https://www.benzinga.com/node/5151964,
5152025,LULU,Bernstein Initiates Coverage on Retailers,,Benzinga,2015-01-15T21:28:04Z,2015-01-15T21:28:04Z,,https://www.benzinga.com/node/5152025,
5149987,MARA,Marathon Patent Group's TLI Communications Enters Into Settlement and License Agreement With SmugMug,,Benzinga,2015-01-15T13:32:29Z,2015-01-15T13:32:29Z,,https://www.benzinga.com/node/5149987,
5151323,MNKD,J.P. Morgan Healthcare Conference: A Recap of News From The Week You Might Have Missed,,Benzinga,2015-01-15T18:18:03Z,2015-01-15T18:25:45Z,,https://www.benzinga.com/node/5151323,
5152030,MIND,"Mitcham Industries CEO, Mitcham Jr. To Take Temporary Leave Of Absence",,Benzinga,2015-01-15T21:32:11Z,2015-01-15T21:32:11Z,,https://www.benzinga.com/node/5152030,
5150527,MSFT,Citigroup Sees Microsoft Having Monetization Issues,,Benzinga,2015-01-15T15:00:46Z,2015-01-15T15:00:46Z,,https://www.benzinga.com/node/5150527,
5147528,NFLX,"Stifel Nicolaus Analyst Explains The Reason For Upgrading Netflix, Compares It To HBO",,Benzinga,2015-01-15T13:11:34Z,2015-01-15T13:11:34Z,,https://www.benzinga.com/node/5147528,
5149870,NFLX,Topeka Capital Markets Previews Q4 Earnings for Netflix,,Benzinga,2015-01-15T13:25:32Z,2015-01-15T13:25:32Z,,https://www.benzinga.com/node/5149870,
5150726,NBIX,Stocks Hitting 52-Week Highs,,Benzinga,2015-01-15T15:25:58Z,2015-01-15T15:25:58Z,,https://www.benzinga.com/node/5150726,
5150532,NVAX,Novavax Shares Spike Higher Ahead of Mad Money Appearance Tonight,,Benzinga,2015-01-15T14:59:10Z,2015-01-15T14:59:10Z,,https://www.benzinga.com/node/5150532,
5149620,PESI,"Perma-Fix's Perma-Fix Medical Reports Enter Into Letter of Intent Related to Strategic Partnership, Investment from Digirad",,Benzinga,2015-01-15T12:31:30Z,2015-01-15T12:31:30Z,,https://www.benzinga.com/node/5149620,
5150175,PERI,"UPDATE: The Benchmark Company Reiterates Buy Rating, Lowers PT on Perion Network Ltd. on Attractive Risk/Reward Profile",,Benzinga,2015-01-15T14:07:38Z,2015-01-15T14:07:38Z,,https://www.benzinga.com/node/5150175,
5151856,PERI,"Benchmark Comments On Perion Network, Cuts Price Target",,Benzinga,2015-01-15T20:40:56Z,2015-01-15T20:40:56Z,,https://www.benzinga.com/node/5151856,
5149278,PODD,"JP Morgan Downgrades Insulet to Neutral, Lowers PT to $35.00",,Benzinga,2015-01-15T10:37:23Z,2015-01-15T10:37:23Z,,https://www.benzinga.com/node/5149278,
5149381,PPC,Pilgrims Pride Says In 8-K Entered Commitment Letter With Rabobank For Up $600M Bridge Facility,,Benzinga,2015-01-15T11:12:55Z,2015-01-15T11:12:55Z,,https://www.benzinga.com/node/5149381,
5149862,PPC,Benzinga's Top #PreMarket Gainers,,Benzinga,2015-01-15T13:16:21Z,2015-01-15T13:16:21Z,,https://www.benzinga.com/node/5149862,
5150524,PPC,Morning Market Gainers,,Benzinga,2015-01-15T14:51:08Z,2015-01-15T14:52:50Z,,https://www.benzinga.com/node/5150524,
5150732,PPC,Mid-Morning Market Update: Markets Slip; Bank of America Q4 Profit Drops,,Benzinga,2015-01-15T15:47:34Z,2015-01-15T15:47:34Z,,https://www.benzinga.com/node/5150732,
5151665,PPC,Mid-Day Market Update: BlackBerry Drops On Samsung Denial Of Acquisition Interest; Pilgrim's Pride Shares Surge,,Benzinga,2015-01-15T18:53:10Z,2015-01-15T18:53:10Z,,https://www.benzinga.com/node/5151665,
5151964,PPC,Mid-Afternoon Market Update: Crude Oil Tumbles Over 3%; Best Buy Shares Decline,,Benzinga,2015-01-15T20:32:26Z,2015-01-15T20:32:27Z,,https://www.benzinga.com/node/5151964,
5149241,QCOM,OneWeb to Launch New Satellite With Qualcomm; Virgin Group as Initial Investors; Financial Terms Not Disclosed,,Benzinga,2015-01-15T10:12:15Z,2015-01-15T10:12:15Z,,https://www.benzinga.com/node/5149241,
5144553,REG,Brixmor Property Group Secondary Offering - Already Baked Into The Cake?,,Benzinga,2015-01-15T11:42:37Z,2015-01-15T11:42:37Z,,https://www.benzinga.com/node/5144553,
5150029,REG,Regency Centers Announces 2.5M Share Offering Expected To Have $168.5M of Proceeds,,Benzinga,2015-01-15T13:47:04Z,2015-01-15T13:47:04Z,,https://www.benzinga.com/node/5150029,
5151335,RIGL,From Webcast: Rigel Sees Results From Phase 3 Trials In 1H 2016; Targets Approval For Fostamatinib End of 2017,,Benzinga,2015-01-15T17:20:16Z,2015-01-15T17:20:16Z,,https://www.benzinga.com/node/5151335,
5151390,RIGL,Rigel Sees Current Cash Sufficient To Fund Operations through Q4 2016,,Benzinga,2015-01-15T17:27:04Z,2015-01-15T17:27:04Z,,https://www.benzinga.com/node/5151390,
5148808,REG,Jefferies Outlook On Shopping Center REITs For 2015,,Benzinga,2015-01-15T18:17:42Z,2015-01-15T18:17:42Z,,https://www.benzinga.com/node/5148808,
5152027,RGC,Regal Entertainment Group Offers Update on Strategic Review Process: Determined Sale of Co. Would Not Be in the Best Interest of Shareholders,,Benzinga,2015-01-15T21:30:59Z,2015-01-15T21:30:59Z,,https://www.benzinga.com/node/5152027,
5148774,REG,"Retail REIT Regency Centers Hit New 52-Week High On Dividend Hike, 2015 Guidance",,Benzinga,2015-01-15T21:49:51Z,2015-01-15T21:52:34Z,,https://www.benzinga.com/node/5148774,
5151234,RRGB,Wunderlich Names Its Three Favorite Restaurants,,Benzinga,2015-01-15T17:03:30Z,2015-01-15T17:03:30Z,,https://www.benzinga.com/node/5151234,
5152025,ROST,Bernstein Initiates Coverage on Retailers,,Benzinga,2015-01-15T21:28:04Z,2015-01-15T21:28:04Z,,https://www.benzinga.com/node/5152025,
5151995,SHIP,Seanergy Maritime Holdings Reports Q3 EPS of $(0.08),,Benzinga,2015-01-15T21:04:45Z,2015-01-15T21:04:45Z,,https://www.benzinga.com/node/5151995,
5151323,SNY,J.P. Morgan Healthcare Conference: A Recap of News From The Week You Might Have Missed,,Benzinga,2015-01-15T18:18:03Z,2015-01-15T18:25:45Z,,https://www.benzinga.com/node/5151323,
5151323,SRPT,J.P. Morgan Healthcare Conference: A Recap of News From The Week You Might Have Missed,,Benzinga,2015-01-15T18:18:03Z,2015-01-15T18:25:45Z,,https://www.benzinga.com/node/5151323,
5150794,STLD,"Barclays Is Bullish On Steel Producers, Neutral On Copper Miners, And Cautious On Coal Companies",,Benzinga,2015-01-15T16:03:25Z,2015-01-15T16:03:26Z,,https://www.benzinga.com/node/5150794,
5147003,TCBI,A Few Stocks Looking Better Than JP Morgan After The Post-Earnings Downgrade,,Benzinga,2015-01-15T20:52:37Z,2015-01-15T20:53:19Z,,https://www.benzinga.com/node/5147003,
5148742,TLT,Dan Nathan Sees Unusal Options Activity In iShares Barclays 20+ Yr Treas.Bond (ETF),,Benzinga,2015-01-15T11:28:37Z,2015-01-15T11:28:37Z,,https://www.benzinga.com/node/5148742,
5149525,TNXP,Tonix Pharma Reports Commencement of Phase 2 Trial of TNX-102 SL in PTSD,,Benzinga,2015-01-15T12:04:13Z,2015-01-15T12:04:13Z,,https://www.benzinga.com/node/5149525,
5151709,TRIP,Option Alert: TripAdvisor Feb $75 Call; 1106 Contract Trade at Ask @$1.55; Currently $67.30,,Benzinga,2015-01-15T19:03:31Z,2015-01-15T19:03:31Z,,https://www.benzinga.com/node/5151709,
5149405,ULTA,Oppenheimer Upgrades Ulta Salon Cosmetics to Outperform,,Benzinga,2015-01-15T11:26:43Z,2015-01-15T11:26:43Z,,https://www.benzinga.com/node/5149405,
5150002,UAL,Bank of America Upgrades United Continental to Neutral,,Benzinga,2015-01-15T13:37:00Z,2015-01-15T13:37:01Z,,https://www.benzinga.com/node/5150002,
5150529,UAL,"Option Alert: United Continental Feb $67.5 Call; 1,625 Contract Trade at Ask @$3.16; Currently $65.31",,Benzinga,2015-01-15T14:55:31Z,2015-01-15T14:56:35Z,,https://www.benzinga.com/node/5150529,
5150584,UAL,United Announces $226M Q4 Special Charge,,Benzinga,2015-01-15T15:02:31Z,2015-01-15T15:02:32Z,,https://www.benzinga.com/node/5150584,
5150597,UAL,"United Continental, Virgin America, Allegiant Travel Higher Following Bank of America Upgrades",,Benzinga,2015-01-15T15:14:09Z,2015-01-15T15:14:09Z,,https://www.benzinga.com/node/5150597,
5151720,TSLA,Elon Musk @elonmusk Tweet: Will be building a Hyperloop test track for companies and student teams to test out their pods. Most likely in Texas.,,Benzinga,2015-01-15T19:09:05Z,2015-01-15T19:09:06Z,,https://www.benzinga.com/node/5151720,
5151120,VNDA,Option Alert: Vanda Feb $12 Call; 1784 Contract Trade at Ask @$1.25; Currently $11.98,,Benzinga,2015-01-15T16:38:04Z,2015-01-15T16:39:12Z,,https://www.benzinga.com/node/5151120,
5151845,VUZI,Vuzix Reports Received $24.8M Investment from Intel,,Benzinga,2015-01-15T19:40:50Z,2015-01-15T19:40:50Z,,https://www.benzinga.com/node/5151845,
5149150,WTFC,"Earnings Scheduled For January 15, 2015",,Benzinga,2015-01-15T09:25:53Z,2015-01-15T09:25:53Z,,https://www.benzinga.com/node/5149150,
5149196,WMT,"Top 4 NYSE Stocks In The Discount, Variety Stores Industry With The Highest Dividend Yield",,Benzinga,2015-01-15T09:59:52Z,2015-01-15T09:59:52Z,,https://www.benzinga.com/node/5149196,
5149690,WDC,Deutsche Bank Removes Western Digital from 'Short-Term Buy' List,,Benzinga,2015-01-15T12:55:44Z,2015-01-15T12:55:44Z,,https://www.benzinga.com/node/5149690,
5150836,WABC,Westamerica Bancorp Reports Q4,,Benzinga,2015-01-15T15:57:13Z,2015-01-15T15:57:14Z,,https://www.benzinga.com/node/5150836,
5150839,WABC,"Westamerica Bancorp Reports Q4 EPS of $0.58, Inline",,Benzinga,2015-01-15T15:58:29Z,2015-01-15T15:58:29Z,,https://www.benzinga.com/node/5150839,
5151991,WTFC,"Wintrust Financial Reports Q4 EPS of $0.75, Up 7% YOY",,Benzinga,2015-01-15T21:03:07Z,2015-01-15T21:03:07Z,,https://www.benzinga.com/node/5151991,
5153128,AAPL,"SocGen Maintains Buy on Apple, Raises PT to $130.00",,Benzinga,2015-01-16T09:57:21Z,2015-01-16T09:57:21Z,,https://www.benzinga.com/node/5153128,
5153174,AAPL,"RBC Capital Maintains Outperform on Apple, Raises PT to $123.00",,Benzinga,2015-01-16T10:26:33Z,2015-01-16T10:26:34Z,,https://www.benzinga.com/node/5153174,
5151751,AAPL,"Xiaomi Puts The Heat On Apple In China, Unveils iPhone 6 Plus  Competitor",,Benzinga,2015-01-16T15:52:06Z,2015-01-16T15:52:06Z,,https://www.benzinga.com/node/5151751,
5154331,AAPL,"Apple Is Not Breaking Off With Intel, As Of Now",,Benzinga,2015-01-16T18:51:18Z,2015-01-16T19:35:39Z,,https://www.benzinga.com/node/5154331,
5153127,AMZN,EU Commission Preliminary View is Amazon's Luxembourg Tax Deal Was State Aid -DJ,,Benzinga,2015-01-16T09:55:59Z,2015-01-16T09:55:59Z,,https://www.benzinga.com/node/5153127,
5149578,AMZN,European Companies Power Through Economic Hardship,,Benzinga,2015-01-16T11:41:46Z,2015-01-16T11:41:46Z,,https://www.benzinga.com/node/5149578,
5151396,AMZN,How Amazon And Wal-Mart Are Killing Best Buy,,Benzinga,2015-01-16T13:28:54Z,2015-01-16T13:28:54Z,,https://www.benzinga.com/node/5151396,
5152052,AMZN,How LikeFolio Predicted Good New For Bebe Stores,,Benzinga,2015-01-16T16:18:01Z,2015-01-16T16:34:13Z,,https://www.benzinga.com/node/5152052,
5154857,AMCX,Manning & Napier Also Shows 10.3% Stake in AMCX and 2.8% Stake in Amdocs,,Benzinga,2015-01-16T18:25:12Z,2015-01-16T18:25:12Z,,https://www.benzinga.com/node/5154857,
5155066,ALGT,Teamsters Says Allegiant Air Pilots Representd By Airline Professionals Association Teamsters Local 1224 Voted to Authorize Strike -Reuters,,Benzinga,2015-01-16T19:38:48Z,2015-01-16T19:38:48Z,,https://www.benzinga.com/node/5155066,
5151471,AMZN,Brean: 4K TV Sales Could Boost Home Shopping Networks,,Benzinga,2015-01-16T20:44:26Z,2015-01-16T20:50:30Z,,https://www.benzinga.com/node/5151471,
5152841,ARRY,"Jim Cramer Advises His Viewers On Array Biopharma Inc, GoPro Inc And Sprint Corp",,Benzinga,2015-01-16T03:42:08Z,2015-01-16T03:42:57Z,,https://www.benzinga.com/node/5152841,
5153263,ASND,Ascendis Expects 5M Share IPO to Price $16.00-$18.00/Share,,Benzinga,2015-01-16T11:13:29Z,2015-01-16T11:13:29Z,,https://www.benzinga.com/node/5153263,
5153275,APC,"Atlantic Equities Upgrades Anadarko Petroleum to Overweight, Lowers PT to $95.00",,Benzinga,2015-01-16T11:19:09Z,2015-01-16T11:19:09Z,,https://www.benzinga.com/node/5153275,
5154361,ASPS,Altisource Portfolio Solutions Shares Spike Higher Ahead of 11:00 AM ET Conf Call,,Benzinga,2015-01-16T15:52:35Z,2015-01-16T15:52:35Z,,https://www.benzinga.com/node/5154361,
5154392,ASPS,Altisource Slide Presentation Available,,Benzinga,2015-01-16T16:05:41Z,2015-01-16T16:05:41Z,,https://www.benzinga.com/node/5154392,
5154396,ASPS,Altisource Portfolio Sees Q4 EPS $0.38-0.51,,Benzinga,2015-01-16T16:08:42Z,2015-01-16T16:08:43Z,,https://www.benzinga.com/node/5154396,
5154398,ASPS,Altisource Portfolio Sees FY2014 EPS $7.27-7.40,,Benzinga,2015-01-16T16:09:19Z,2015-01-16T16:09:19Z,,https://www.benzinga.com/node/5154398,
5154572,ASPS,Altisource Portfolio Solutions Shares Rise 38% on Strong Guidance,,Benzinga,2015-01-16T16:43:18Z,2015-01-16T16:43:18Z,,https://www.benzinga.com/node/5154572,
5154712,ASPS,UPDATE: Altisource Portfolio Solutions Shares Rise 70% on Guidance; 26% Short Interest,,Benzinga,2015-01-16T17:26:27Z,2015-01-16T17:26:27Z,,https://www.benzinga.com/node/5154712,
5154897,APOG,Apogee Raises Qtr Dividend From $0.1 to $0.11/Share,,Benzinga,2015-01-16T18:33:44Z,2015-01-16T18:33:44Z,,https://www.benzinga.com/node/5154897,
5154837,BGC,S&P Cuts General Cable Outlook to Negative - Bloomberg,,Benzinga,2015-01-16T18:17:31Z,2015-01-16T18:17:31Z,,https://www.benzinga.com/node/5154837,
5153193,BJRI,"Wunderlich Downgrades BJ's Restaurants to Hold, Lowers PT to $50.00",,Benzinga,2015-01-16T10:58:42Z,2015-01-16T10:58:42Z,,https://www.benzinga.com/node/5153193,
5153844,BJRI,Morning Movers,,Benzinga,2015-01-16T14:43:00Z,2015-01-16T14:43:00Z,,https://www.benzinga.com/node/5153844,
5154205,BJRI,Morning Market Losers,,Benzinga,2015-01-16T15:05:28Z,2015-01-16T15:05:28Z,,https://www.benzinga.com/node/5154205,
5153602,BIDU,"Deutsche Bank On Baidu: 'Out Of Sight, Not Out Of Mind'",,Benzinga,2015-01-16T13:20:07Z,2015-01-16T15:35:13Z,,https://www.benzinga.com/node/5153602,
5154327,BIIB,Nomura's Takeways From Biogen's Analyst Meeting,,Benzinga,2015-01-16T16:06:58Z,2015-01-16T16:06:58Z,,https://www.benzinga.com/node/5154327,
5154921,BJRI,Mid-Day Market Update: US Stocks Rise; SunTrust Shares Surge On Upbeat Earnings,,Benzinga,2015-01-16T19:04:19Z,2015-01-16T19:04:19Z,,https://www.benzinga.com/node/5154921,
5155127,BMRN,Analyst Sees Fast Growth At BioMarin Pharmaceutical Inc.,,Benzinga,2015-01-16T20:34:43Z,2015-01-16T20:34:43Z,,https://www.benzinga.com/node/5155127,
5155217,BJRI,Mid-Afternoon Market Update: Precision Castparts Slides After Weak Q3 Outlook; Schlumberger Shares Spike Higher,,Benzinga,2015-01-16T20:36:54Z,2015-01-16T20:36:54Z,,https://www.benzinga.com/node/5155217,
5153539,BSRR,Sierra Bancorp Raises Qtr Dividend From $0.09 To $0.10/share,,Benzinga,2015-01-16T13:00:23Z,2015-01-16T13:00:23Z,,https://www.benzinga.com/node/5153539,
5152886,CME,"Benzinga's M&A Chatter for Thursday January 15, 2015",,Benzinga,2015-01-16T05:32:59Z,2015-01-16T05:32:59Z,,https://www.benzinga.com/node/5152886,
5153336,CMCSA,FCC Holds All The  Cards In Net-Neutrality,,Benzinga,2015-01-16T19:34:34Z,2015-01-16T19:34:34Z,,https://www.benzinga.com/node/5153336,
5153256,COST,"BMO Capital Initiates Coverage on Costco Wholesale at Outperform, Announces $115.00 PT",,Benzinga,2015-01-16T11:10:43Z,2015-01-16T11:10:43Z,,https://www.benzinga.com/node/5153256,
5153273,COST,"BMO Capital Initiates Coverage on Costco Wholesale at Outperform, Announces $155.00 PT",,Benzinga,2015-01-16T11:18:12Z,2015-01-16T11:18:12Z,,https://www.benzinga.com/node/5153273,
5152886,CSCO,"Benzinga's M&A Chatter for Thursday January 15, 2015",,Benzinga,2015-01-16T05:32:59Z,2015-01-16T05:32:59Z,,https://www.benzinga.com/node/5152886,
5153284,CWST,"First Analysis Upgrades Casella Waste Systems to Overweight, Announces $5.00 PT",,Benzinga,2015-01-16T11:21:27Z,2015-01-16T11:21:28Z,,https://www.benzinga.com/node/5153284,
5154393,CWST,Imperial Capital And First Analysis Bullish On Casella Waste Systems: Here's Why,,Benzinga,2015-01-16T16:40:05Z,2015-01-16T16:40:06Z,,https://www.benzinga.com/node/5154393,
5154857,DOX,Manning & Napier Also Shows 10.3% Stake in AMCX and 2.8% Stake in Amdocs,,Benzinga,2015-01-16T18:25:12Z,2015-01-16T18:25:12Z,,https://www.benzinga.com/node/5154857,
5154072,EA,"UPDATE: Electronic Arts, Take-Two Shares Also Higher Friday Amid Strong NPD Data on Video Game Sales for '14, Note from Brean Suggesting 'Strong End to Year Points to Upside to Dec. Qtr. Results'",,Benzinga,2015-01-16T14:40:57Z,2015-01-16T14:40:57Z,,https://www.benzinga.com/node/5154072,
5154267,EA,"Video Game Makers Up On Strong Sales Data, Brean Capital Sees Expanding User Base For 2015",,Benzinga,2015-01-16T15:44:36Z,2015-01-16T15:44:50Z,,https://www.benzinga.com/node/5154267,
5155218,EA,Brean Capital Comments On Video Game Stocks,,Benzinga,2015-01-16T20:56:02Z,2015-01-16T20:56:03Z,,https://www.benzinga.com/node/5155218,
5153115,ENTA,EC Grants Marketing Authorizations for AbbVie's VIEKIRAX + EXVIERA for Treatment of Chronic Hepatitis C,,Benzinga,2015-01-16T09:39:57Z,2015-01-16T09:39:57Z,,https://www.benzinga.com/node/5153115,
5153129,EXPO,Top 4 Small-Cap Stocks In The Management Services Industry With The Highest ROE,,Benzinga,2015-01-16T09:58:24Z,2015-01-16T09:58:24Z,,https://www.benzinga.com/node/5153129,
5154259,EXPE,Oppenheimer Asks: Is Expedia Planning To Acquire Travelocity?,,Benzinga,2015-01-16T15:38:31Z,2015-01-16T15:43:43Z,,https://www.benzinga.com/node/5154259,
5151471,EVLV,Brean: 4K TV Sales Could Boost Home Shopping Networks,,Benzinga,2015-01-16T20:44:26Z,2015-01-16T20:50:30Z,,https://www.benzinga.com/node/5151471,
5153595,FGL,Fidelity & Guaranty Life Announces CEO Launer to Retire to 'Pursue outside interests',,Benzinga,2015-01-16T13:05:48Z,2015-01-16T13:05:48Z,,https://www.benzinga.com/node/5153595,
5153297,FTNT,"Buckingham Research Initiates Coverage on Fortinet at Buy, Announces $37.00 PT",,Benzinga,2015-01-16T11:28:32Z,2015-01-16T11:28:32Z,,https://www.benzinga.com/node/5153297,
5151979,FOSL,Intel Corp Touts New  Products Ahead Of Earnings,,Benzinga,2015-01-16T11:50:11Z,2015-01-16T11:50:11Z,,https://www.benzinga.com/node/5151979,
5152570,FSLR,Brean Capital's Top 4 Utility Stocks,,Benzinga,2015-01-16T12:45:29Z,2015-01-16T12:45:29Z,,https://www.benzinga.com/node/5152570,
5153656,FOXA,"UPDATE: Stifel Initiates Coverage on Twenty-First Century Fox with Buy Rating, $41 PT on Multiple Positive Factors",,Benzinga,2015-01-16T13:32:24Z,2015-01-16T13:32:24Z,,https://www.benzinga.com/node/5153656,
5152048,FSLR,Axiom Sees 'Considerable Downside' To Solar In 2015,,Benzinga,2015-01-16T14:17:51Z,2015-01-16T14:17:51Z,,https://www.benzinga.com/node/5152048,
5152841,GPRO,"Jim Cramer Advises His Viewers On Array Biopharma Inc, GoPro Inc And Sprint Corp",,Benzinga,2015-01-16T03:42:08Z,2015-01-16T03:42:57Z,,https://www.benzinga.com/node/5152841,
5153649,GRFS,Benzinga's Top #PreMarket Losers,,Benzinga,2015-01-16T13:21:02Z,2015-01-16T13:21:02Z,,https://www.benzinga.com/node/5153649,
5153716,GOOG,Chardan Comments On Google Glass After Consumer Sales Are Suspended: Himax Technologies Could Be At Risk,,Benzinga,2015-01-16T14:07:11Z,2015-01-16T14:07:12Z,,https://www.benzinga.com/node/5153716,
5154113,GILD,Nomura's Takeaways From Meeting With Gilead Sciences' Management,,Benzinga,2015-01-16T15:17:46Z,2015-01-16T15:17:46Z,,https://www.benzinga.com/node/5154113,
5153691,GOOG,"Nomura: Buy Yahoo, Facebook, and Google",,Benzinga,2015-01-16T13:46:12Z,2015-01-16T15:40:04Z,,https://www.benzinga.com/node/5153691,
5154532,GPRO,"Worst Performing Industries For January 16, 2015",,Benzinga,2015-01-16T16:27:09Z,2015-01-16T16:27:09Z,,https://www.benzinga.com/node/5154532,
5153332,GPRO,Slimfast For Nerds,,Benzinga,2015-01-16T16:33:28Z,2015-01-16T16:33:28Z,,https://www.benzinga.com/node/5153332,
5155060,GILD,Aetna Says Gilead's Harvoni And Sovaldi Are Preferred Treatment For Its 20 Mln Commercial Customers,,Benzinga,2015-01-16T19:36:00Z,2015-01-16T19:37:11Z,,https://www.benzinga.com/node/5155060,
5155108,GILD,From Aetna Newsroom: 'Aetna and Gilead agree to discount pricing for hepatitis C drugs',,Benzinga,2015-01-16T19:49:00Z,2015-01-16T19:49:00Z,,https://www.benzinga.com/node/5155108,
5155233,GLNG,Golar LNG Awarded Two Time Charters By Nigeria,,Benzinga,2015-01-16T20:31:21Z,2015-01-16T20:31:21Z,,https://www.benzinga.com/node/5155233,
5155185,HAIN,Hain Enters New Supply Agreement With Panera Bread To Provide Plainville Farms Turkey Breast Meat,,Benzinga,2015-01-16T20:18:30Z,2015-01-16T20:18:30Z,,https://www.benzinga.com/node/5155185,
5153129,HURN,Top 4 Small-Cap Stocks In The Management Services Industry With The Highest ROE,,Benzinga,2015-01-16T09:58:24Z,2015-01-16T09:58:24Z,,https://www.benzinga.com/node/5153129,
5153835,HTZ,"Hertz Appoints Tom Sabatino As EVP, Chief Administrative Officer and General Counsel",,Benzinga,2015-01-16T14:02:52Z,2015-01-16T14:02:52Z,,https://www.benzinga.com/node/5153835,
5153716,HIMX,Chardan Comments On Google Glass After Consumer Sales Are Suspended: Himax Technologies Could Be At Risk,,Benzinga,2015-01-16T14:07:11Z,2015-01-16T14:07:12Z,,https://www.benzinga.com/node/5153716,
5153129,III,Top 4 Small-Cap Stocks In The Management Services Industry With The Highest ROE,,Benzinga,2015-01-16T09:58:24Z,2015-01-16T09:58:24Z,,https://www.benzinga.com/node/5153129,
5153480,IESC,"Integrated Electrical CEO, President Lindstrom To Resign; David Gendell Appointed To Chairman; Robert Lewey As Interim COO",,Benzinga,2015-01-16T12:33:37Z,2015-01-16T12:33:37Z,,https://www.benzinga.com/node/5153480,
5153649,IBKR,Benzinga's Top #PreMarket Losers,,Benzinga,2015-01-16T13:21:02Z,2015-01-16T13:21:02Z,,https://www.benzinga.com/node/5153649,
5153710,IBKR,"FXCM Falls 80% Following Swiss Currency Move, Interactive Brokers Group Down 11%",,Benzinga,2015-01-16T13:41:33Z,2015-01-16T13:41:33Z,,https://www.benzinga.com/node/5153710,
5153782,IBKR,"Interactive Brokers Issues Impact of Sudden CHF Movements, Debits Amount to ~$120M",,Benzinga,2015-01-16T13:57:34Z,2015-01-16T13:57:34Z,,https://www.benzinga.com/node/5153782,
5153896,IDXX,"UPDATE: Stifel Reiterates Buy Rating, Raises PT on IDEXX Laboratories on Bullish Diligence",,Benzinga,2015-01-16T14:20:26Z,2015-01-16T14:20:26Z,,https://www.benzinga.com/node/5153896,
5154011,IEP,5 Conglomerates Stocks With The Highest Operating Margin,,Benzinga,2015-01-16T14:25:13Z,2015-01-16T14:25:13Z,,https://www.benzinga.com/node/5154011,
5153844,IBKR,Morning Movers,,Benzinga,2015-01-16T14:43:00Z,2015-01-16T14:43:00Z,,https://www.benzinga.com/node/5153844,
5154205,IBKR,Morning Market Losers,,Benzinga,2015-01-16T15:05:28Z,2015-01-16T15:05:28Z,,https://www.benzinga.com/node/5154205,
5153105,INTC,"7 Stocks To Watch For January 16, 2015",,Benzinga,2015-01-16T09:02:43Z,2015-01-16T09:02:43Z,,https://www.benzinga.com/node/5153105,
5153173,INTC,"Intel Raises Goal for Tablet AP Shipments to 44M in 2015, According to Sources -DigiTimes",,Benzinga,2015-01-16T10:24:57Z,2015-01-16T10:24:58Z,,https://www.benzinga.com/node/5153173,
5152569,INTC,Fast Money Traders Weigh In On Intel Corporation's Earnings,,Benzinga,2015-01-16T11:24:49Z,2015-01-16T11:24:49Z,,https://www.benzinga.com/node/5152569,
5151979,INTC,Intel Corp Touts New  Products Ahead Of Earnings,,Benzinga,2015-01-16T11:50:11Z,2015-01-16T11:50:11Z,,https://www.benzinga.com/node/5151979,
5153910,INTC,"UPDATE: Stifel Reiterates Buy Rating, Raises PT on Intel Corporation on Lack of Surprises",,Benzinga,2015-01-16T14:21:03Z,2015-01-16T14:21:03Z,,https://www.benzinga.com/node/5153910,
5153844,INTC,Morning Movers,,Benzinga,2015-01-16T14:43:00Z,2015-01-16T14:43:00Z,,https://www.benzinga.com/node/5153844,
5154205,INTC,Morning Market Losers,,Benzinga,2015-01-16T15:05:28Z,2015-01-16T15:05:28Z,,https://www.benzinga.com/node/5154205,
5154737,INTC,Intel Analyst Roundup Following Q4 Earnings,,Benzinga,2015-01-16T18:57:23Z,2015-01-16T18:57:23Z,,https://www.benzinga.com/node/5154737,
5154331,INTC,"Apple Is Not Breaking Off With Intel, As Of Now",,Benzinga,2015-01-16T18:51:18Z,2015-01-16T19:35:39Z,,https://www.benzinga.com/node/5154331,
5155146,INTC,Traders React To Intel's Q4 Earnings,,Benzinga,2015-01-16T21:22:03Z,2015-01-16T21:23:50Z,,https://www.benzinga.com/node/5155146,
5153247,LFUS,"Longbow Research Upgrades Littelfuse to Buy, Announces $116.00 PT",,Benzinga,2015-01-16T11:10:16Z,2015-01-16T11:10:16Z,,https://www.benzinga.com/node/5153247,
5155349,LEE,Lee Enterprises Announces CFO Schmidt Plans to Retire July 1,,Benzinga,2015-01-16T21:15:47Z,2015-01-16T21:15:47Z,,https://www.benzinga.com/node/5155349,
5154164,LNT,Alliant Energy Raises Qtr. Dividend from $0.51 to $0.55/Share,,Benzinga,2015-01-16T15:01:57Z,2015-01-16T15:01:57Z,,https://www.benzinga.com/node/5154164,
5155223,LOPE,1 Remarkable Statement About For-Profit Colleges (In 6 Charts),,Benzinga,2015-01-16T20:29:53Z,2015-01-16T20:29:54Z,,https://www.benzinga.com/node/5155223,
5153155,MU,SEMI Reports DRAM Headed for Positive Growth by 2016 -DIgiTimes,,Benzinga,2015-01-16T10:22:20Z,2015-01-16T10:22:20Z,,https://www.benzinga.com/node/5153155,
5151980,MSFT,Ford Is Still Open To Technology M&As But It's Not A Priority,,Benzinga,2015-01-16T12:10:16Z,2015-01-16T12:10:16Z,,https://www.benzinga.com/node/5151980,
5153181,NFLX,"Cowen &amp; Company Upgrades Netflix to Outperform, Raises PT to $382.00",,Benzinga,2015-01-16T10:33:57Z,2015-01-16T10:33:58Z,,https://www.benzinga.com/node/5153181,
5153375,NFLX,US Stock Futures Slip Ahead Of Goldman Sachs Earnings,,Benzinga,2015-01-16T12:01:17Z,2015-01-16T12:01:17Z,,https://www.benzinga.com/node/5153375,
5153380,NFLX,Cowen Upgrades Netflix To Outperform,,Benzinga,2015-01-16T12:04:17Z,2015-01-16T12:04:17Z,,https://www.benzinga.com/node/5153380,
5153636,NFLX,Benzinga's Top #PreMarket Gainers,,Benzinga,2015-01-16T13:11:06Z,2015-01-16T13:11:07Z,,https://www.benzinga.com/node/5153636,
5153777,NFLX,Benzinga's Top Upgrades,,Benzinga,2015-01-16T13:54:35Z,2015-01-16T13:54:35Z,,https://www.benzinga.com/node/5153777,
5154086,NFLX,Morning Market Gainers,,Benzinga,2015-01-16T14:49:38Z,2015-01-16T14:56:14Z,,https://www.benzinga.com/node/5154086,
5155053,NBIX,Press Release Confirms Neurocrine Biosciences Granted Orphan Drug Status for NBI-77860,,Benzinga,2015-01-16T19:32:23Z,2015-01-16T19:32:23Z,,https://www.benzinga.com/node/5155053,
5151471,NFLX,Brean: 4K TV Sales Could Boost Home Shopping Networks,,Benzinga,2015-01-16T20:44:26Z,2015-01-16T20:50:30Z,,https://www.benzinga.com/node/5151471,
5154994,NWSA,The New York Post Confirms Its Twitter Account Was Hacked,,Benzinga,2015-01-16T19:09:54Z,2015-01-16T19:09:54Z,,https://www.benzinga.com/node/5154994,
5155502,OMER,Filing from Omeros Shows Registration for Automatic Mixed Securities Shelf Offering,,Benzinga,2015-01-16T22:11:47Z,2015-01-16T22:11:47Z,,https://www.benzinga.com/node/5155502,
5135858,ORLY,How To Play The Advance Auto Parts Downgrade; Is It Still Looking Better Than O'Reilly Automotive?,,Benzinga,2015-01-16T03:15:31Z,2015-01-16T03:15:31Z,,https://www.benzinga.com/node/5135858,
5153657,ORMP,Oramed Granted Patent In Israel For Oral Administration Of GLP-1,,Benzinga,2015-01-16T13:27:47Z,2015-01-16T13:27:47Z,,https://www.benzinga.com/node/5153657,
5154061,OTEX,OpenText Buys Actuate Corporation; No Terms Disclosed,,Benzinga,2015-01-16T14:37:47Z,2015-01-16T14:37:47Z,,https://www.benzinga.com/node/5154061,
5155124,PAA,Plains All American Says Shippers Sending Crude from Permian Basian That is Too Light -Reuters,,Benzinga,2015-01-16T19:50:29Z,2015-01-16T19:50:29Z,,https://www.benzinga.com/node/5155124,
5155345,PEP,PepsiCo Names William Johnson to Board,,Benzinga,2015-01-16T21:15:21Z,2015-01-16T21:15:21Z,,https://www.benzinga.com/node/5155345,
5152649,PPC,CNBC's Stock Pops & Drops From January 15,,Benzinga,2015-01-16T03:38:54Z,2015-01-16T03:38:54Z,,https://www.benzinga.com/node/5152649,
5153648,POWL,"DA Davidson Upgrades Powell Industries to Neutral, Maintains $43.00 PT",,Benzinga,2015-01-16T13:20:31Z,2015-01-16T13:20:31Z,,https://www.benzinga.com/node/5153648,
5154057,PODD,"UPDATE: Oppenheimer Reiterates Outperform Rating, Lowers PT on Insulet Corporation as New Management Begins Executing Plan",,Benzinga,2015-01-16T14:39:08Z,2015-01-16T14:39:09Z,,https://www.benzinga.com/node/5154057,
5154918,POWL,Analyst: Powell Industries Inc. Gets More Attractive,,Benzinga,2015-01-16T21:01:47Z,2015-01-16T21:01:47Z,,https://www.benzinga.com/node/5154918,
5153142,QRVO,"Brean Capital Initiates Coverage on Qorvo at Buy, Announces $80.00 PT",,Benzinga,2015-01-16T10:08:10Z,2015-01-16T10:08:10Z,,https://www.benzinga.com/node/5153142,
5153596,RBCAA,Republic Bancorp Reports Q4 EPS of $0.25 vs $0.26 Est,,Benzinga,2015-01-16T13:05:53Z,2015-01-16T13:05:54Z,,https://www.benzinga.com/node/5153596,
5153745,QRVO,Brean Capital Initiates Qorvo At Buy,,Benzinga,2015-01-16T13:44:30Z,2015-01-16T13:44:30Z,,https://www.benzinga.com/node/5153745,
5153914,QRVO,Benzinga's Top Initiations,,Benzinga,2015-01-16T14:18:50Z,2015-01-16T14:18:50Z,,https://www.benzinga.com/node/5153914,
5153292,RGC,"Stifel Nicolaus Downgrades Regal Entertainment to Hold, Removes $23.00 PT",,Benzinga,2015-01-16T11:25:56Z,2015-01-16T11:25:57Z,,https://www.benzinga.com/node/5153292,
5153783,RGC,"UPDATE: Stifel Downgrades Regal Entertainment Group to Hold, Reiterates $23 PT as Sale Process has Ended",,Benzinga,2015-01-16T13:59:20Z,2015-01-16T13:59:20Z,,https://www.benzinga.com/node/5153783,
5154259,SABR,Oppenheimer Asks: Is Expedia Planning To Acquire Travelocity?,,Benzinga,2015-01-16T15:38:31Z,2015-01-16T15:43:43Z,,https://www.benzinga.com/node/5154259,
5155127,RNA,Analyst Sees Fast Growth At BioMarin Pharmaceutical Inc.,,Benzinga,2015-01-16T20:34:43Z,2015-01-16T20:34:43Z,,https://www.benzinga.com/node/5155127,
5154901,SBGI,"Manning & Napier Shows 8.67% Stake in Sinclair, Down From 10.49%",,Benzinga,2015-01-16T18:35:43Z,2015-01-16T18:35:43Z,,https://www.benzinga.com/node/5154901,
5154390,SKYW,Bloomberg Reporting FAA Proposes $450K Fine Against Skywest,,Benzinga,2015-01-16T16:04:12Z,2015-01-16T16:04:12Z,,https://www.benzinga.com/node/5154390,
5155343,SIGA,SIGA Technologies Appeals Judgment of Delaware Court of Chancery,,Benzinga,2015-01-16T21:12:18Z,2015-01-16T21:12:18Z,,https://www.benzinga.com/node/5155343,
5152768,SSP,Carlos Slim Raises Stake in New York Times to 16.8%,,Benzinga,2015-01-16T04:30:19Z,2015-01-16T04:31:17Z,,https://www.benzinga.com/node/5152768,
5153105,STI,"7 Stocks To Watch For January 16, 2015",,Benzinga,2015-01-16T09:02:43Z,2015-01-16T09:02:43Z,,https://www.benzinga.com/node/5153105,
5153139,STI,"Earnings Scheduled For January 16, 2015",,Benzinga,2015-01-16T10:02:48Z,2015-01-16T10:02:48Z,,https://www.benzinga.com/node/5153139,
5153140,STI,"Earning & Economic Calendar for Friday January 16, 2015",,Benzinga,2015-01-16T10:04:52Z,2015-01-16T10:04:52Z,,https://www.benzinga.com/node/5153140,
5153214,STI,SunTrust Banks Reports Q4 EPS of $0.88 vs $0.78 Est; Revenue of $2.04B vs $2.04B Est,,Benzinga,2015-01-16T11:01:39Z,2015-01-16T11:01:40Z,,https://www.benzinga.com/node/5153214,
5153237,STI,SunTrust Banks Reports Q4 EPS of $0.88 vs $0.78 Est; Revenue of $2.04B vs $2.04B Est,,Benzinga,2015-01-16T11:02:31Z,2015-01-16T11:02:31Z,,https://www.benzinga.com/node/5153237,
5153288,STX,"On January 15, 2015, Seagate Technology, Seagate HDD Cayman Entered into Third Amendment to Credit Agreement",,Benzinga,2015-01-16T11:23:14Z,2015-01-16T11:23:14Z,,https://www.benzinga.com/node/5153288,
5153346,STI,UPDATE: SunTrust Banks Q4 Profit Beats Estimates,,Benzinga,2015-01-16T11:57:46Z,2015-01-16T11:57:46Z,,https://www.benzinga.com/node/5153346,
5153375,STI,US Stock Futures Slip Ahead Of Goldman Sachs Earnings,,Benzinga,2015-01-16T12:01:17Z,2015-01-16T12:01:17Z,,https://www.benzinga.com/node/5153375,
5153478,SUNE,SunEdison Successfully Raises $590M For First Wind Acquisition,,Benzinga,2015-01-16T12:31:03Z,2015-01-16T12:31:03Z,,https://www.benzinga.com/node/5153478,
5154081,STLD,Barclays Bullish On Steel (And Mini-Mill Companies),,Benzinga,2015-01-16T15:32:11Z,2015-01-16T15:32:11Z,,https://www.benzinga.com/node/5154081,
5154217,STI,"Analyst: SunTrust Banks Inc. Margin Widens, Loans Increase",,Benzinga,2015-01-16T15:41:30Z,2015-01-16T15:41:30Z,,https://www.benzinga.com/node/5154217,
5154921,STI,Mid-Day Market Update: US Stocks Rise; SunTrust Shares Surge On Upbeat Earnings,,Benzinga,2015-01-16T19:04:19Z,2015-01-16T19:04:19Z,,https://www.benzinga.com/node/5154921,
5155223,STRA,1 Remarkable Statement About For-Profit Colleges (In 6 Charts),,Benzinga,2015-01-16T20:29:53Z,2015-01-16T20:29:54Z,,https://www.benzinga.com/node/5155223,
5152841,TMUS,"Jim Cramer Advises His Viewers On Array Biopharma Inc, GoPro Inc And Sprint Corp",,Benzinga,2015-01-16T03:42:08Z,2015-01-16T03:42:57Z,,https://www.benzinga.com/node/5152841,
5153246,TROW,"JP Morgan Downgrades T. Rowe Price Group to Underweight, Lowers PT to $78.00",,Benzinga,2015-01-16T11:09:47Z,2015-01-16T11:09:48Z,,https://www.benzinga.com/node/5153246,
5153528,TROW,JP Morgan Downgrades T. Rowe Price Group To Underweight,,Benzinga,2015-01-16T12:57:03Z,2015-01-16T12:57:03Z,,https://www.benzinga.com/node/5153528,
5153849,TROW,Benzinga's Top Downgrades,,Benzinga,2015-01-16T14:09:10Z,2015-01-16T14:09:10Z,,https://www.benzinga.com/node/5153849,
5153714,UFPI,"UFPI Announces Acquisition of Majority Ownership of Integra Packaging, Terms Not Disclosed",,Benzinga,2015-01-16T13:32:42Z,2015-01-16T13:32:42Z,,https://www.benzinga.com/node/5153714,
5152048,TSL,Axiom Sees 'Considerable Downside' To Solar In 2015,,Benzinga,2015-01-16T14:17:51Z,2015-01-16T14:17:51Z,,https://www.benzinga.com/node/5152048,
5154072,TTWO,"UPDATE: Electronic Arts, Take-Two Shares Also Higher Friday Amid Strong NPD Data on Video Game Sales for '14, Note from Brean Suggesting 'Strong End to Year Points to Upside to Dec. Qtr. Results'",,Benzinga,2015-01-16T14:40:57Z,2015-01-16T14:40:57Z,,https://www.benzinga.com/node/5154072,
5154203,ULTA,"UPDATE: Oppenheimer Upgrades Ulta Salon, Cosmetics & Fragrance to Outperform, Names $150 PT on More Legs to Story",,Benzinga,2015-01-16T15:03:59Z,2015-01-16T15:03:59Z,,https://www.benzinga.com/node/5154203,
5154267,TTWO,"Video Game Makers Up On Strong Sales Data, Brean Capital Sees Expanding User Base For 2015",,Benzinga,2015-01-16T15:44:36Z,2015-01-16T15:44:50Z,,https://www.benzinga.com/node/5154267,
5151953,TSL,Elon Musk Announces Building Hyperloop Test Track,,Benzinga,2015-01-16T15:55:51Z,2015-01-16T15:56:20Z,,https://www.benzinga.com/node/5151953,
5151953,TSLA,Elon Musk Announces Building Hyperloop Test Track,,Benzinga,2015-01-16T15:55:51Z,2015-01-16T15:56:20Z,,https://www.benzinga.com/node/5151953,
5152052,TSLA,How LikeFolio Predicted Good New For Bebe Stores,,Benzinga,2015-01-16T16:18:01Z,2015-01-16T16:34:13Z,,https://www.benzinga.com/node/5152052,
5155106,UAL,United Continental Shares Move to High on Volume,,Benzinga,2015-01-16T19:46:14Z,2015-01-16T19:46:14Z,,https://www.benzinga.com/node/5155106,
5155218,TTWO,Brean Capital Comments On Video Game Stocks,,Benzinga,2015-01-16T20:56:02Z,2015-01-16T20:56:03Z,,https://www.benzinga.com/node/5155218,
5154052,VNDA,Vanda Reports Listing of New Fanapt Patent in FDA Orange Book,,Benzinga,2015-01-16T14:32:36Z,2015-01-16T14:32:36Z,,https://www.benzinga.com/node/5154052,
5153270,WABC,"CORRECTION: BMO Capital Downgrades Westamerica Bancorp to Underperform, Lowers PT to $38.00",,Benzinga,2015-01-16T11:16:22Z,2015-01-16T11:16:22Z,,https://www.benzinga.com/node/5153270,
5151396,WMT,How Amazon And Wal-Mart Are Killing Best Buy,,Benzinga,2015-01-16T13:28:54Z,2015-01-16T13:28:54Z,,https://www.benzinga.com/node/5151396,
5154017,WTW,ANALYST: WTW PT cut from 24 to 20 at Credit Suisse,,Benzinga,2015-01-16T15:11:57Z,2015-01-16T15:11:57Z,,https://www.benzinga.com/node/5154017,
5152780,AAPL,"Weekly Tech Highlights: Elon Musk's Risky Decision, Google's Snow Problem And More",,Benzinga,2015-01-17T21:48:08Z,2015-01-17T21:51:44Z,,https://www.benzinga.com/node/5152780,
5155750,GOOG,"Google in Talks to Acquire Softcard, According to Sources -TechCrunch",,Benzinga,2015-01-17T00:55:15Z,2015-01-17T00:55:15Z,,https://www.benzinga.com/node/5155750,
5155750,GOOGL,"Google in Talks to Acquire Softcard, According to Sources -TechCrunch",,Benzinga,2015-01-17T00:55:15Z,2015-01-17T00:55:15Z,,https://www.benzinga.com/node/5155750,
5152780,GOOG,"Weekly Tech Highlights: Elon Musk's Risky Decision, Google's Snow Problem And More",,Benzinga,2015-01-17T21:48:08Z,2015-01-17T21:51:44Z,,https://www.benzinga.com/node/5152780,
5154605,INTC,Deutsche Bank Bullish On Intel,,Benzinga,2015-01-17T22:27:50Z,2015-01-17T22:29:09Z,,https://www.benzinga.com/node/5154605,
5152780,TSLA,"Weekly Tech Highlights: Elon Musk's Risky Decision, Google's Snow Problem And More",,Benzinga,2015-01-17T21:48:08Z,2015-01-17T21:51:44Z,,https://www.benzinga.com/node/5152780,
5154258,TSLA,"Tesla Tumbles On Slowing Sales In China, But 'Valuation' Is The Real Problem",,Benzinga,2015-01-17T22:19:12Z,2015-01-17T22:19:12Z,,https://www.benzinga.com/node/5154258,
5156281,AAPL,Analysts Remain Bullish On Google Ahead Of Q4 Earnings,,Benzinga,2015-01-18T16:42:21Z,2015-01-18T16:43:13Z,,https://www.benzinga.com/node/5156281,
5156278,AMZN,Will Netflix's Q4 Pull The Company Out Of Its Slump?,,Benzinga,2015-01-18T16:27:23Z,2015-01-18T16:31:38Z,,https://www.benzinga.com/node/5156278,
5156281,GOOG,Analysts Remain Bullish On Google Ahead Of Q4 Earnings,,Benzinga,2015-01-18T16:42:21Z,2015-01-18T16:43:13Z,,https://www.benzinga.com/node/5156281,
5156281,GOOGL,Analysts Remain Bullish On Google Ahead Of Q4 Earnings,,Benzinga,2015-01-18T16:42:21Z,2015-01-18T16:43:13Z,,https://www.benzinga.com/node/5156281,
5156274,NDAQ,"Japan Exchange Group, Nasdaq Announce Technology Deal",,Benzinga,2015-01-18T16:19:07Z,2015-01-18T16:19:07Z,,https://www.benzinga.com/node/5156274,
5156278,NFLX,Will Netflix's Q4 Pull The Company Out Of Its Slump?,,Benzinga,2015-01-18T16:27:23Z,2015-01-18T16:31:38Z,,https://www.benzinga.com/node/5156278,
5156362,RENT,Warner Bros.' 'American Sniper' Leads Global Box Office With $99.5M,,Benzinga,2015-01-18T23:37:40Z,2015-01-18T23:37:40Z,,https://www.benzinga.com/node/5156362,
5154808,TSL,Deutsche Bank's 4 Industrial Stocks To Buy,,Benzinga,2015-01-18T17:40:43Z,2015-01-18T17:40:43Z,,https://www.benzinga.com/node/5154808,
5155468,TSLA,SpaceX To Attempt Next Barge Landing Within 3 Weeks,,Benzinga,2015-01-18T17:53:52Z,2015-01-18T17:55:43Z,,https://www.benzinga.com/node/5155468,
5156954,AMZN,"Amazon to Begin Producing Original Movies for Theaters, Prime Instant Video in 2015 -DJ",,Benzinga,2015-01-19T14:01:59Z,2015-01-19T14:01:59Z,,https://www.benzinga.com/node/5156954,
5156996,AMZN,"UPDATE: Amazon to Produce Original Movies for Theaters, Prime Instant Video",,Benzinga,2015-01-19T14:02:44Z,2015-01-19T14:02:44Z,,https://www.benzinga.com/node/5156996,
5156301,AMZN,"Fast Money Traders Weigh In On Amazon.com, Inc., Yahoo! Inc. And Alibaba Group Holding Ltd",,Benzinga,2015-01-19T17:17:21Z,2015-01-19T17:17:21Z,,https://www.benzinga.com/node/5156301,
5156273,AMD,Earnings Expectations For The Week Of January 19,,Benzinga,2015-01-19T20:07:51Z,2015-01-19T20:16:46Z,,https://www.benzinga.com/node/5156273,
5156750,BIDU,"Baidu's iQIYI.com Subsidiary, Announces Strategic Partnership With Intel",,Benzinga,2015-01-19T12:43:03Z,2015-01-19T12:43:03Z,,https://www.benzinga.com/node/5156750,
5156847,DYN,Dynegy Announces FERC Requested Additional Information to Process Acquisitions Applications,,Benzinga,2015-01-19T13:06:17Z,2015-01-19T13:06:17Z,,https://www.benzinga.com/node/5156847,
5156273,EBAY,Earnings Expectations For The Week Of January 19,,Benzinga,2015-01-19T20:07:51Z,2015-01-19T20:16:46Z,,https://www.benzinga.com/node/5156273,
5156850,GLNG,"Golar LNG Says Doug Arnell to Step Down as CEO on February 1, 2015, To be Succeeded by Gary Smith",,Benzinga,2015-01-19T13:11:25Z,2015-01-19T13:11:25Z,,https://www.benzinga.com/node/5156850,
5157840,GOOG,Google Close to Investment in SpaceX -The information,,Benzinga,2015-01-19T20:23:27Z,2015-01-19T20:39:11Z,,https://www.benzinga.com/node/5157840,
5156710,HSIC,Henry Schein to Acquire Scil Animal Care; Terms Not Disclosed,,Benzinga,2015-01-19T12:11:20Z,2015-01-19T12:11:20Z,,https://www.benzinga.com/node/5156710,
5156750,INTC,"Baidu's iQIYI.com Subsidiary, Announces Strategic Partnership With Intel",,Benzinga,2015-01-19T12:43:03Z,2015-01-19T12:43:03Z,,https://www.benzinga.com/node/5156750,
5156273,SBUX,Earnings Expectations For The Week Of January 19,,Benzinga,2015-01-19T20:07:51Z,2015-01-19T20:16:46Z,,https://www.benzinga.com/node/5156273,
5156269,TLT,Fast Money Picks For January 19,,Benzinga,2015-01-19T17:25:40Z,2015-01-19T17:25:41Z,,https://www.benzinga.com/node/5156269,
5156264,TLT,Dan Nathan's iShares Barclays 20+ Yr Treas.Bond (ETF) Trade,,Benzinga,2015-01-19T17:31:19Z,2015-01-19T17:33:58Z,,https://www.benzinga.com/node/5156264,
5156229,TLT,Options Action's Final Trade,,Benzinga,2015-01-19T17:41:08Z,2015-01-19T17:41:08Z,,https://www.benzinga.com/node/5156229,
5156273,UAL,Earnings Expectations For The Week Of January 19,,Benzinga,2015-01-19T20:07:51Z,2015-01-19T20:16:46Z,,https://www.benzinga.com/node/5156273,
5157840,TSLA,Google Close to Investment in SpaceX -The information,,Benzinga,2015-01-19T20:23:27Z,2015-01-19T20:39:11Z,,https://www.benzinga.com/node/5157840,
5158655,ACT,"Richter, Actavis Announce Positive Phase III Results for Cariprazine in Prevention of Relapse in Patients with Schizophrenia",,Benzinga,2015-01-20T09:31:38Z,2015-01-20T09:31:38Z,,https://www.benzinga.com/node/5158655,
5158667,AAL,United Continental Holdings Treasurer Gerry Laderman Says Airlines Could Generate More Income than Expected Due to Cheap Oil -Wall Street Journal,,Benzinga,2015-01-20T09:41:55Z,2015-01-20T09:41:55Z,,https://www.benzinga.com/node/5158667,
5159408,ACIW,ACI Worldwide Partners With LD Systems,,Benzinga,2015-01-20T13:03:08Z,2015-01-20T13:03:08Z,,https://www.benzinga.com/node/5159408,
5155063,AAPL,Wondered Why Apple Doesn't Trade At A Premium? Here's The Answer,,Benzinga,2015-01-20T13:14:12Z,2015-01-20T13:14:12Z,,https://www.benzinga.com/node/5155063,
5160128,AAPL,"Google Could Buy Softcard, Pairing Up With The Largest U.S. Wireless Carriers: What Does KBW Think?",,Benzinga,2015-01-20T14:28:58Z,2015-01-20T14:28:58Z,,https://www.benzinga.com/node/5160128,
5160688,AAL,Airline Stocks Move Higher Following Delta's Q4 Results,,Benzinga,2015-01-20T15:57:04Z,2015-01-20T15:57:04Z,,https://www.benzinga.com/node/5160688,
5158666,AMD,"Earnings Scheduled For January 20, 2015",,Benzinga,2015-01-20T09:40:54Z,2015-01-20T09:40:54Z,,https://www.benzinga.com/node/5158666,
5158725,AMD,"Earning & Economic Calendar for Tuesday January 20, 2015",,Benzinga,2015-01-20T10:18:20Z,2015-01-20T10:18:20Z,,https://www.benzinga.com/node/5158725,
5159094,ALNY,Alnylam Pharmaceuticals Announces Proposed Public Offering of $450M of Common Stock,,Benzinga,2015-01-20T12:04:43Z,2015-01-20T12:04:43Z,,https://www.benzinga.com/node/5159094,
5159437,AMZN,"Amazon Web Services to Use Wind Farm Power to Supply its Datacenters with Approximately 500,000 MWh of Power Annually",,Benzinga,2015-01-20T13:06:04Z,2015-01-20T13:06:04Z,,https://www.benzinga.com/node/5159437,
5160053,AMZN,Amazon's Canadian prime Members To Receive Free Unlimited Photo Storage,,Benzinga,2015-01-20T14:14:17Z,2015-01-20T14:14:17Z,,https://www.benzinga.com/node/5160053,
5160484,ALGT,Stocks Hitting 52-Week Highs,,Benzinga,2015-01-20T15:12:24Z,2015-01-20T15:12:24Z,,https://www.benzinga.com/node/5160484,
5160423,AMZN,Outerwall Inc. Fires CEO; Shares Sink,,Benzinga,2015-01-20T15:26:10Z,2015-01-20T15:26:10Z,,https://www.benzinga.com/node/5160423,
5161799,AMKR,Option Alert: Amkor Feb $7 Call; 1643 Contract Trade at Ask @$0.35; Currently $6.71,,Benzinga,2015-01-20T20:02:41Z,2015-01-20T20:03:03Z,,https://www.benzinga.com/node/5161799,
5162140,AMD,Advanced Micro Devices Reports Q4 EPS of $0.00 vs $0.01 Est; Revenue of $1.24B vs $1.24B Est,,Benzinga,2015-01-20T21:15:30Z,2015-01-20T21:15:30Z,,https://www.benzinga.com/node/5162140,
5162155,AMD,"UPDATE: AMD Revenue of $1.24B, Down 13% Sequentially & 22% YoY",,Benzinga,2015-01-20T21:17:15Z,2015-01-20T21:17:15Z,,https://www.benzinga.com/node/5162155,
5162175,AMD,Advanced Micro Devices Sees Q1 Sales Down 12-18% QoQ to ~$1.02B-1.09B vs $1.20B Est,,Benzinga,2015-01-20T21:20:50Z,2015-01-20T21:20:51Z,,https://www.benzinga.com/node/5162175,
5162210,ANGI,"Angie's List Chairman Chuang Buys 3,895 Shares @$5.31/Share -Form 4",,Benzinga,2015-01-20T21:29:23Z,2015-01-20T21:29:23Z,,https://www.benzinga.com/node/5162210,
5162208,AMAT,"Credit Agricole Assumes Applied Materials at Outperform, Raises $30.00 PT",,Benzinga,2015-01-20T21:27:43Z,2015-01-20T21:31:40Z,,https://www.benzinga.com/node/5162208,
5162239,AMAT,"Credit Suisse Assumes Applied Materials at Outperform, Raises $30.00 PT",,Benzinga,2015-01-20T21:31:44Z,2015-01-20T21:31:44Z,,https://www.benzinga.com/node/5162239,
5162270,AMD,Advanced Micro Devices Reports Q4 Inline With Expectations,,Benzinga,2015-01-20T21:48:34Z,2015-01-20T21:48:34Z,,https://www.benzinga.com/node/5162270,
5162507,AMD,AMD Says In Conference Call It Sees High Levels Of Desktops In Inventory Channels,,Benzinga,2015-01-20T22:35:39Z,2015-01-20T22:35:39Z,,https://www.benzinga.com/node/5162507,
5162528,AMD,"AMD Says In Call Company Will Increase R&D In Enterprise, Working To Correct Inventories Quickly, Diversifying Revenue Base",,Benzinga,2015-01-20T22:41:32Z,2015-01-20T22:41:32Z,,https://www.benzinga.com/node/5162528,
5162546,AMD,UPDATE: AMD Says It Sees Flat Inventory YoY In 2015,,Benzinga,2015-01-20T22:53:38Z,2015-01-20T22:53:38Z,,https://www.benzinga.com/node/5162546,
5162544,AMAT,Credit Suisse Raises Price Target Applied Materials,,Benzinga,2015-01-20T22:53:16Z,2015-01-20T22:53:39Z,,https://www.benzinga.com/node/5162544,
5159517,APA,"Apache Announces Retirement Of Chairman, President And CEO, G. Steven Farris; John J. Christmann, IV, COO North America, To Succeed Farris As President And CEO",,Benzinga,2015-01-20T13:12:16Z,2015-01-20T13:12:16Z,,https://www.benzinga.com/node/5159517,
5159627,ASPS,Benzinga's Top #PreMarket Losers,,Benzinga,2015-01-20T13:24:07Z,2015-01-20T13:24:07Z,,https://www.benzinga.com/node/5159627,
5159709,ASPS,Altisource Names John Vella as Chief Revenue Officer,,Benzinga,2015-01-20T13:32:24Z,2015-01-20T13:32:24Z,,https://www.benzinga.com/node/5159709,
5160361,ASPS,Morning Market Losers,,Benzinga,2015-01-20T14:57:14Z,2015-01-20T14:57:14Z,,https://www.benzinga.com/node/5160361,
5158267,ASPS,ASPS Gained 50% In 1 Day - 10 Pictures Explain Why,,Benzinga,2015-01-20T15:32:50Z,2015-01-20T15:37:49Z,,https://www.benzinga.com/node/5158267,
5162205,ASML,"Credit Suisse Assumes ASML Holding at Neutral, Announces $84.00 PT",,Benzinga,2015-01-20T21:27:42Z,2015-01-20T21:27:43Z,,https://www.benzinga.com/node/5162205,
5159935,ASTC,1st Detect Announces Initial Orders from New Industrial Customers,,Benzinga,2015-01-20T14:01:43Z,2015-01-20T14:01:43Z,,https://www.benzinga.com/node/5159935,
5158944,BEAM,Brands Of Pot Emerge As The Industry Grows,,Benzinga,2015-01-20T22:46:39Z,2015-01-20T22:46:39Z,,https://www.benzinga.com/node/5158944,
5158818,BJRI,"KeyBanc Upgrades BJ's Restaurants to Buy, Announces $52.00 PT",,Benzinga,2015-01-20T11:05:39Z,2015-01-20T11:05:39Z,,https://www.benzinga.com/node/5158818,
5159243,BJRI,KeyBanc Upgrades BJ's Restaurants To Buy,,Benzinga,2015-01-20T12:40:05Z,2015-01-20T12:40:05Z,,https://www.benzinga.com/node/5159243,
5159834,BJRI,Benzinga's Top Upgrades,,Benzinga,2015-01-20T13:57:48Z,2015-01-20T13:57:48Z,,https://www.benzinga.com/node/5159834,
5161142,BIIB,"Jefferies ""Encouraged"" By Biogen Idec's New Data, Maintains Buy Rating",,Benzinga,2015-01-20T17:28:53Z,2015-01-20T17:28:53Z,,https://www.benzinga.com/node/5161142,
5159526,BIIB,The 5 Biggest Biotech Stocks Of Them All,,Benzinga,2015-01-20T21:43:21Z,2015-01-20T21:43:21Z,,https://www.benzinga.com/node/5159526,
5158666,CA,"Earnings Scheduled For January 20, 2015",,Benzinga,2015-01-20T09:40:54Z,2015-01-20T09:40:54Z,,https://www.benzinga.com/node/5158666,
5159724,BWFG,Bankwell Financial Group Hires Christopher Gruseke As Chief Strategic Officer,,Benzinga,2015-01-20T13:33:32Z,2015-01-20T13:33:32Z,,https://www.benzinga.com/node/5159724,
5160217,CAKE,William Blair Upgrades Cheesecake Factory to Outperform,,Benzinga,2015-01-20T14:30:56Z,2015-01-20T14:30:56Z,,https://www.benzinga.com/node/5160217,
5161914,CAMP,Mid-Afternoon Market Update: NASDAQ Turns Higher; iGATE Shares Decline On Earnings Miss,,Benzinga,2015-01-20T20:46:07Z,2015-01-20T20:46:07Z,,https://www.benzinga.com/node/5161914,
5162068,CA,CA Reports Q3 EPS of $0.67 vs $0.60 Est; Revenue of $1.09B vs $1.09B Est,,Benzinga,2015-01-20T21:05:48Z,2015-01-20T21:05:49Z,,https://www.benzinga.com/node/5162068,
5162127,CA,CA Sees FY2014 EPS $1.76-1.83,,Benzinga,2015-01-20T21:12:10Z,2015-01-20T21:12:11Z,,https://www.benzinga.com/node/5162127,
5158847,CME,Citigroup Upgrades CME Group to Buy,,Benzinga,2015-01-20T11:13:26Z,2015-01-20T11:13:27Z,,https://www.benzinga.com/node/5158847,
5159784,CME,CME Group Announces Increased Offer for GFI Group Stockholders to Receive $5.85 per GFI Group Share,,Benzinga,2015-01-20T13:46:40Z,2015-01-20T13:46:40Z,,https://www.benzinga.com/node/5159784,
5160170,CME,"Citi: CME Group Upgraded, Shows 17% Upside This Year",,Benzinga,2015-01-20T14:39:36Z,2015-01-20T14:39:36Z,,https://www.benzinga.com/node/5160170,
5158919,CMCSA,#DeflateGate Isn't The Only Reason To Root Against The Pats,,Benzinga,2015-01-20T17:30:52Z,2015-01-20T18:43:01Z,,https://www.benzinga.com/node/5158919,
5159115,CRMD,"8-K from Cormedix Shows Co. Filed Complaint Against Tauropharm GmbH, Seeking a Cease & Desist Order",,Benzinga,2015-01-20T12:11:36Z,2015-01-20T12:11:36Z,,https://www.benzinga.com/node/5159115,
5159538,CSCO,"Cisco Systems, F5 Networks Among Deutsche Bank's Top Megacap and Midcap Ideas into Earnings",,Benzinga,2015-01-20T13:25:28Z,2015-01-20T13:25:28Z,,https://www.benzinga.com/node/5159538,
5160822,CVCO,"Worst Performing Industries For January 20, 2015",,Benzinga,2015-01-20T16:12:20Z,2015-01-20T16:12:20Z,,https://www.benzinga.com/node/5160822,
5158914,DLTR,Family Dollar Board of Directors Unanimously Reconfirmed its Previous Determinations and Recommendations -8-K,,Benzinga,2015-01-20T11:24:35Z,2015-01-20T11:24:35Z,,https://www.benzinga.com/node/5158914,
5159617,EBAY,"Benchmark Maintains Buy on eBay, Lowers PT to $64.00",,Benzinga,2015-01-20T13:22:15Z,2015-01-20T13:22:16Z,,https://www.benzinga.com/node/5159617,
5160329,EBAY,"UPDATE: The Benchmark Company Reiterates Buy Rating, Lowers PT on eBay Ahead of 4Q14 Results",,Benzinga,2015-01-20T14:56:56Z,2015-01-20T14:56:56Z,,https://www.benzinga.com/node/5160329,
5158822,EHTH,Stifel Nicolaus Upgrades eHealth to Hold,,Benzinga,2015-01-20T11:07:30Z,2015-01-20T11:07:31Z,,https://www.benzinga.com/node/5158822,
5159545,EQIX,Equinix Acquires Nimbo; No Terms Disclosed,,Benzinga,2015-01-20T13:19:26Z,2015-01-20T13:19:26Z,,https://www.benzinga.com/node/5159545,
5160268,EHTH,Stifel upgrades eHealth,,Benzinga,2015-01-20T15:01:20Z,2015-01-20T15:01:20Z,,https://www.benzinga.com/node/5160268,
5160565,EHTH,Benzinga's Volume Movers,,Benzinga,2015-01-20T15:22:48Z,2015-01-20T15:22:48Z,,https://www.benzinga.com/node/5160565,
5159952,EXC,Exelon's Constellation Unit Reports Purchase of Seven Fueling Stations in Midwest,,Benzinga,2015-01-20T14:02:10Z,2015-01-20T14:02:10Z,,https://www.benzinga.com/node/5159952,
5159538,FFIV,"Cisco Systems, F5 Networks Among Deutsche Bank's Top Megacap and Midcap Ideas into Earnings",,Benzinga,2015-01-20T13:25:28Z,2015-01-20T13:25:28Z,,https://www.benzinga.com/node/5159538,
5161671,FITB,Fifth Third Bancorp Feb $19 Call; 2006 Contract Trade at Ask @$0.18; Currently $18.05,,Benzinga,2015-01-20T19:35:35Z,2015-01-20T19:35:35Z,,https://www.benzinga.com/node/5161671,
5158654,FSTR,Top 4 NASDAQ Stocks In The Railroads Industry With The Highest Gross Margin,,Benzinga,2015-01-20T09:30:56Z,2015-01-20T09:30:56Z,,https://www.benzinga.com/node/5158654,
5158812,FOSL,"Piper Jaffray Downgrades Fossil Group to Neutral, Lowers PT to $104.00",,Benzinga,2015-01-20T11:03:04Z,2015-01-20T11:03:05Z,,https://www.benzinga.com/node/5158812,
5159746,FOSL,Piper Jaffray Downgrades Fossil Group To Neutral,,Benzinga,2015-01-20T13:36:41Z,2015-01-20T13:36:41Z,,https://www.benzinga.com/node/5159746,
5159773,FORM,Summit Research Raises Price Target on FormFactor,,Benzinga,2015-01-20T13:58:17Z,2015-01-20T13:58:17Z,,https://www.benzinga.com/node/5159773,
5160046,FOSL,Benzinga's Top Downgrades,,Benzinga,2015-01-20T14:11:33Z,2015-01-20T14:11:33Z,,https://www.benzinga.com/node/5160046,
5162341,FULT,"Fulton Financial Reports Q4 EPS of $0.21, Inline",,Benzinga,2015-01-20T21:52:42Z,2015-01-20T21:52:43Z,,https://www.benzinga.com/node/5162341,
5162352,FULT,"Fulton Posts $9.5M Risk Management Cost Increase, Had Disclosed Enforcement Of Orders For BAS/AML Program",,Benzinga,2015-01-20T21:56:47Z,2015-01-20T21:56:47Z,,https://www.benzinga.com/node/5162352,
5159972,GIGM,GIGAMEDIA Receives Nasdaq Staff Deficiency Letter,,Benzinga,2015-01-20T14:04:08Z,2015-01-20T14:04:09Z,,https://www.benzinga.com/node/5159972,
5158229,GOOG,Benzinga's Weekend M&A Chatter,,Benzinga,2015-01-20T01:39:56Z,2015-01-20T01:39:56Z,,https://www.benzinga.com/node/5158229,
5159543,GOOG,"Fidelity Contrafund Cuts Stake in Largest Holding, Google; Portfolio Manager Sees Potentially Choppy Market for Stock -Reuters",,Benzinga,2015-01-20T13:19:04Z,2015-01-20T13:19:04Z,,https://www.benzinga.com/node/5159543,
5159543,GOOGL,"Fidelity Contrafund Cuts Stake in Largest Holding, Google; Portfolio Manager Sees Potentially Choppy Market for Stock -Reuters",,Benzinga,2015-01-20T13:19:04Z,2015-01-20T13:19:04Z,,https://www.benzinga.com/node/5159543,
5160000,GRVY,Gravity Enters License & Development Agreements With Dream Square In China,,Benzinga,2015-01-20T14:06:54Z,2015-01-20T14:06:55Z,,https://www.benzinga.com/node/5160000,
5160128,GOOG,"Google Could Buy Softcard, Pairing Up With The Largest U.S. Wireless Carriers: What Does KBW Think?",,Benzinga,2015-01-20T14:28:58Z,2015-01-20T14:28:58Z,,https://www.benzinga.com/node/5160128,
5160637,GNTX,Option Alert: Gentex Feb $17.5 Call; 1342 Contract Trade at Ask @$0.65; Currently $17.33,,Benzinga,2015-01-20T15:42:24Z,2015-01-20T15:42:24Z,,https://www.benzinga.com/node/5160637,
5154582,GOOGL,What Tony Fadell Needs To Do To Make The Next Version Of Google Glass A Success,,Benzinga,2015-01-20T13:31:50Z,2015-01-20T15:55:20Z,,https://www.benzinga.com/node/5154582,
5161281,GRPN,Option Alert: Groupon Jan 23 $7 Call; 1350 Contract Trade Above Ask @$0.38; Currently $7.30,,Benzinga,2015-01-20T17:49:45Z,2015-01-20T17:50:23Z,,https://www.benzinga.com/node/5161281,
5158938,GOOG,US Internet Companies Could Face Pushback In Europe,,Benzinga,2015-01-20T18:47:37Z,2015-01-20T18:47:37Z,,https://www.benzinga.com/node/5158938,
5160435,GILD,Why Drug Pricing Could Bring Volatility To The Biotech Sector This Year,,Benzinga,2015-01-20T21:21:56Z,2015-01-20T21:21:56Z,,https://www.benzinga.com/node/5160435,
5162241,GOOG,"Hearing SpaceX Has Raised $1B in Financing Round; Google, Fidelity Will Collectively Own Just Under 10%",,Benzinga,2015-01-20T21:33:08Z,2015-01-20T21:33:08Z,,https://www.benzinga.com/node/5162241,
5162241,GOOGL,"Hearing SpaceX Has Raised $1B in Financing Round; Google, Fidelity Will Collectively Own Just Under 10%",,Benzinga,2015-01-20T21:33:08Z,2015-01-20T21:33:08Z,,https://www.benzinga.com/node/5162241,
5159526,GILD,The 5 Biggest Biotech Stocks Of Them All,,Benzinga,2015-01-20T21:43:21Z,2015-01-20T21:43:21Z,,https://www.benzinga.com/node/5159526,
5158622,HTZ,Top 4 NYSE Stocks In The Rental & Leasing Services Industry With The Highest Revenue,,Benzinga,2015-01-20T09:07:28Z,2015-01-20T09:07:28Z,,https://www.benzinga.com/node/5158622,
5159534,HOLX,William Blair Upgrades Hologic to Outperform,,Benzinga,2015-01-20T13:15:53Z,2015-01-20T13:15:53Z,,https://www.benzinga.com/node/5159534,
5159953,HIVE,Aerohive Networks Announces Industry First Personalized Engagement Ecosystem Enabling Retailers to Grow Their Top Line,,Benzinga,2015-01-20T14:02:13Z,2015-01-20T14:02:13Z,,https://www.benzinga.com/node/5159953,
5162047,HOLX,Hologic Announces Additions to Executive Leadership Team,,Benzinga,2015-01-20T21:03:27Z,2015-01-20T21:03:27Z,,https://www.benzinga.com/node/5162047,
5158666,IBKR,"Earnings Scheduled For January 20, 2015",,Benzinga,2015-01-20T09:40:54Z,2015-01-20T09:40:54Z,,https://www.benzinga.com/node/5158666,
5159372,IART,"Integra LifeSciences Reports Resolution of Warning Letter Related to Plant in Anasco, Puerto Rico",,Benzinga,2015-01-20T13:01:43Z,2015-01-20T13:01:43Z,,https://www.benzinga.com/node/5159372,
5161269,III,The 15 Lowest Cost Producers Of Precious & Industrial Metals In 3 Charts,,Benzinga,2015-01-20T17:42:44Z,2015-01-20T17:52:53Z,,https://www.benzinga.com/node/5161269,
5162077,ICFI,ICF International Wins $14.5M Re-compete Contract,,Benzinga,2015-01-20T21:05:53Z,2015-01-20T21:05:53Z,,https://www.benzinga.com/node/5162077,
5162318,IBKR,"Interactive Brokers GroUp Reports Q4 EPS of $0.02, Down 78% YOY; Revenue of $229.90M, Down 13% YOY",,Benzinga,2015-01-20T21:47:38Z,2015-01-20T21:47:38Z,,https://www.benzinga.com/node/5162318,
5162319,IBKR,UPDATE: Shares Of Interactive Brokers Group Down Over 2% After-Hours,,Benzinga,2015-01-20T21:48:22Z,2015-01-20T21:48:22Z,,https://www.benzinga.com/node/5162319,
5162444,IBKR,After Hours Movers,,Benzinga,2015-01-20T22:25:45Z,2015-01-20T22:25:45Z,,https://www.benzinga.com/node/5162444,
5158811,INTC,"JMP Securities Downgrades Intel to Market Underperform, Announces $30.00 PT",,Benzinga,2015-01-20T11:02:30Z,2015-01-20T11:02:30Z,,https://www.benzinga.com/node/5158811,
5159124,INTC,US Stock Futures Surge Ahead Of Earnings,,Benzinga,2015-01-20T12:16:16Z,2015-01-20T12:16:16Z,,https://www.benzinga.com/node/5159124,
5159710,INTC,JMP Securities Downgrades Intel To Market Underperform,,Benzinga,2015-01-20T13:32:28Z,2015-01-20T13:32:28Z,,https://www.benzinga.com/node/5159710,
5159774,INTC,"JMP Securities Turns Bearish On Intel, Downgrades To Market Underperform",,Benzinga,2015-01-20T13:49:10Z,2015-01-20T13:49:10Z,,https://www.benzinga.com/node/5159774,
5160046,INTC,Benzinga's Top Downgrades,,Benzinga,2015-01-20T14:11:33Z,2015-01-20T14:11:33Z,,https://www.benzinga.com/node/5160046,
5158667,JBLU,United Continental Holdings Treasurer Gerry Laderman Says Airlines Could Generate More Income than Expected Due to Cheap Oil -Wall Street Journal,,Benzinga,2015-01-20T09:41:55Z,2015-01-20T09:41:55Z,,https://www.benzinga.com/node/5158667,
5158771,JKHY,"Evercore ISI Downgrades Jack Henry & Associates to Sell, Lowers PT to $55.00",,Benzinga,2015-01-20T10:58:33Z,2015-01-20T10:58:33Z,,https://www.benzinga.com/node/5158771,
5159626,JACK,"Wunderlich Reiterates Buy on Jack In The Box, Raises PT to $100.00",,Benzinga,2015-01-20T13:23:47Z,2015-01-20T13:23:47Z,,https://www.benzinga.com/node/5159626,
5160161,ISRG,5 Healthcare Stocks With The Highest EPS,,Benzinga,2015-01-20T14:24:13Z,2015-01-20T14:24:13Z,,https://www.benzinga.com/node/5160161,
5160688,JBLU,Airline Stocks Move Higher Following Delta's Q4 Results,,Benzinga,2015-01-20T15:57:04Z,2015-01-20T15:57:04Z,,https://www.benzinga.com/node/5160688,
5161008,JD,JD.com's WeChat Account Integrates Paipai Social Marketing System -Marbridge,,Benzinga,2015-01-20T16:39:38Z,2015-01-20T16:39:38Z,,https://www.benzinga.com/node/5161008,
5161016,JACK,Wunderlich On Restaurants,,Benzinga,2015-01-20T16:44:33Z,2015-01-20T16:44:33Z,,https://www.benzinga.com/node/5161016,
5161438,IRDM,Mid-Day Market Update: Smith & Wesson Gains On Strong Outlook; Express Shares Slide,,Benzinga,2015-01-20T18:36:31Z,2015-01-20T18:36:31Z,,https://www.benzinga.com/node/5161438,
5161914,IRDM,Mid-Afternoon Market Update: NASDAQ Turns Higher; iGATE Shares Decline On Earnings Miss,,Benzinga,2015-01-20T20:46:07Z,2015-01-20T20:46:07Z,,https://www.benzinga.com/node/5161914,
5160162,KTWO,"Filing from K2M Group Shows Registration for $40M in Shares Through Primary Offering, ~$103.24M in Secondary Offering",,Benzinga,2015-01-20T14:24:43Z,2015-01-20T14:24:43Z,,https://www.benzinga.com/node/5160162,
5161431,KTCC,"UPDATE: Einhorn's Letter to Greenlight Holders Shows New Longs in Citizens Financial, Keysight Technologies, Cigna",,Benzinga,2015-01-20T18:24:49Z,2015-01-20T18:42:08Z,,https://www.benzinga.com/node/5161431,
5162203,KLAC,"Credit Suisse Assumes KLA-Tencor at Neutral, Announces $66.73 PT",,Benzinga,2015-01-20T21:27:41Z,2015-01-20T21:27:42Z,,https://www.benzinga.com/node/5162203,
5158668,LAKE,"Woman Who Worked with Ebola Patients Taken off United Airlines Flight Monday in Newark, After Showing Ebola Signs; Being Tested at Hackensack University Medical Center",,Benzinga,2015-01-20T09:45:39Z,2015-01-20T09:45:39Z,,https://www.benzinga.com/node/5158668,
5159399,LSCC,Lattice Semiconductor Announces the Industry's Most Affordable I/O Expansion and Bridging Starter Kit,,Benzinga,2015-01-20T13:02:12Z,2015-01-20T13:02:12Z,,https://www.benzinga.com/node/5159399,
5162207,LRCX,"Credit Suisse Assumes Lam Research at Outperform, Raises $104.00 PT",,Benzinga,2015-01-20T21:27:43Z,2015-01-20T21:27:44Z,,https://www.benzinga.com/node/5162207,
5162529,LRCX,Credit Suisse Raises Price Target On Lam Research,,Benzinga,2015-01-20T22:48:22Z,2015-01-20T22:48:22Z,,https://www.benzinga.com/node/5162529,
5158775,MBWM,Mercantile Bank Corporation Increases Dividend from $0.12 to $0.14/Share,,Benzinga,2015-01-20T11:00:02Z,2015-01-20T11:00:02Z,,https://www.benzinga.com/node/5158775,
5159413,MDWD,MediWound Expands Distribution of NexoBrid to Mexico Through Agreement with COVALEO SA,,Benzinga,2015-01-20T13:03:33Z,2015-01-20T13:03:33Z,,https://www.benzinga.com/node/5159413,
5159546,MCHP,New Microchip GestIC® Controller Enables One-step Design-in of 3D Gesture Recognition in Embedded Devices,,Benzinga,2015-01-20T13:19:28Z,2015-01-20T13:19:28Z,,https://www.benzinga.com/node/5159546,
5162149,MIND,Mitcham Industries Announces Extension Of Stock Repurchase Program By 1M Shares,,Benzinga,2015-01-20T21:15:58Z,2015-01-20T21:15:58Z,,https://www.benzinga.com/node/5162149,
5158849,MU,Susquehanna Upgrades Micron Technology to Neutral,,Benzinga,2015-01-20T11:14:01Z,2015-01-20T11:14:02Z,,https://www.benzinga.com/node/5158849,
5160798,MSFT,Microsoft Buys Equivio,,Benzinga,2015-01-20T16:05:45Z,2015-01-20T16:05:45Z,,https://www.benzinga.com/node/5160798,
5161141,MSFT,Microsoft Corp. Buys Text Analysis Firm For Undisclosed Price,,Benzinga,2015-01-20T17:20:39Z,2015-01-20T17:20:39Z,,https://www.benzinga.com/node/5161141,
5158621,NFLX,7 Stocks You Should Be Watching Today,,Benzinga,2015-01-20T09:01:40Z,2015-01-20T09:01:40Z,,https://www.benzinga.com/node/5158621,
5158666,NFLX,"Earnings Scheduled For January 20, 2015",,Benzinga,2015-01-20T09:40:54Z,2015-01-20T09:40:54Z,,https://www.benzinga.com/node/5158666,
5158725,NFLX,"Earning & Economic Calendar for Tuesday January 20, 2015",,Benzinga,2015-01-20T10:18:20Z,2015-01-20T10:18:20Z,,https://www.benzinga.com/node/5158725,
5159464,NBIX,Neurocrine Biosciences Reports Oral Presentation of NBI-77860 Clinical Trial Data in Classic Congenital Adrenal Hyperplasia at ENDO '15,,Benzinga,2015-01-20T13:08:26Z,2015-01-20T13:08:26Z,,https://www.benzinga.com/node/5159464,
5160423,NFLX,Outerwall Inc. Fires CEO; Shares Sink,,Benzinga,2015-01-20T15:26:10Z,2015-01-20T15:26:10Z,,https://www.benzinga.com/node/5160423,
5158938,NFLX,US Internet Companies Could Face Pushback In Europe,,Benzinga,2015-01-20T18:47:37Z,2015-01-20T18:47:37Z,,https://www.benzinga.com/node/5158938,
5161618,NFLX,Netflix Q4 Earnings Preview,,Benzinga,2015-01-20T19:39:16Z,2015-01-20T19:39:16Z,,https://www.benzinga.com/node/5161618,
5161830,NFLX,Netflix Earnings Expected Move ± $38.80,,Benzinga,2015-01-20T20:16:21Z,2015-01-20T20:16:21Z,,https://www.benzinga.com/node/5161830,
5161905,NFLX,Technical Trading Levels For Netflix,,Benzinga,2015-01-20T20:38:33Z,2015-01-20T20:38:33Z,,https://www.benzinga.com/node/5161905,
5161994,NERV,Minerva Neurosciences Announces $15 Million Debt Facility With Oxford Finance LLC and Silicon Valley Bank,,Benzinga,2015-01-20T21:01:43Z,2015-01-20T21:01:43Z,,https://www.benzinga.com/node/5161994,
5162049,NFLX,Netflix Total Q4 Revenue $1.484B,,Benzinga,2015-01-20T21:04:03Z,2015-01-20T21:04:03Z,,https://www.benzinga.com/node/5162049,
5162050,NFLX,Netflix Q4 Adj. EPS $0.72,,Benzinga,2015-01-20T21:04:22Z,2015-01-20T21:04:22Z,,https://www.benzinga.com/node/5162050,
5162093,NFLX,"Netflix Reports Q4 Total Streaming Paid Members 54.48M, Net Member Additions 4.33M",,Benzinga,2015-01-20T21:07:25Z,2015-01-20T21:07:25Z,,https://www.benzinga.com/node/5162093,
5162116,NFLX,Netflix Shares Rise 13% After-Hours on Solid Earnings Report,,Benzinga,2015-01-20T21:10:27Z,2015-01-20T21:10:27Z,,https://www.benzinga.com/node/5162116,
5162154,NFLX,Netflix Expecting Q1 Total Streaming Revenue $1.398B,,Benzinga,2015-01-20T21:16:55Z,2015-01-20T21:16:55Z,,https://www.benzinga.com/node/5162154,
5162187,NFLX,UPDATE: Netflix Says Intends to Generate Material Global Profits from 2017 Onwards,,Benzinga,2015-01-20T21:21:30Z,2015-01-20T21:21:30Z,,https://www.benzinga.com/node/5162187,
5162191,NFLX,"UPDATE: Netflix Says Launching Netflix in Australia, New Zealand in Late Q1",,Benzinga,2015-01-20T21:22:21Z,2015-01-20T21:22:21Z,,https://www.benzinga.com/node/5162191,
5162193,NFLX,"UPDATE: Netflix to Begin Offering 'The Interview' to US, Canadian Members Starting Saturday, January 24",,Benzinga,2015-01-20T21:23:27Z,2015-01-20T21:23:27Z,,https://www.benzinga.com/node/5162193,
5162028,NFLX,Netflix Reports Q4 EPS of $1.35 Which May Not Compare $0.45 Est; Revenue of $1.31B Which May Not Compare $1.48B Est,,Benzinga,2015-01-20T21:02:48Z,2015-01-20T21:27:08Z,,https://www.benzinga.com/node/5162028,
5162246,NFLX,NetFlix Shares Up Over 10% After-Hours,,Benzinga,2015-01-20T21:35:27Z,2015-01-20T21:35:27Z,,https://www.benzinga.com/node/5162246,
5162198,NFLX,Netflix Rises On Strong Q4 Results,,Benzinga,2015-01-20T21:31:01Z,2015-01-20T21:39:46Z,,https://www.benzinga.com/node/5162198,
5162307,NFLX,UPDATE: NetFlix Shares Up Over 13% After-Hours,,Benzinga,2015-01-20T21:44:19Z,2015-01-20T21:44:19Z,,https://www.benzinga.com/node/5162307,
5162335,NFLX,"From Netflix Q4 Letter to Holders: '...we are investing faster in content and the current favorable interest rate environment, we intend to raise at least a billion dollars, pending market conditions...'",,Benzinga,2015-01-20T21:50:54Z,2015-01-20T21:50:54Z,,https://www.benzinga.com/node/5162335,
5162337,NFLX,UPDATE: NetFlix DVD-By-Mail And Streaming TV Added 1.9M US Customers Compared With 2.33M Same Period Last Year,,Benzinga,2015-01-20T21:51:38Z,2015-01-20T21:51:38Z,,https://www.benzinga.com/node/5162337,
5162445,NFLX,UPDATE: NetFlix Says In Conference Video Thsat House Of Cards Will Add 100K to 150K Subscribers In Upcoming Quarter,,Benzinga,2015-01-20T22:18:19Z,2015-01-20T22:18:19Z,,https://www.benzinga.com/node/5162445,
5162444,NFLX,After Hours Movers,,Benzinga,2015-01-20T22:25:45Z,2015-01-20T22:25:45Z,,https://www.benzinga.com/node/5162444,
5162500,NFLX,"Netflix Shares Cross Above $400 After-Hours, Up 15% on Strong Earnings, Guidance",,Benzinga,2015-01-20T22:31:29Z,2015-01-20T22:31:29Z,,https://www.benzinga.com/node/5162500,
5162508,NFLX,In Conference Video NetFlix Says It Is Exploring Options In China,,Benzinga,2015-01-20T22:37:40Z,2015-01-20T22:37:40Z,,https://www.benzinga.com/node/5162508,
5162509,NFLX,NetFlix Shares Up Over 15% After-Hours,,Benzinga,2015-01-20T22:38:01Z,2015-01-20T22:38:01Z,,https://www.benzinga.com/node/5162509,
5161395,NFLX,"This Startup Cold Called Netflix, T-Mobile, Delta - And Won",,Benzinga,2015-01-20T23:04:39Z,2015-01-20T23:04:39Z,,https://www.benzinga.com/node/5161395,
5159467,NTIC,Northern Technologies Announces Buyback Plan for $3M in Shares,,Benzinga,2015-01-20T13:08:53Z,2015-01-20T13:08:53Z,,https://www.benzinga.com/node/5159467,
5158621,PEP,7 Stocks You Should Be Watching Today,,Benzinga,2015-01-20T09:01:40Z,2015-01-20T09:01:40Z,,https://www.benzinga.com/node/5158621,
5158666,PETS,"Earnings Scheduled For January 20, 2015",,Benzinga,2015-01-20T09:40:54Z,2015-01-20T09:40:54Z,,https://www.benzinga.com/node/5158666,
5158666,PFBC,"Earnings Scheduled For January 20, 2015",,Benzinga,2015-01-20T09:40:54Z,2015-01-20T09:40:54Z,,https://www.benzinga.com/node/5158666,
5159314,PETS,PetMed Express Reports Q3 EPS of $0.24 vs $0.22 Est; Revenue of $49.30M vs $49.34M Est,,Benzinga,2015-01-20T13:00:32Z,2015-01-20T13:00:33Z,,https://www.benzinga.com/node/5159314,
5159831,PETS,UPDATE: PetMed Express Posts Higher Q3 Profit,,Benzinga,2015-01-20T13:56:09Z,2015-01-20T13:56:09Z,,https://www.benzinga.com/node/5159831,
5159825,PEP,Stifel Comment's On PepsiCo's Board Addition,,Benzinga,2015-01-20T14:00:44Z,2015-01-20T14:01:12Z,,https://www.benzinga.com/node/5159825,
5160332,PETS,Morning Market Gainers,,Benzinga,2015-01-20T14:44:47Z,2015-01-20T14:44:47Z,,https://www.benzinga.com/node/5160332,
5160565,PETS,Benzinga's Volume Movers,,Benzinga,2015-01-20T15:22:48Z,2015-01-20T15:22:48Z,,https://www.benzinga.com/node/5160565,
5160605,PETS,Mid-Morning Market Update: Markets Tumble; Morgan Stanley Profit Misses Estimates,,Benzinga,2015-01-20T15:48:42Z,2015-01-20T15:48:42Z,,https://www.benzinga.com/node/5160605,
5161145,PEP,Option Alert: Pepsico Feb $101 Call; 6886 Contracts Traded vs 0 OI; Currently,,Benzinga,2015-01-20T17:09:41Z,2015-01-20T17:09:41Z,,https://www.benzinga.com/node/5161145,
5161438,PETS,Mid-Day Market Update: Smith & Wesson Gains On Strong Outlook; Express Shares Slide,,Benzinga,2015-01-20T18:36:31Z,2015-01-20T18:36:31Z,,https://www.benzinga.com/node/5161438,
5158919,PEP,#DeflateGate Isn't The Only Reason To Root Against The Pats,,Benzinga,2015-01-20T17:30:52Z,2015-01-20T18:43:01Z,,https://www.benzinga.com/node/5158919,
5161914,PETS,Mid-Afternoon Market Update: NASDAQ Turns Higher; iGATE Shares Decline On Earnings Miss,,Benzinga,2015-01-20T20:46:07Z,2015-01-20T20:46:07Z,,https://www.benzinga.com/node/5161914,
5162196,PBYI,Puma Biotechnology Announces Proposed Public Offering,,Benzinga,2015-01-20T21:23:36Z,2015-01-20T21:23:36Z,,https://www.benzinga.com/node/5162196,
5161914,PNRG,Mid-Afternoon Market Update: NASDAQ Turns Higher; iGATE Shares Decline On Earnings Miss,,Benzinga,2015-01-20T20:46:07Z,2015-01-20T20:46:07Z,,https://www.benzinga.com/node/5161914,
5158654,RAIL,Top 4 NASDAQ Stocks In The Railroads Industry With The Highest Gross Margin,,Benzinga,2015-01-20T09:30:56Z,2015-01-20T09:30:56Z,,https://www.benzinga.com/node/5158654,
5160435,QURE,Why Drug Pricing Could Bring Volatility To The Biotech Sector This Year,,Benzinga,2015-01-20T21:21:56Z,2015-01-20T21:21:56Z,,https://www.benzinga.com/node/5160435,
5161516,RGP,Oppenheimer Cuts Targets For 3 Energy Names,,Benzinga,2015-01-20T21:20:58Z,2015-01-20T21:20:58Z,,https://www.benzinga.com/node/5161516,
5159526,REGN,The 5 Biggest Biotech Stocks Of Them All,,Benzinga,2015-01-20T21:43:21Z,2015-01-20T21:43:21Z,,https://www.benzinga.com/node/5159526,
5162375,RGLD,Royal Gold Provides Update on Two Principal Properties,,Benzinga,2015-01-20T22:00:44Z,2015-01-20T22:00:44Z,,https://www.benzinga.com/node/5162375,
5159630,RRGB,"Wunderlich Reiterates Buy on Red Robin Gourmet Burgers, Raises PT to $92.00",,Benzinga,2015-01-20T13:24:25Z,2015-01-20T13:24:25Z,,https://www.benzinga.com/node/5159630,
5161016,RRGB,Wunderlich On Restaurants,,Benzinga,2015-01-20T16:44:33Z,2015-01-20T16:44:33Z,,https://www.benzinga.com/node/5161016,
5160065,SCOR,comScore Reports US Launch of Video Metrix Multi-Platform to Measure Video Audiences Across Devices,,Benzinga,2015-01-20T14:16:06Z,2015-01-20T14:16:06Z,,https://www.benzinga.com/node/5160065,
5158666,SMCI,"Earnings Scheduled For January 20, 2015",,Benzinga,2015-01-20T09:40:54Z,2015-01-20T09:40:54Z,,https://www.benzinga.com/node/5158666,
5162055,SMCI,SUper Micro Computer Reports Q2 EPS of $0.65 vs $0.47 Est; Revenue of $503.0M vs $467.86M Est,,Benzinga,2015-01-20T21:05:18Z,2015-01-20T21:05:19Z,,https://www.benzinga.com/node/5162055,
5162128,SMCI,Super Micro Computer Sees Q3 EPS $0.46-0.52; Sees Sales $450.0M-500.0M,,Benzinga,2015-01-20T21:12:46Z,2015-01-20T21:12:47Z,,https://www.benzinga.com/node/5162128,
5162252,SMCI,Super Micro Computer Sees Q3 EPS $0.46-0.52 vs $0.43 Est; Sees Sales $450.0M-500.0M vs $457.70M Est,,Benzinga,2015-01-20T21:38:25Z,2015-01-20T21:38:26Z,,https://www.benzinga.com/node/5162252,
5161964,SNDK,Deutsche Bank Previews SanDisk's Q4 Earnings,,Benzinga,2015-01-20T21:13:08Z,2015-01-20T21:13:08Z,,https://www.benzinga.com/node/5161964,
5159156,STI,"Sandler O'Neill Upgrades SunTrust Banks to Buy, Maintains $43.00 PT",,Benzinga,2015-01-20T12:29:17Z,2015-01-20T12:29:17Z,,https://www.benzinga.com/node/5159156,
5159787,STI,"UPDATE: Keefe, Bruyette & Woods Reiterates Outperform Rating, Lowers PT on SunTrust Banks on Lowered EPS Estimates",,Benzinga,2015-01-20T13:50:26Z,2015-01-20T13:50:26Z,,https://www.benzinga.com/node/5159787,
5160156,SSP,"Scripps Howard Foundation Hires Liz Carter as President, CEO",,Benzinga,2015-01-20T14:21:59Z,2015-01-20T14:21:59Z,,https://www.benzinga.com/node/5160156,
5156296,STI,"Jim Cramer Shares His Thoughts On Bank of America Corp, Walgreens Boots Alliance Inc And Delta Air Lines, Inc.",,Benzinga,2015-01-19T17:20:35Z,2015-01-20T14:46:29Z,,https://www.benzinga.com/node/5156296,
5162124,SUNE,SunEdison Announces Proposed Offering Of $350M Of Convertible Senior Notes,,Benzinga,2015-01-20T21:10:57Z,2015-01-20T21:10:57Z,,https://www.benzinga.com/node/5162124,
5162130,SSS,Sovran Self Storage Names Paul Powell CIO; Edward Killeen As COO,,Benzinga,2015-01-20T21:13:26Z,2015-01-20T21:13:26Z,,https://www.benzinga.com/node/5162130,
5158229,TMUS,Benzinga's Weekend M&A Chatter,,Benzinga,2015-01-20T01:39:56Z,2015-01-20T01:39:56Z,,https://www.benzinga.com/node/5158229,
5161309,TMUS,CORRECTION: Goldman Upgraded T-Mobile Shares to Buy Earlier,,Benzinga,2015-01-20T17:56:36Z,2015-01-20T17:56:36Z,,https://www.benzinga.com/node/5161309,
5158669,TMUS,"Goldman Sachs Upgrades T-Mobile US to Neutral, Raises PT to $37.00",,Benzinga,2015-01-20T09:49:06Z,2015-01-20T17:57:03Z,,https://www.benzinga.com/node/5158669,
5161666,TSEM,Tower Semiconductor Spikes Higher,,Benzinga,2015-01-20T19:31:57Z,2015-01-20T19:31:57Z,,https://www.benzinga.com/node/5161666,
5161475,TMUS,"Goldman Sachs Upgrades T Mobile U.S. To Buy, Adds It To ""Conviction Buy"" List On Positive Outlook For 2015",,Benzinga,2015-01-20T20:01:08Z,2015-01-20T20:01:08Z,,https://www.benzinga.com/node/5161475,
5161395,TMUS,"This Startup Cold Called Netflix, T-Mobile, Delta - And Won",,Benzinga,2015-01-20T23:04:39Z,2015-01-20T23:04:39Z,,https://www.benzinga.com/node/5161395,
5158667,UAL,United Continental Holdings Treasurer Gerry Laderman Says Airlines Could Generate More Income than Expected Due to Cheap Oil -Wall Street Journal,,Benzinga,2015-01-20T09:41:55Z,2015-01-20T09:41:55Z,,https://www.benzinga.com/node/5158667,
5159235,TTMI,"TTM Technologies, Inc. Announces Private Placement Offering Of Senior Secured Notes Due 2023",,Benzinga,2015-01-20T12:35:49Z,2015-01-20T12:35:49Z,,https://www.benzinga.com/node/5159235,
5160356,URBN,Sterne Agee: Specialty Retail Off To A 'Tough Start' In 2015,,Benzinga,2015-01-20T15:06:39Z,2015-01-20T15:06:39Z,,https://www.benzinga.com/node/5160356,
5159099,VSTM,Verastem Doses First Patient in Phase 1 Clinical Trial Evaluating VS-5584 in Combination with VS-6063 in Mesothelioma,,Benzinga,2015-01-20T12:05:32Z,2015-01-20T12:05:32Z,,https://www.benzinga.com/node/5159099,
5159124,VSTM,US Stock Futures Surge Ahead Of Earnings,,Benzinga,2015-01-20T12:16:16Z,2015-01-20T12:16:16Z,,https://www.benzinga.com/node/5159124,
5159421,VSTM,Verastem Doses First Patient in Phase 1 Clinical Trial Evaluating VS-5584 in Combination with VS-6063 in Mesothelioma,,Benzinga,2015-01-20T13:04:09Z,2015-01-20T13:04:09Z,,https://www.benzinga.com/node/5159421,
5161993,VSTM,Verastem Announces $40M Proposed Public Offering of Common Stock,,Benzinga,2015-01-20T21:01:43Z,2015-01-20T21:01:43Z,,https://www.benzinga.com/node/5161993,
5162398,VRTX,Vertex Pharma Says Horton Now Acting As Special Counsel To CEO,,Benzinga,2015-01-20T22:01:47Z,2015-01-20T22:01:47Z,,https://www.benzinga.com/node/5162398,
5159828,WTFC,"UPDATE: Keefe, Bruyette & Woods Reiterates Market Perform Rating, Lowers PT on Wintrust Financial Corporation as Mortgage is Near-Term Tailwind",,Benzinga,2015-01-20T13:56:18Z,2015-01-20T13:56:18Z,,https://www.benzinga.com/node/5159828,
5158666,WWD,"Earnings Scheduled For January 20, 2015",,Benzinga,2015-01-20T09:40:54Z,2015-01-20T09:40:54Z,,https://www.benzinga.com/node/5158666,
5162078,WWD,"Woodward Reports Q1 EPS of $0.66, Up 94% YOY; Revenue of $487.60M vs $446.90M Est",,Benzinga,2015-01-20T21:06:03Z,2015-01-20T21:06:04Z,,https://www.benzinga.com/node/5162078,
5162088,WWD,Woodward Reports Q1 EPS of $0.66 vs $0.34 Est,,Benzinga,2015-01-20T21:06:59Z,2015-01-20T21:06:59Z,,https://www.benzinga.com/node/5162088,
5162448,WYNN,From 8-K: Wynn Resorts Extends Employment Pact For Stephen Wynn By 2 Yrs.; Decreases Base Pay From $4M To $2.5M,,Benzinga,2015-01-20T22:19:40Z,2015-01-20T22:19:40Z,,https://www.benzinga.com/node/5162448,
5162464,WYNN,UPDATE: Wynn Resorts Enters New Aircraft Time Sharing Pact; Says CEO Stephen Wynn To Reimburse Company For Aircraft Time,,Benzinga,2015-01-20T22:21:28Z,2015-01-20T22:21:28Z,,https://www.benzinga.com/node/5162464,
5162474,WYNN,Shares Of Wynn Resorts Down 1.0% After-Hours,,Benzinga,2015-01-20T22:21:58Z,2015-01-20T22:21:58Z,,https://www.benzinga.com/node/5162474,
5162831,ADTN,Adtran Reports Q4 EPS of $0.19 vs $0.07 Est; Revenue of $144.0M vs $141.62M Est,,Benzinga,2015-01-21T01:06:38Z,2015-01-21T01:06:38Z,,https://www.benzinga.com/node/5162831,
5162817,AAL,Fast Money Traders Debate On Airlines,,Benzinga,2015-01-21T01:38:04Z,2015-01-21T01:38:04Z,,https://www.benzinga.com/node/5162817,
5161735,AAPL,MLV & Co Reports On Mall Retailer Trends & Sentiment - Exclusive TSI Rankings,,Benzinga,2015-01-21T01:47:54Z,2015-01-21T01:52:04Z,,https://www.benzinga.com/node/5161735,
5163335,AAPL,"Counterpoint Research Reports Big Apple Smartphone Sales Gains in Asia in December; Apple's Market Share in S. Korea Now 33%, Surpassing LG at 14%; Samsung Market Share Falls to 46% -Wall Street Journal",,Benzinga,2015-01-21T09:49:31Z,2015-01-21T09:49:31Z,,https://www.benzinga.com/node/5163335,
5163363,AAPL,Apple Acquires Musicmetric -Music Ally,,Benzinga,2015-01-21T10:06:08Z,2015-01-21T10:06:08Z,,https://www.benzinga.com/node/5163363,
5164141,AAPL,Deutsche Bank Bullish On Maxim Integrated Ahead Of Q2 Print,,Benzinga,2015-01-21T13:41:14Z,2015-01-21T13:41:14Z,,https://www.benzinga.com/node/5164141,
5164210,AAPL,Acacia Research Says Court Grants Motion Finding No Infringement of Certain Method Claims Asserted By Unit,,Benzinga,2015-01-21T13:44:05Z,2015-01-21T13:44:05Z,,https://www.benzinga.com/node/5164210,
5164210,ACTG,Acacia Research Says Court Grants Motion Finding No Infringement of Certain Method Claims Asserted By Unit,,Benzinga,2015-01-21T13:44:05Z,2015-01-21T13:44:05Z,,https://www.benzinga.com/node/5164210,
5162533,AAPL,Alphatrends Founder On How Apple May Plummet Below $105 **HOLD FOR VID,,Benzinga,2015-01-21T16:52:55Z,2015-01-21T16:54:35Z,,https://www.benzinga.com/node/5162533,
5165710,AAPL,The Secret To Apple's Ongoing Success,,Benzinga,2015-01-21T19:33:39Z,2015-01-21T19:33:40Z,,https://www.benzinga.com/node/5165710,
5166131,AAPL,WhatsApp Browser-Messaging Will Not Run On iOS,,Benzinga,2015-01-21T20:33:03Z,2015-01-21T20:33:03Z,,https://www.benzinga.com/node/5166131,
5164917,AAPL,Why Apple Watch Can't Replace Luxury Watches,,Benzinga,2015-01-21T17:26:16Z,2015-01-21T20:52:54Z,,https://www.benzinga.com/node/5164917,
5162899,AEC,Blackstone Ups Its Bet On U.S. Apartments - A Red Hot REIT Sector,,Benzinga,2015-01-21T21:24:10Z,2015-01-21T22:14:45Z,,https://www.benzinga.com/node/5162899,
5163273,AMD,"Keep an Eye on These 10 Stocks for January 21, 2015",,Benzinga,2015-01-21T09:05:03Z,2015-01-21T09:05:03Z,,https://www.benzinga.com/node/5163273,
5164026,ALNY,Alnylam Shares Fall Premarket Following Pricing of ~4.7M Share Offering @ $95/Share,,Benzinga,2015-01-21T13:10:07Z,2015-01-21T13:10:07Z,,https://www.benzinga.com/node/5164026,
5163821,AMZN,SunTrust Analyst: Amazon Search had a Glitch,,Benzinga,2015-01-21T13:10:32Z,2015-01-21T13:10:32Z,,https://www.benzinga.com/node/5163821,
5164078,AMD,Benzinga's Top #PreMarket Losers,,Benzinga,2015-01-21T13:23:01Z,2015-01-21T13:23:01Z,,https://www.benzinga.com/node/5164078,
5164219,AMD,"UPDATE: Morgan Stanley Reiterates Underweight Rating, Lowers PT on Advanced Micro Devices Following Another Tough Quarter",,Benzinga,2015-01-21T13:49:36Z,2015-01-21T13:49:36Z,,https://www.benzinga.com/node/5164219,
5164224,ALNY,Morning Movers,,Benzinga,2015-01-21T13:55:00Z,2015-01-21T13:55:00Z,,https://www.benzinga.com/node/5164224,
5164224,AMD,Morning Movers,,Benzinga,2015-01-21T13:55:00Z,2015-01-21T13:55:00Z,,https://www.benzinga.com/node/5164224,
5164573,AMZN,Amazon Drops Diaper Brand; Says Needs Redesign -GigaOM,,Benzinga,2015-01-21T14:25:05Z,2015-01-21T14:25:05Z,,https://www.benzinga.com/node/5164573,
5164747,ALNY,Morning Market Losers,,Benzinga,2015-01-21T14:55:38Z,2015-01-21T14:55:38Z,,https://www.benzinga.com/node/5164747,
5164640,ALNY,Shares Of Alnylam Pharmaceuticals Lower Following Equity Offering,,Benzinga,2015-01-21T15:03:42Z,2015-01-21T15:03:42Z,,https://www.benzinga.com/node/5164640,
5164915,ALNY,Mid-Morning Market Update: Markets Mixed; UnitedHealth Profit Tops Expectations,,Benzinga,2015-01-21T15:42:09Z,2015-01-21T15:42:09Z,,https://www.benzinga.com/node/5164915,
5165048,AMZN,"Amazon Shares Spike Higher on Market Chatter of Icahn Stake, Push to Spinoff AWS",,Benzinga,2015-01-21T15:45:21Z,2015-01-21T15:45:21Z,,https://www.benzinga.com/node/5165048,
5165620,ALNY,Mid-Day Market Update: US Stocks Surge; Netflix Shares Jump On Upbeat Earnings,,Benzinga,2015-01-21T17:53:26Z,2015-01-21T17:53:27Z,,https://www.benzinga.com/node/5165620,
5165068,AMZN,Cramer: Netflix's Growth Is Oppsite Of Amazon's Growth,,Benzinga,2015-01-21T18:14:10Z,2015-01-21T18:14:10Z,,https://www.benzinga.com/node/5165068,
5164716,ALNY,4 Secondaries Traders Are Watching,,Benzinga,2015-01-21T18:38:52Z,2015-01-21T18:42:50Z,,https://www.benzinga.com/node/5164716,
5166058,ALNY,Mid-Afternoon Market Update: Alnylam Pharmaceuticals Drops Following Equity Offering; Insperity Shares Spike Higher,,Benzinga,2015-01-21T20:10:14Z,2015-01-21T20:10:14Z,,https://www.benzinga.com/node/5166058,
5166207,AMZN,BGC Partners Upgrades Amazon.com to Buy,,Benzinga,2015-01-21T20:50:26Z,2015-01-21T20:50:26Z,,https://www.benzinga.com/node/5166207,
5163339,ASML,"Earnings Scheduled For January 21, 2015",,Benzinga,2015-01-21T09:51:58Z,2015-01-21T09:51:58Z,,https://www.benzinga.com/node/5163339,
5164043,ASML,Benzinga's Top #PreMarket Gainers,,Benzinga,2015-01-21T13:15:53Z,2015-01-21T13:15:53Z,,https://www.benzinga.com/node/5164043,
5163405,ASML,ASML Posts Higher Profit,,Benzinga,2015-01-21T10:32:27Z,2015-01-21T13:16:23Z,,https://www.benzinga.com/node/5163405,
5164711,ASML,Morning Market Gainers,,Benzinga,2015-01-21T14:44:30Z,2015-01-21T14:44:30Z,,https://www.benzinga.com/node/5164711,
5165325,ASPS,"Leon Cooperman Buys 224,107 Shares of Altisource Portfolio Solutions @$40.29/Share -Form 4",,Benzinga,2015-01-21T16:38:40Z,2015-01-21T16:39:03Z,,https://www.benzinga.com/node/5165325,
5165479,ASPS,Altisource Portfolio Solutions Shares Rise 25% as Leon Cooperman Reports Stake,,Benzinga,2015-01-21T17:11:01Z,2015-01-21T17:11:01Z,,https://www.benzinga.com/node/5165479,
5165512,AROW,Arrow Financial Reports Q4 EPS of $0.50,,Benzinga,2015-01-21T17:23:01Z,2015-01-21T17:23:02Z,,https://www.benzinga.com/node/5165512,
5166238,BANR,Banner Reports Q4 EPS of $0.72,,Benzinga,2015-01-21T21:00:51Z,2015-01-21T21:00:52Z,,https://www.benzinga.com/node/5166238,
5163343,BMRN,State Of The Union Lights Up Biotech,,Benzinga,2015-01-21T11:25:51Z,2015-01-21T16:05:50Z,,https://www.benzinga.com/node/5163343,
5166273,BMRN,BioMarin Announces 7.25M Share Public Offering of Common Stock,,Benzinga,2015-01-21T21:02:07Z,2015-01-21T21:02:07Z,,https://www.benzinga.com/node/5166273,
5163332,BOOM,Top 4 NASDAQ Stocks In The Metal Fabrication Industry With The Highest Gross Margin,,Benzinga,2015-01-21T09:43:46Z,2015-01-21T09:43:46Z,,https://www.benzinga.com/node/5163332,
5164243,BSET,Bassett Announces Intention to Acquire Remaining Portion of Zenith,,Benzinga,2015-01-21T13:52:29Z,2015-01-21T13:52:29Z,,https://www.benzinga.com/node/5164243,
5163339,CATY,"Earnings Scheduled For January 21, 2015",,Benzinga,2015-01-21T09:51:58Z,2015-01-21T09:51:58Z,,https://www.benzinga.com/node/5163339,
5163992,CATY,"Cathay General Bancorp, Asia Bancshares To Merge",,Benzinga,2015-01-21T13:04:55Z,2015-01-21T13:04:55Z,,https://www.benzinga.com/node/5163992,
5166495,CATY,Cathay General Bancorp Reports Q4 EPS of $0.44,,Benzinga,2015-01-21T21:30:48Z,2015-01-21T21:30:49Z,,https://www.benzinga.com/node/5166495,
5164009,CLWT,"Euro Tech Holdings Company Limited Announces 60,000 Share Buyback",,Benzinga,2015-01-21T13:06:57Z,2015-01-21T13:06:57Z,,https://www.benzinga.com/node/5164009,
5164707,CME,ISS Recommends GFI Shareholders Vote Against Merger With CME,,Benzinga,2015-01-21T14:43:34Z,2015-01-21T14:43:34Z,,https://www.benzinga.com/node/5164707,
5164990,CME,"GFI Group Shareholders Should Vote Against Proposed Merger With CME, Says ISS",,Benzinga,2015-01-21T16:00:15Z,2015-01-21T16:00:15Z,,https://www.benzinga.com/node/5164990,
5162823,COST,"Jim Cramer's View On Priceline Group Inc, J C Penney Company Inc And Ocwen Financial Corp",,Benzinga,2015-01-21T01:42:20Z,2015-01-21T01:42:20Z,,https://www.benzinga.com/node/5162823,
5163454,CRIS,"Curis Aurigene Announce Collaboration, License Option Agreement to Discover, Develop and Commercialize Small Molecule Antagonists for Immuno-Oncology and Precision Oncology Targets",,Benzinga,2015-01-21T11:07:27Z,2015-01-21T11:07:59Z,,https://www.benzinga.com/node/5163454,
5163457,CRIS,UPDATE: Curis to issue 17.1M shares of its Common Stock as Up-front Consideration,,Benzinga,2015-01-21T11:08:32Z,2015-01-21T11:08:32Z,,https://www.benzinga.com/node/5163457,
5163680,CRIS,US Stock Futures Slip Ahead Of Housing-Starts Data,,Benzinga,2015-01-21T12:07:49Z,2015-01-21T12:07:49Z,,https://www.benzinga.com/node/5163680,
5164499,CTBI,Community Trust Bancorp Reports Q4 EPS of $0.57 vs $0.68 Est,,Benzinga,2015-01-21T14:18:59Z,2015-01-21T14:19:50Z,,https://www.benzinga.com/node/5164499,
5164500,CTBI,CORRECTION: Community Trust Bancorp Reports Q4 EPS of $0.57 Which May Not Compare $0.68 Est,,Benzinga,2015-01-21T14:20:04Z,2015-01-21T14:20:58Z,,https://www.benzinga.com/node/5164500,
5163273,EBAY,"Keep an Eye on These 10 Stocks for January 21, 2015",,Benzinga,2015-01-21T09:05:03Z,2015-01-21T09:05:03Z,,https://www.benzinga.com/node/5163273,
5163339,EBAY,"Earnings Scheduled For January 21, 2015",,Benzinga,2015-01-21T09:51:58Z,2015-01-21T09:51:58Z,,https://www.benzinga.com/node/5163339,
5163389,EBAY,"Earning & Economic Calendar for Wednesday January 21, 2015",,Benzinga,2015-01-21T10:18:53Z,2015-01-21T10:21:12Z,,https://www.benzinga.com/node/5163389,
5165171,EA,"Stifel Slightly Increases Estimates For Electronic Arts, Maintains Buy",,Benzinga,2015-01-21T16:33:22Z,2015-01-21T16:33:22Z,,https://www.benzinga.com/node/5165171,
5165294,EBAY,Expectations From eBay's Results,,Benzinga,2015-01-21T18:25:21Z,2015-01-21T18:25:21Z,,https://www.benzinga.com/node/5165294,
5165772,EBAY,eBay Q4 Earnings Preview,,Benzinga,2015-01-21T18:57:16Z,2015-01-21T18:57:16Z,,https://www.benzinga.com/node/5165772,
5166218,EGBN,Eagle Bancorp Reports Q4 EPS of $0.49 vs $0.50 Est,,Benzinga,2015-01-21T20:58:47Z,2015-01-21T20:58:47Z,,https://www.benzinga.com/node/5166218,
5166219,EGBN,Eagle Bancorp Reports Q4 Operating EPS of $0.56 vs $0.50 Est,,Benzinga,2015-01-21T20:59:35Z,2015-01-21T20:59:36Z,,https://www.benzinga.com/node/5166219,
5166378,EBAY,eBay Reports Q4 EPS of $0.90 vs $0.89 Est; Revenue of $4.92B vs $4.94B Est,,Benzinga,2015-01-21T21:15:39Z,2015-01-21T21:15:40Z,,https://www.benzinga.com/node/5166378,
5166393,EBAY,eBay Sees Q1 EPS $0.68-0.71 vs $0.76 Est; Sees Sales $4.35B-4.45B vs $4.71B Est,,Benzinga,2015-01-21T21:16:33Z,2015-01-21T21:16:33Z,,https://www.benzinga.com/node/5166393,
5166394,EBAY,eBay Reports Standstill Pact with Carl Icahn,,Benzinga,2015-01-21T21:16:47Z,2015-01-21T21:16:47Z,,https://www.benzinga.com/node/5166394,
5166396,EBAY,"UPDATE: eBay Standstill Pact Includes Naming Carl Icahn to Board; Co. Will Explore Strategic Options for eBay Enterprise, Including Sale or IPO",,Benzinga,2015-01-21T21:17:29Z,2015-01-21T21:17:29Z,,https://www.benzinga.com/node/5166396,
5166404,EBAY,UPDATE: eBay Q4 Enterprise Gross Merchandise Sales Up 9%,,Benzinga,2015-01-21T21:19:42Z,2015-01-21T21:19:42Z,,https://www.benzinga.com/node/5166404,
5166405,EBAY,UPDATE: eBay Q4 Marketplaces Gross Merchandise Volume Up 2%,,Benzinga,2015-01-21T21:20:01Z,2015-01-21T21:20:01Z,,https://www.benzinga.com/node/5166405,
5166428,EBAY,UPDATE: eBay Q4 Payments Net Total Payment Volume Up 24%,,Benzinga,2015-01-21T21:20:41Z,2015-01-21T21:20:41Z,,https://www.benzinga.com/node/5166428,
5166464,EBAY,eBay Appoints Perry Traquina and Frank Yeary To Its Board Of Directors,,Benzinga,2015-01-21T21:28:32Z,2015-01-21T21:28:32Z,,https://www.benzinga.com/node/5166464,
5166466,EBAY,eBay Announces Added $2B Buyback Plan,,Benzinga,2015-01-21T21:29:50Z,2015-01-21T21:29:50Z,,https://www.benzinga.com/node/5166466,
5166512,EBAY,Carl Icahn @Carl_C_Icahn Tweet: See our comments re $EBAY agreement on shareholderssquaretable.com/carl-icahn-on-…. It's a good day for corporate governance #corpgov,,Benzinga,2015-01-21T21:32:45Z,2015-01-21T21:32:58Z,,https://www.benzinga.com/node/5166512,
5166521,EBAY,"eBay Beats Q4 EPS, 2015 Outlook Includes 2400 Job Cuts",,Benzinga,2015-01-21T21:43:04Z,2015-01-21T21:43:04Z,,https://www.benzinga.com/node/5166521,
5166738,EBAY,After Market Movers,,Benzinga,2015-01-21T22:26:51Z,2015-01-21T22:26:51Z,,https://www.benzinga.com/node/5166738,
5166818,EBAY,"From Conf Call: Ebay Says Job Cuts to Be Heavier in Marketplace Division, Lighter in Paypal",,Benzinga,2015-01-21T22:44:29Z,2015-01-21T22:44:29Z,,https://www.benzinga.com/node/5166818,
5165356,ESPR,"Bank of America Upgrades Esperion Therapeutics to Buy, Raises PT to $60.00",,Benzinga,2015-01-21T16:43:13Z,2015-01-21T16:43:14Z,,https://www.benzinga.com/node/5165356,
5163339,EWBC,"Earnings Scheduled For January 21, 2015",,Benzinga,2015-01-21T09:51:58Z,2015-01-21T09:51:58Z,,https://www.benzinga.com/node/5163339,
5163583,FANG,Diamondback Energy Launches 1.5M Share Common Stock Offering,,Benzinga,2015-01-21T11:35:33Z,2015-01-21T11:35:33Z,,https://www.benzinga.com/node/5163583,
5163680,FANG,US Stock Futures Slip Ahead Of Housing-Starts Data,,Benzinga,2015-01-21T12:07:49Z,2015-01-21T12:07:49Z,,https://www.benzinga.com/node/5163680,
5164391,FCCO,First Community Reports Q4 EPS of $0.22 vs $0.23 Est; Raises Qtr. Dividend from $0.06 to $0.07/Share,,Benzinga,2015-01-21T14:02:26Z,2015-01-21T14:02:27Z,,https://www.benzinga.com/node/5164391,
5163346,EXPE,ECB Easing Could Strengthen Headwinds For US Firms,,Benzinga,2015-01-21T16:23:43Z,2015-01-21T16:23:43Z,,https://www.benzinga.com/node/5163346,
5166822,EWBC,East West Bancorp Increases Qtr. Dividend from $0.18 to $0.20/share,,Benzinga,2015-01-21T22:49:18Z,2015-01-21T22:49:18Z,,https://www.benzinga.com/node/5166822,
5163273,FITB,"Keep an Eye on These 10 Stocks for January 21, 2015",,Benzinga,2015-01-21T09:05:03Z,2015-01-21T09:05:03Z,,https://www.benzinga.com/node/5163273,
5163323,FIVN,Top 4 Small-Cap Stocks In The Application Software Industry With The Highest ROI,,Benzinga,2015-01-21T09:38:02Z,2015-01-21T09:38:02Z,,https://www.benzinga.com/node/5163323,
5163339,FFIV,"Earnings Scheduled For January 21, 2015",,Benzinga,2015-01-21T09:51:58Z,2015-01-21T09:51:58Z,,https://www.benzinga.com/node/5163339,
5163339,FITB,"Earnings Scheduled For January 21, 2015",,Benzinga,2015-01-21T09:51:58Z,2015-01-21T09:51:58Z,,https://www.benzinga.com/node/5163339,
5163389,FFIV,"Earning & Economic Calendar for Wednesday January 21, 2015",,Benzinga,2015-01-21T10:18:53Z,2015-01-21T10:21:12Z,,https://www.benzinga.com/node/5163389,
5163572,FITB,Fifth Third Bancorp Reports Q4 EPS of $0.43 vs $0.42 Est,,Benzinga,2015-01-21T11:30:43Z,2015-01-21T11:30:43Z,,https://www.benzinga.com/node/5163572,
5163778,FITB,UPDATE: Fifth Third Bancorp Q4 Earnings Beat Views,,Benzinga,2015-01-21T12:31:42Z,2015-01-21T12:31:42Z,,https://www.benzinga.com/node/5163778,
5164422,FISV,BillMatrix Payments from Fiserv Enables Visa Card Payments for Con Edison Customers,,Benzinga,2015-01-21T14:04:57Z,2015-01-21T14:04:57Z,,https://www.benzinga.com/node/5164422,
5165957,FFIV,F5 Networks Q1 Earnings Preview,,Benzinga,2015-01-21T19:49:03Z,2015-01-21T19:49:03Z,,https://www.benzinga.com/node/5165957,
5166297,FFIV,F5 Networks Reports Q1 EPS of $1.55 vs $1.49 Est; Revenue of $462.80M vs $467.25M Est.  $750M Buyback Plan,,Benzinga,2015-01-21T21:05:48Z,2015-01-21T21:05:49Z,,https://www.benzinga.com/node/5166297,
5166324,FFIV,F5 Networks Sees Q2 EPS $1.48-1.51 vs $1.53 Est; Sees Sales $465.0M-475.0M vs $478.90M Est,,Benzinga,2015-01-21T21:07:56Z,2015-01-21T21:07:56Z,,https://www.benzinga.com/node/5166324,
5166444,FFIV,F5 Networks Shares Down ~13% Following EPS,,Benzinga,2015-01-21T21:21:55Z,2015-01-21T21:21:55Z,,https://www.benzinga.com/node/5166444,
5166527,FFIV,"From F5 Networks Q1 Earnings Conference Call: Expecting Q2 Adj. Gross Margin in 83.5-84% Range, GAAP Gross Margin 82-82.5%",,Benzinga,2015-01-21T21:40:07Z,2015-01-21T21:40:07Z,,https://www.benzinga.com/node/5166527,
5166696,FFIV,F5 Networks Disappoints On Q1 Revenue And Q2 Outlook,,Benzinga,2015-01-21T22:18:22Z,2015-01-21T22:18:23Z,,https://www.benzinga.com/node/5166696,
5166738,FFIV,After Market Movers,,Benzinga,2015-01-21T22:26:51Z,2015-01-21T22:26:51Z,,https://www.benzinga.com/node/5166738,
5162719,FOXA,"Dish Network Receives Favorable Ruling vs Twenty-first Century Fox, Regarding Fox's Copyright Claims Over Hopper, Primetime Anytime -Reuters",,Benzinga,2015-01-21T00:08:56Z,2015-01-21T00:08:56Z,,https://www.benzinga.com/node/5162719,
5166890,FOLD,Jim Cramer Interviews Amicus Therapeutics CEO John F. Crowley on Mad Money,,Benzinga,2015-01-21T23:20:14Z,2015-01-21T23:20:14Z,,https://www.benzinga.com/node/5166890,
5166909,FOLD,Amicus Therapeutics CEO Crowley Says Want to Develop a Pill for Fabry Disease that Can be Taken Every Other Day,,Benzinga,2015-01-21T23:22:36Z,2015-01-21T23:22:36Z,,https://www.benzinga.com/node/5166909,
5162829,GOOGL,"Benzinga's M&A Chatter for Tuesday January 20, 2015",,Benzinga,2015-01-21T01:02:06Z,2015-01-21T01:04:16Z,,https://www.benzinga.com/node/5162829,
5163521,GLNG,"Nordea Equity Research Upgrades Golar LNG to Buy, Raises PT to $37.00",,Benzinga,2015-01-21T11:15:39Z,2015-01-21T11:15:40Z,,https://www.benzinga.com/node/5163521,
5164981,GPRO,"Top Performing Industries For January 21, 2015",,Benzinga,2015-01-21T15:31:27Z,2015-01-21T15:31:27Z,,https://www.benzinga.com/node/5164981,
5162533,GPRO,Alphatrends Founder On How Apple May Plummet Below $105 **HOLD FOR VID,,Benzinga,2015-01-21T16:52:55Z,2015-01-21T16:54:35Z,,https://www.benzinga.com/node/5162533,
5165852,GOOG,Himax Shares Spike Higher,,Benzinga,2015-01-21T19:04:02Z,2015-01-21T19:04:02Z,,https://www.benzinga.com/node/5165852,
5165860,GOOG,Microsoft Announces Windows Holographic with HoloLens Headset -The Verge,,Benzinga,2015-01-21T19:08:30Z,2015-01-21T19:08:30Z,,https://www.benzinga.com/node/5165860,
5165710,GOOG,The Secret To Apple's Ongoing Success,,Benzinga,2015-01-21T19:33:39Z,2015-01-21T19:33:40Z,,https://www.benzinga.com/node/5165710,
5166124,GOOG,Quantum Trading  Strategies CIO: Chances Of LG-BlackBerry Buyout Is 20% Or Lower,,Benzinga,2015-01-21T20:30:16Z,2015-01-21T20:33:55Z,,https://www.benzinga.com/node/5166124,
5166189,GOOG,"Bloomberg Reporting: Google, Viacom Win Dismissal Of Lawsuit Over Privacy of Kids",,Benzinga,2015-01-21T20:44:56Z,2015-01-21T20:44:56Z,,https://www.benzinga.com/node/5166189,
5166193,GOOG,Google's Could Become Wireless Carrier -The Information,,Benzinga,2015-01-21T20:47:06Z,2015-01-21T20:47:06Z,,https://www.benzinga.com/node/5166193,
5166193,GOOGL,Google's Could Become Wireless Carrier -The Information,,Benzinga,2015-01-21T20:47:06Z,2015-01-21T20:47:06Z,,https://www.benzinga.com/node/5166193,
5166401,GILD,Deutsche Bank Comments On Concerns Over Consensus Estimates For AbbVie And Gilead Sciences,,Benzinga,2015-01-21T21:27:04Z,2015-01-21T21:27:04Z,,https://www.benzinga.com/node/5166401,
5163332,HIHO,Top 4 NASDAQ Stocks In The Metal Fabrication Industry With The Highest Gross Margin,,Benzinga,2015-01-21T09:43:46Z,2015-01-21T09:43:46Z,,https://www.benzinga.com/node/5163332,
5165852,HIMX,Himax Shares Spike Higher,,Benzinga,2015-01-21T19:04:02Z,2015-01-21T19:04:02Z,,https://www.benzinga.com/node/5165852,
5165860,HIMX,Microsoft Announces Windows Holographic with HoloLens Headset -The Verge,,Benzinga,2015-01-21T19:08:30Z,2015-01-21T19:08:30Z,,https://www.benzinga.com/node/5165860,
5163586,ILMN,Illumina Announces Launch of MiSeq FGx Forensic Genomics System,,Benzinga,2015-01-21T11:36:11Z,2015-01-21T11:36:11Z,,https://www.benzinga.com/node/5163586,
5164224,IBKR,Morning Movers,,Benzinga,2015-01-21T13:55:00Z,2015-01-21T13:55:00Z,,https://www.benzinga.com/node/5164224,
5164577,IEP,5 Conglomerates Stocks With The Highest EPS Growth Forecast For Current Year,,Benzinga,2015-01-21T14:25:26Z,2015-01-21T14:25:26Z,,https://www.benzinga.com/node/5164577,
5166322,ICFI,ICF International Awarded $16M Contract,,Benzinga,2015-01-21T21:07:34Z,2015-01-21T21:07:34Z,,https://www.benzinga.com/node/5166322,
5166506,ISSC,Innovative Solutions Reports Q1 EPS of $0.03; Revenue of $6.724M,,Benzinga,2015-01-21T21:31:46Z,2015-01-21T21:31:46Z,,https://www.benzinga.com/node/5166506,
5165381,KTWO,K2M Receives FDA 510(k) Clearance for the Next Generation of Its Innovative Complex Spine MESA(R) Technology,,Benzinga,2015-01-21T16:54:50Z,2015-01-21T16:54:50Z,,https://www.benzinga.com/node/5165381,
5164881,LAKE,UN's David Nabarro Cites Need for $1B to Fight Ebola -Reuters,,Benzinga,2015-01-21T15:06:20Z,2015-01-21T15:06:20Z,,https://www.benzinga.com/node/5164881,
5165148,LAKE,"Lakeland Industries CFO Pokrassa Buys 6,114 Shares @$13.65/Share -Form 4",,Benzinga,2015-01-21T16:07:04Z,2015-01-21T16:07:04Z,,https://www.benzinga.com/node/5165148,
5161735,LULU,MLV & Co Reports On Mall Retailer Trends & Sentiment - Exclusive TSI Rankings,,Benzinga,2015-01-21T01:47:54Z,2015-01-21T01:52:04Z,,https://www.benzinga.com/node/5161735,
5163339,LOGI,"Earnings Scheduled For January 21, 2015",,Benzinga,2015-01-21T09:51:58Z,2015-01-21T09:51:58Z,,https://www.benzinga.com/node/5163339,
5166515,LINE,"Linn Energy CFO Rockov Sells 230,900 Shares @$9.46/Share -Form 4",,Benzinga,2015-01-21T21:34:34Z,2015-01-21T21:34:34Z,,https://www.benzinga.com/node/5166515,
5163543,MBLY,Mobileye Files for Secondary Public Offering,,Benzinga,2015-01-21T11:21:58Z,2015-01-21T11:21:58Z,,https://www.benzinga.com/node/5163543,
5163546,MBLY,UPDATE: Mobileye Files for Common Stock Offering of Up to $500M,,Benzinga,2015-01-21T11:23:30Z,2015-01-21T11:23:30Z,,https://www.benzinga.com/node/5163546,
5164244,MBLY,Morgan Stanley Says Mobile Eye Could Benefit From $2 Per Gallon Gas,,Benzinga,2015-01-21T13:59:28Z,2015-01-21T13:59:28Z,,https://www.benzinga.com/node/5164244,
5165387,MAT,Option Alert: Mattel Feb $26 Put; 20698 Contracts Traded vs 3547 OI; Currently $27.57,,Benzinga,2015-01-21T16:57:07Z,2015-01-21T16:57:07Z,,https://www.benzinga.com/node/5165387,
5163510,MPG,Metaldyne Performance Group Initiated by 3 Analysts,,Benzinga,2015-01-21T11:10:35Z,2015-01-21T11:10:35Z,,https://www.benzinga.com/node/5163510,
5163515,MPG,"Goldman Sachs Initiates Coverage on Metaldyne Performance Gr at Buy, Announces $23.00 PT",,Benzinga,2015-01-21T11:11:58Z,2015-01-21T11:11:59Z,,https://www.benzinga.com/node/5163515,
5162690,MSFT,Dan Nathan Sees Unusal Options Activity In Microsoft Corporation,,Benzinga,2015-01-21T11:49:29Z,2015-01-21T11:49:29Z,,https://www.benzinga.com/node/5162690,
5164035,MPG,Metaldyne Performance Group initiated Buy at Deutsche Bank,,Benzinga,2015-01-21T13:17:51Z,2015-01-21T13:17:51Z,,https://www.benzinga.com/node/5164035,
5164488,MPG,Benzinga's Top Initiations,,Benzinga,2015-01-21T14:14:52Z,2015-01-21T14:14:52Z,,https://www.benzinga.com/node/5164488,
5164627,MPG,Goldman Sachs Initiates Metaldyne Performance Group With Buy,,Benzinga,2015-01-21T14:33:14Z,2015-01-21T14:33:14Z,,https://www.benzinga.com/node/5164627,
5165046,MSFT,Microsoft Windows 10 Briefing To Begin At 12pm ET,,Benzinga,2015-01-21T15:44:50Z,2015-01-21T15:44:50Z,,https://www.benzinga.com/node/5165046,
5165465,MSFT,Microsoft Says It Will Show Expanded Device Family Today,,Benzinga,2015-01-21T17:08:54Z,2015-01-21T17:08:55Z,,https://www.benzinga.com/node/5165465,
5165666,MSFT,Microsoft Says They Are Building a New Browser Allowing Touch Innovations,,Benzinga,2015-01-21T18:05:41Z,2015-01-21T18:05:41Z,,https://www.benzinga.com/node/5165666,
5165852,MSFT,Himax Shares Spike Higher,,Benzinga,2015-01-21T19:04:02Z,2015-01-21T19:04:02Z,,https://www.benzinga.com/node/5165852,
5165860,MSFT,Microsoft Announces Windows Holographic with HoloLens Headset -The Verge,,Benzinga,2015-01-21T19:08:30Z,2015-01-21T19:08:30Z,,https://www.benzinga.com/node/5165860,
5165710,MSFT,The Secret To Apple's Ongoing Success,,Benzinga,2015-01-21T19:33:39Z,2015-01-21T19:33:40Z,,https://www.benzinga.com/node/5165710,
5166124,MSFT,Quantum Trading  Strategies CIO: Chances Of LG-BlackBerry Buyout Is 20% Or Lower,,Benzinga,2015-01-21T20:30:16Z,2015-01-21T20:33:55Z,,https://www.benzinga.com/node/5166124,
5165712,MPG,Wall Street Bullish On Metaldyne Performance Group As Quiet Period Expires,,Benzinga,2015-01-21T20:48:11Z,2015-01-21T20:48:11Z,,https://www.benzinga.com/node/5165712,
5166214,MSFT,Microsoft Introduces Gesture-Controlled Holographic Headset Technology,,Benzinga,2015-01-21T20:58:28Z,2015-01-21T20:58:29Z,,https://www.benzinga.com/node/5166214,
5163273,NFLX,"Keep an Eye on These 10 Stocks for January 21, 2015",,Benzinga,2015-01-21T09:05:03Z,2015-01-21T09:05:03Z,,https://www.benzinga.com/node/5163273,
5163331,NFLX,"Morgan Stanley Maintains Overweight on Netflix, Raises PT to $450.00",,Benzinga,2015-01-21T09:43:08Z,2015-01-21T09:43:09Z,,https://www.benzinga.com/node/5163331,
5163339,NAVI,"Earnings Scheduled For January 21, 2015",,Benzinga,2015-01-21T09:51:58Z,2015-01-21T09:51:58Z,,https://www.benzinga.com/node/5163339,
5163545,NFLX,Nomura Upgrades Netflix to Buy,,Benzinga,2015-01-21T11:23:28Z,2015-01-21T11:23:29Z,,https://www.benzinga.com/node/5163545,
5163680,NFLX,US Stock Futures Slip Ahead Of Housing-Starts Data,,Benzinga,2015-01-21T12:07:49Z,2015-01-21T12:07:49Z,,https://www.benzinga.com/node/5163680,
5163721,NFLX,"Netflix Shares Rise 16% on Strong Earnings, Guidance",,Benzinga,2015-01-21T12:10:40Z,2015-01-21T12:10:40Z,,https://www.benzinga.com/node/5163721,
5163723,NFLX,"Stifel Nicolaus Maintains Buy on Netflix, Raises PT to $500.00",,Benzinga,2015-01-21T12:12:00Z,2015-01-21T12:12:01Z,,https://www.benzinga.com/node/5163723,
5163841,NFLX,Morgan Stanley Maintains Netflix As 'Top Pick' Following Q4 Print,,Benzinga,2015-01-21T13:03:24Z,2015-01-21T13:03:24Z,,https://www.benzinga.com/node/5163841,
5164043,NFLX,Benzinga's Top #PreMarket Gainers,,Benzinga,2015-01-21T13:15:53Z,2015-01-21T13:15:53Z,,https://www.benzinga.com/node/5164043,
5164177,NFLX,"Credit Suisse Cuts Price Target On Netflix, Says 'Street Models Could Be Wrong'",,Benzinga,2015-01-21T13:46:25Z,2015-01-21T13:46:25Z,,https://www.benzinga.com/node/5164177,
5164224,NFLX,Morning Movers,,Benzinga,2015-01-21T13:55:00Z,2015-01-21T13:55:00Z,,https://www.benzinga.com/node/5164224,
5164711,NFLX,Morning Market Gainers,,Benzinga,2015-01-21T14:44:30Z,2015-01-21T14:44:30Z,,https://www.benzinga.com/node/5164711,
5164959,NFLX,Benzinga's Volume Movers,,Benzinga,2015-01-21T15:24:08Z,2015-01-21T15:24:08Z,,https://www.benzinga.com/node/5164959,
5164706,NFLX,Mark Cuban's Netflix Trade: Down 6.5%,,Benzinga,2015-01-21T15:18:24Z,2015-01-21T15:25:18Z,,https://www.benzinga.com/node/5164706,
5164981,NFLX,"Top Performing Industries For January 21, 2015",,Benzinga,2015-01-21T15:31:27Z,2015-01-21T15:31:27Z,,https://www.benzinga.com/node/5164981,
5164921,NFLX,"UPDATE: SunTrust Robinson Humphrey Reiterates Neutral Rating, Raises PT on Netflix on Solid 4Q Report and Guide",,Benzinga,2015-01-21T15:36:14Z,2015-01-21T15:36:14Z,,https://www.benzinga.com/node/5164921,
5164915,NFLX,Mid-Morning Market Update: Markets Mixed; UnitedHealth Profit Tops Expectations,,Benzinga,2015-01-21T15:42:09Z,2015-01-21T15:42:09Z,,https://www.benzinga.com/node/5164915,
5165379,NFLX,"Stifel Boosts Netflix Price Target To $500; Says ""Bull Case Playing Out (Again)""",,Benzinga,2015-01-21T17:17:30Z,2015-01-21T17:17:30Z,,https://www.benzinga.com/node/5165379,
5165620,NFLX,Mid-Day Market Update: US Stocks Surge; Netflix Shares Jump On Upbeat Earnings,,Benzinga,2015-01-21T17:53:26Z,2015-01-21T17:53:27Z,,https://www.benzinga.com/node/5165620,
5165068,NFLX,Cramer: Netflix's Growth Is Oppsite Of Amazon's Growth,,Benzinga,2015-01-21T18:14:10Z,2015-01-21T18:14:10Z,,https://www.benzinga.com/node/5165068,
5166058,NFLX,Mid-Afternoon Market Update: Alnylam Pharmaceuticals Drops Following Equity Offering; Insperity Shares Spike Higher,,Benzinga,2015-01-21T20:10:14Z,2015-01-21T20:10:14Z,,https://www.benzinga.com/node/5166058,
5165491,NFLX,This Analyst Thinks Netflix's Success Is Directly Attributable To Reluctance Of 'Traditional Media Companies' To Change,,Benzinga,2015-01-21T20:35:49Z,2015-01-21T20:35:49Z,,https://www.benzinga.com/node/5165491,
5166194,NFLX,Analysts Boost Target On Netflix Inc.; Co. Sees FY17 Profits,,Benzinga,2015-01-21T20:56:46Z,2015-01-21T20:56:47Z,,https://www.benzinga.com/node/5166194,
5166446,NAVI,Navient Reports Q4 EPS of $0.53,,Benzinga,2015-01-21T21:22:23Z,2015-01-21T21:22:23Z,,https://www.benzinga.com/node/5166446,
5166503,NERV,Minerva Neurosciences Reports Positive Phase 1 Data With MIN-202,,Benzinga,2015-01-21T21:31:09Z,2015-01-21T21:31:10Z,,https://www.benzinga.com/node/5166503,
5166738,NERV,After Market Movers,,Benzinga,2015-01-21T22:26:51Z,2015-01-21T22:26:51Z,,https://www.benzinga.com/node/5166738,
5163339,NTRS,"Earnings Scheduled For January 21, 2015",,Benzinga,2015-01-21T09:51:58Z,2015-01-21T09:51:58Z,,https://www.benzinga.com/node/5163339,
5163756,NTRS,Northern Trust Reports Q4 EPS of $0.94 vs $0.81 Est; Revenue of $1.13B vs $1.10B Est,,Benzinga,2015-01-21T12:30:29Z,2015-01-21T12:30:30Z,,https://www.benzinga.com/node/5163756,
5164179,NTRS,UPDATE: Northern Trust Q4 Earnings Top Estimates,,Benzinga,2015-01-21T13:42:39Z,2015-01-21T13:42:39Z,,https://www.benzinga.com/node/5164179,
5164711,NTRS,Morning Market Gainers,,Benzinga,2015-01-21T14:44:30Z,2015-01-21T14:44:30Z,,https://www.benzinga.com/node/5164711,
5165008,NTRS,Credit Suisse Upgrades Northern Trust to Neutral,,Benzinga,2015-01-21T15:40:35Z,2015-01-21T15:40:35Z,,https://www.benzinga.com/node/5165008,
5164915,NTRS,Mid-Morning Market Update: Markets Mixed; UnitedHealth Profit Tops Expectations,,Benzinga,2015-01-21T15:42:09Z,2015-01-21T15:42:09Z,,https://www.benzinga.com/node/5164915,
5165620,NTRS,Mid-Day Market Update: US Stocks Surge; Netflix Shares Jump On Upbeat Earnings,,Benzinga,2015-01-21T17:53:26Z,2015-01-21T17:53:27Z,,https://www.benzinga.com/node/5165620,
5166333,NVEC,NVE Reports Q3 EPS of $0.57; Revenue of $6.29M,,Benzinga,2015-01-21T21:08:56Z,2015-01-21T21:08:57Z,,https://www.benzinga.com/node/5166333,
5166339,NSPR,InspireMD Announces Notification of NYSE MKT Listing Deficiency,,Benzinga,2015-01-21T21:09:54Z,2015-01-21T21:09:54Z,,https://www.benzinga.com/node/5166339,
5163979,OCUL,Ocular Therapeutix Enrolls First Patient in Phase 2 Clinical Trial for Sustained Release Dexamethasone,,Benzinga,2015-01-21T13:03:13Z,2015-01-21T13:03:13Z,,https://www.benzinga.com/node/5163979,
5164138,OESX,Orion Energy Systems Granted US Patent For LED Door Retrofit Assemblies,,Benzinga,2015-01-21T13:32:24Z,2015-01-21T13:32:24Z,,https://www.benzinga.com/node/5164138,
5164255,NXST,Nexstar Broadcasting Announces $250M Offering of Senior Notes,,Benzinga,2015-01-21T13:57:43Z,2015-01-21T13:57:43Z,,https://www.benzinga.com/node/5164255,
5166213,NXST,"Nexstar Broadcasting Announces Upsizing, Pricing of $275M Offering of Senior Notes",,Benzinga,2015-01-21T20:54:01Z,2015-01-21T20:54:01Z,,https://www.benzinga.com/node/5166213,
5166328,OLED,"Universal Display, Sumitomo Chemical Sign Technology License Agreement",,Benzinga,2015-01-21T21:08:18Z,2015-01-21T21:08:18Z,,https://www.benzinga.com/node/5166328,
5164608,OPK,"Opko Health Chairman Frost Buys 45,000 Shares @$10.11/Share -Form 4",,Benzinga,2015-01-21T14:30:38Z,2015-01-21T14:30:38Z,,https://www.benzinga.com/node/5164608,
5166261,ORRF,Orrstown Financial Reports Q4 EPS of $2.36,,Benzinga,2015-01-21T21:01:35Z,2015-01-21T21:01:36Z,,https://www.benzinga.com/node/5166261,
5163317,PEP,Top 4 NYSE Stocks In The Beverages-Soft Drinks Industry With The Lowest PEG Ratio,,Benzinga,2015-01-21T09:31:11Z,2015-01-21T09:31:11Z,,https://www.benzinga.com/node/5163317,
5164139,PESI,Perma-Fix Medical Project Awarded $2.7M Grant,,Benzinga,2015-01-21T13:32:53Z,2015-01-21T13:32:53Z,,https://www.benzinga.com/node/5164139,
5163339,PLXS,"Earnings Scheduled For January 21, 2015",,Benzinga,2015-01-21T09:51:58Z,2015-01-21T09:51:58Z,,https://www.benzinga.com/node/5163339,
5166269,PLXS,"Plexus Reports Q1 EPS of $0.72, Inline; Revenue of $648.60M vs $648.11M Est",,Benzinga,2015-01-21T21:01:57Z,2015-01-21T21:01:58Z,,https://www.benzinga.com/node/5166269,
5166739,PLXS,Plexus Reports Q1 EPS Inline With Expectations,,Benzinga,2015-01-21T22:30:32Z,2015-01-21T22:30:32Z,,https://www.benzinga.com/node/5166739,
5163524,QCOM,"Samsung Drops Qualcomm Chip from Next Galaxy Smartphone, According to Sources -Bloomberg",,Benzinga,2015-01-21T11:16:57Z,2015-01-21T11:16:57Z,,https://www.benzinga.com/node/5163524,
5163558,QCOM,Qualcomm Shares Fall 6% Premarket on Report Samsung Drops Qualcomm Chip from New Galaxy S Phone,,Benzinga,2015-01-21T11:29:50Z,2015-01-21T11:29:51Z,,https://www.benzinga.com/node/5163558,
5164078,QCOM,Benzinga's Top #PreMarket Losers,,Benzinga,2015-01-21T13:23:01Z,2015-01-21T13:23:01Z,,https://www.benzinga.com/node/5164078,
5164224,QCOM,Morning Movers,,Benzinga,2015-01-21T13:55:00Z,2015-01-21T13:55:00Z,,https://www.benzinga.com/node/5164224,
5164484,QCOM,"Samsung Dropping Qualcomm's Chip, Stock Down 2% in #Premarket",,Benzinga,2015-01-21T14:37:25Z,2015-01-21T14:37:25Z,,https://www.benzinga.com/node/5164484,
5164747,QCOM,Morning Market Losers,,Benzinga,2015-01-21T14:55:38Z,2015-01-21T14:55:38Z,,https://www.benzinga.com/node/5164747,
5164713,QCOM,Wednesday Premarket Mover Social Media Stocks,,Benzinga,2015-01-21T15:49:15Z,2015-01-21T15:49:15Z,,https://www.benzinga.com/node/5164713,
5165494,QCOM,Option Alert: Qualcomm Apr $72.5 Call; 2464 Contract Trade at Ask @$3.35; Currently $72.19,,Benzinga,2015-01-21T17:19:15Z,2015-01-21T17:19:15Z,,https://www.benzinga.com/node/5165494,
5163671,RGEN,Repligen Names Tony Hunt as CEO,,Benzinga,2015-01-21T12:03:55Z,2015-01-21T12:03:55Z,,https://www.benzinga.com/node/5163671,
5164147,RFIL,RF Industries Acquires Comnet Telecom Supply For $4.15M,,Benzinga,2015-01-21T13:35:01Z,2015-01-21T13:35:02Z,,https://www.benzinga.com/node/5164147,
5165616,RGP,Credit Suisse Lowers Price Targets For These 8 MLPs,,Benzinga,2015-01-21T19:22:10Z,2015-01-21T19:22:10Z,,https://www.benzinga.com/node/5165616,
5163604,SAIA,BB&amp;T Capital Downgrades Saia to Hold,,Benzinga,2015-01-21T11:45:00Z,2015-01-21T11:45:00Z,,https://www.benzinga.com/node/5163604,
5155633,RYAAY,Goodbody: Ireland Once Again Europe's Top Performing Economy In 2015,,Benzinga,2015-01-21T11:59:39Z,2015-01-21T11:59:39Z,,https://www.benzinga.com/node/5155633,
5163343,RNA,State Of The Union Lights Up Biotech,,Benzinga,2015-01-21T11:25:51Z,2015-01-21T16:05:50Z,,https://www.benzinga.com/node/5163343,
5161735,SBUX,MLV & Co Reports On Mall Retailer Trends & Sentiment - Exclusive TSI Rankings,,Benzinga,2015-01-21T01:47:54Z,2015-01-21T01:52:04Z,,https://www.benzinga.com/node/5161735,
5163339,SLM,"Earnings Scheduled For January 21, 2015",,Benzinga,2015-01-21T09:51:58Z,2015-01-21T09:51:58Z,,https://www.benzinga.com/node/5163339,
5166519,SLM,SLM Sees FY2015 EPS $0.48-0.50 vs $0.62 Est,,Benzinga,2015-01-21T21:35:55Z,2015-01-21T21:35:56Z,,https://www.benzinga.com/node/5166519,
5166738,SLM,After Market Movers,,Benzinga,2015-01-21T22:26:51Z,2015-01-21T22:26:51Z,,https://www.benzinga.com/node/5166738,
5163273,SNDK,"Keep an Eye on These 10 Stocks for January 21, 2015",,Benzinga,2015-01-21T09:05:03Z,2015-01-21T09:05:03Z,,https://www.benzinga.com/node/5163273,
5163339,SNDK,"Earnings Scheduled For January 21, 2015",,Benzinga,2015-01-21T09:51:58Z,2015-01-21T09:51:58Z,,https://www.benzinga.com/node/5163339,
5164911,SPCB,"SuperCom Reports Prelim. FY2015 EPS Over $1.20 vs $1.14 Est, Sales Growth Exceeding 40%",,Benzinga,2015-01-21T15:14:16Z,2015-01-21T15:14:17Z,,https://www.benzinga.com/node/5164911,
5165972,SNDK,SanDisk Corporation To Post Results On Disappointing Sales,,Benzinga,2015-01-21T19:54:03Z,2015-01-21T19:54:03Z,,https://www.benzinga.com/node/5165972,
5166287,SNDK,SanDisk Reports Q4 EPS of $1.30 vs $1.28 Est; Revenue of $1.74B vs $1.73B Est,,Benzinga,2015-01-21T21:05:24Z,2015-01-21T21:05:25Z,,https://www.benzinga.com/node/5166287,
5166310,SNDK,SanDisk Expands Stock Repurchase Program by $2.5B,,Benzinga,2015-01-21T21:06:25Z,2015-01-21T21:06:25Z,,https://www.benzinga.com/node/5166310,
5166523,SNDK,"SanDisk Corp Beats Net Views, Boosts Buyback Program",,Benzinga,2015-01-21T21:49:44Z,2015-01-21T21:49:44Z,,https://www.benzinga.com/node/5166523,
5166738,SNDK,After Market Movers,,Benzinga,2015-01-21T22:26:51Z,2015-01-21T22:26:51Z,,https://www.benzinga.com/node/5166738,
5163666,SUNE,"SunEdison, Terraform Power Report Securing of Financing with Santander, Bayerische Landesbank for Building of 85.2MW of Solar Power in UK",,Benzinga,2015-01-21T12:02:18Z,2015-01-21T12:02:18Z,,https://www.benzinga.com/node/5163666,
5163779,SUNE,SunEdison Becomes Exclusive Solar Supplier To SPURR Members,,Benzinga,2015-01-21T12:32:06Z,2015-01-21T12:32:06Z,,https://www.benzinga.com/node/5163779,
5163339,TCBI,"Earnings Scheduled For January 21, 2015",,Benzinga,2015-01-21T09:51:58Z,2015-01-21T09:51:58Z,,https://www.benzinga.com/node/5163339,
5164395,TMUS,"MetroPCS Serves Up Unlimited 4G LTE for an Unheard of $50, period.",,Benzinga,2015-01-21T14:02:57Z,2015-01-21T14:02:57Z,,https://www.benzinga.com/node/5164395,
5166193,TMUS,Google's Could Become Wireless Carrier -The Information,,Benzinga,2015-01-21T20:47:06Z,2015-01-21T20:47:06Z,,https://www.benzinga.com/node/5166193,
5166276,TRST,Trustco Bank N Reports Q4 EPS of $11.20,,Benzinga,2015-01-21T21:02:37Z,2015-01-21T21:02:38Z,,https://www.benzinga.com/node/5166276,
5162817,UAL,Fast Money Traders Debate On Airlines,,Benzinga,2015-01-21T01:38:04Z,2015-01-21T01:38:04Z,,https://www.benzinga.com/node/5162817,
5161735,TSLA,MLV & Co Reports On Mall Retailer Trends & Sentiment - Exclusive TSI Rankings,,Benzinga,2015-01-21T01:47:54Z,2015-01-21T01:52:04Z,,https://www.benzinga.com/node/5161735,
5162656,UAL,Fast Money Picks For January 21,,Benzinga,2015-01-21T11:47:50Z,2015-01-21T11:47:50Z,,https://www.benzinga.com/node/5162656,
5164078,TSLA,Benzinga's Top #PreMarket Losers,,Benzinga,2015-01-21T13:23:01Z,2015-01-21T13:23:01Z,,https://www.benzinga.com/node/5164078,
5164496,TSLA,Morgan Stanley On Tesla: 'We Believe Elon Meant What He Said',,Benzinga,2015-01-21T14:33:59Z,2015-01-21T14:34:00Z,,https://www.benzinga.com/node/5164496,
5165983,TSLA,"Tesla Spokesperson Offers Response to Recent WSJ Article, Prior SEC Investigation",,Benzinga,2015-01-21T19:47:27Z,2015-01-21T19:47:27Z,,https://www.benzinga.com/node/5165983,
5160705,TSLA,Probes Reporter: Tesla Motors' Important SEC-Related Questions Remain Unanswered,,Benzinga,2015-01-20T16:02:02Z,2015-01-21T20:11:07Z,,https://www.benzinga.com/node/5160705,
5165979,UNB,"Union Bankshares Reports Q4 EPS of $0.43, Up 26% YOY",,Benzinga,2015-01-21T19:46:21Z,2015-01-21T19:46:21Z,,https://www.benzinga.com/node/5165979,
5165982,UNB,Union Bankshares Increases Qtr. Dividend From $0.26 to $0.27,,Benzinga,2015-01-21T19:46:30Z,2015-01-21T19:46:30Z,,https://www.benzinga.com/node/5165982,
5163345,WMT,Morgan Stanley Downgrades Wal-Mart Stores to Equal-weight,,Benzinga,2015-01-21T09:55:46Z,2015-01-21T09:55:47Z,,https://www.benzinga.com/node/5163345,
5163680,WMT,US Stock Futures Slip Ahead Of Housing-Starts Data,,Benzinga,2015-01-21T12:07:49Z,2015-01-21T12:07:49Z,,https://www.benzinga.com/node/5163680,
5163674,WLDN,Willdan Reports Purchase of 360 Energy Engineers and Abacus Resource Mgmt Co.; No Terms Disclosed,,Benzinga,2015-01-21T12:05:37Z,2015-01-21T12:07:57Z,,https://www.benzinga.com/node/5163674,
5163781,WMT,Wal-Mart Downgraded at Morgan Stanley,,Benzinga,2015-01-21T12:43:55Z,2015-01-21T12:43:55Z,,https://www.benzinga.com/node/5163781,
5164039,WMT,Morgan Stanley Downgrades Wal-Mart To Equal-weight,,Benzinga,2015-01-21T13:13:11Z,2015-01-21T13:13:11Z,,https://www.benzinga.com/node/5164039,
5164407,WMT,Benzinga's Top Downgrades,,Benzinga,2015-01-21T14:03:55Z,2015-01-21T14:03:55Z,,https://www.benzinga.com/node/5164407,
5163530,WYNN,"Nomura Downgrades Wynn Resorts to Neutral, Lowers PT to $149.00",,Benzinga,2015-01-21T11:19:44Z,2015-01-21T11:19:44Z,,https://www.benzinga.com/node/5163530,
5163968,XRX,Thinfilm Announces Partnership with Xerox,,Benzinga,2015-01-21T13:02:16Z,2015-01-21T13:02:16Z,,https://www.benzinga.com/node/5163968,
5164407,WYNN,Benzinga's Top Downgrades,,Benzinga,2015-01-21T14:03:55Z,2015-01-21T14:03:55Z,,https://www.benzinga.com/node/5164407,
5164473,WYNN,Nomura Downgrades Wynn Resorts To Neutral,,Benzinga,2015-01-21T14:09:59Z,2015-01-21T14:09:59Z,,https://www.benzinga.com/node/5164473,
5167093,AAPL,"Benzinga's M&A Chatter for Wednesday January 21, 2015",,Benzinga,2015-01-22T00:40:40Z,2015-01-22T00:40:40Z,,https://www.benzinga.com/node/5167093,
5155578,AAPL,"The Next Apple, Part 1: Adapteva's Parallella Single Board Supercomputer",,Benzinga,2015-01-21T16:31:18Z,2015-01-22T02:21:20Z,,https://www.benzinga.com/node/5155578,
5166126,AAPL,Oppenheimer Bullish On Apple,,Benzinga,2015-01-21T21:31:01Z,2015-01-22T11:59:14Z,,https://www.benzinga.com/node/5166126,
5169479,AAPL,"Carl Icahn @Carl_C_Icahn Tweet: I'll be speaking with @ScottWapnerCNBC on @CNBCFastMoney at 12:30ET. We'll be discussing recent events at $EBAY, $GCI and more.",,Benzinga,2015-01-22T15:16:36Z,2015-01-22T15:16:36Z,,https://www.benzinga.com/node/5169479,
5169979,AAL,Airlines Soar Following Q4 Results From Southwest Airlines And Alaska Air Group,,Benzinga,2015-01-22T16:59:06Z,2015-01-22T16:59:06Z,,https://www.benzinga.com/node/5169979,
5167756,AAPL,Microsoft Proves Its Still An Innovator,,Benzinga,2015-01-22T19:30:32Z,2015-01-22T19:30:32Z,,https://www.benzinga.com/node/5167756,
5170953,AAPL,Xoom Gets Bump From Adding Fingerprint ID Technology,,Benzinga,2015-01-22T21:27:06Z,2015-01-22T21:27:06Z,,https://www.benzinga.com/node/5170953,
5171412,AAPL,Board Member Mickey Drexler to Retire From Apple Board At End of Current Term; Board has Not Yet Nominated a Replacement,,Benzinga,2015-01-22T22:26:12Z,2015-01-22T22:26:12Z,,https://www.benzinga.com/node/5171412,
5167788,AMZN,Amazon in Talks to Acquire Israeli Chipmaker Annapurna Labs for Up to $370M; Intends to Build R & D Center in Israel -Calcalist,,Benzinga,2015-01-22T09:51:30Z,2015-01-22T09:51:30Z,,https://www.benzinga.com/node/5167788,
5168053,AMCX,"Nomura Upgrades AMC Networks to Buy, Raises PT to $80.00",,Benzinga,2015-01-22T11:44:54Z,2015-01-22T11:44:56Z,,https://www.benzinga.com/node/5168053,
5166888,AMD,Advanced Micro Devices Analyst Roundup Following Q4 Results,,Benzinga,2015-01-22T11:45:11Z,2015-01-22T11:45:12Z,,https://www.benzinga.com/node/5166888,
5168861,AMZN,Amazon Announces Launch of Kindle Textbook Creator,,Benzinga,2015-01-22T14:00:58Z,2015-01-22T14:00:58Z,,https://www.benzinga.com/node/5168861,
5169033,AMCX,Nomura Upgrades AMC Networks To Buy,,Benzinga,2015-01-22T14:20:59Z,2015-01-22T14:20:59Z,,https://www.benzinga.com/node/5169033,
5169189,AMCX,Benzinga's Top Upgrades,,Benzinga,2015-01-22T14:36:29Z,2015-01-22T14:36:29Z,,https://www.benzinga.com/node/5169189,
5169452,AMZN,Amazon To Offer Amazon Prime For $72 On Jan 24,,Benzinga,2015-01-22T15:03:33Z,2015-01-22T15:03:33Z,,https://www.benzinga.com/node/5169452,
5169323,AMCX,"Nomura Bullish On AMC Networks And Its Content, Recommends Calling The Stock",,Benzinga,2015-01-22T15:38:23Z,2015-01-22T15:38:23Z,,https://www.benzinga.com/node/5169323,
5169484,AMZN,"Amazon.com: Nomura Bullish, But Says ""More Transparent-cy Would Be Well Received""",,Benzinga,2015-01-22T15:49:01Z,2015-01-22T15:49:01Z,,https://www.benzinga.com/node/5169484,
5169657,AMZN,Amazon To Offer Prime Subscriptions For $72 This Saturday,,Benzinga,2015-01-22T19:27:13Z,2015-01-22T19:27:13Z,,https://www.benzinga.com/node/5169657,
5170582,AMZN,Amazon Shares Quiet Following Re/code Article 'Amazon Has Acquired Secretive Israeli Startup Annapurna Labs for its Data Center Business',,Benzinga,2015-01-22T19:37:20Z,2015-01-22T19:37:20Z,,https://www.benzinga.com/node/5170582,
5169568,ALNY,Deutsche Bank's 2015 Top Small Cap Biotechs,,Benzinga,2015-01-22T16:09:45Z,2015-01-22T20:48:12Z,,https://www.benzinga.com/node/5169568,
5171484,AMZN,"Benzinga's M&A Chatter for Thursday January 22, 2015",,Benzinga,2015-01-22T23:00:17Z,2015-01-22T23:00:17Z,,https://www.benzinga.com/node/5171484,
5168079,ARWR,"Deutsche Bank Downgrades Arrowhead Research to Hold, Lowers PT to $7.00",,Benzinga,2015-01-22T11:52:42Z,2015-01-22T11:52:43Z,,https://www.benzinga.com/node/5168079,
5168862,ARWR,Deutsche Bank Downgrades Arrowhead to Hold,,Benzinga,2015-01-22T14:22:25Z,2015-01-22T14:22:25Z,,https://www.benzinga.com/node/5168862,
5170871,ARRY,Option Alert: Array Biopharma Feb $4 Call; 1000 Contract Trade at Ask @$1.20; Now $5.01,,Benzinga,2015-01-22T20:51:04Z,2015-01-22T20:51:28Z,,https://www.benzinga.com/node/5170871,
5170988,APA,Apache Names Stephen Riney  as CFO,,Benzinga,2015-01-22T21:06:17Z,2015-01-22T21:06:17Z,,https://www.benzinga.com/node/5170988,
5171015,APA,"Apache Appoints Stephen Riney As EVP, CFO",,Benzinga,2015-01-22T21:10:09Z,2015-01-22T21:10:09Z,,https://www.benzinga.com/node/5171015,
5167791,AVT,"Earnings Scheduled For January 22, 2015",,Benzinga,2015-01-22T09:57:04Z,2015-01-22T09:57:05Z,,https://www.benzinga.com/node/5167791,
5168466,AVT,"Avnet Reports Q2 Adj. EPS $1.27, vs $1.21 Est., Sales $7.55B vs $7.35B Est.",,Benzinga,2015-01-22T13:01:48Z,2015-01-22T13:01:48Z,,https://www.benzinga.com/node/5168466,
5168504,AVT,"Avnet Sees Q3 Adj. EPS $1.04-$1.14 vs $1.15 Est., Sales $6.6-$7.2B vs $6.93B Est.",,Benzinga,2015-01-22T13:05:22Z,2015-01-22T13:05:22Z,,https://www.benzinga.com/node/5168504,
5167784,BMRN,BioMarin Prices 8.5M Share Offering @$93.25/Share,,Benzinga,2015-01-22T09:48:21Z,2015-01-22T09:48:21Z,,https://www.benzinga.com/node/5167784,
5168755,BIDU,"Brean Capital: Baidu a Top Pick for 2015, Alibaba Strong 3-Year Potential",,Benzinga,2015-01-22T14:06:18Z,2015-01-22T16:43:45Z,,https://www.benzinga.com/node/5168755,
5167791,BPOP,"Earnings Scheduled For January 22, 2015",,Benzinga,2015-01-22T09:57:04Z,2015-01-22T09:57:05Z,,https://www.benzinga.com/node/5167791,
5168497,BPOP,"Popular Q4 EPS $0.41, Net Interest Income $326.9M",,Benzinga,2015-01-22T13:05:03Z,2015-01-22T13:05:03Z,,https://www.benzinga.com/node/5168497,
5168822,BSET,"Bassett Furniture Reports Q4 EPS $0.35, Sales $94.72M",,Benzinga,2015-01-22T14:00:33Z,2015-01-22T14:00:33Z,,https://www.benzinga.com/node/5168822,
5167983,CHKP,"JP Morgan Downgrades Check Point Software to Neutral, Raises PT to $83.00",,Benzinga,2015-01-22T11:17:38Z,2015-01-22T11:17:39Z,,https://www.benzinga.com/node/5167983,
5169028,CLIR,ClearSign Signs Agreement to Install Duplex Technology in Third Oil &amp; Gas Operation,,Benzinga,2015-01-22T14:20:07Z,2015-01-22T14:20:07Z,,https://www.benzinga.com/node/5169028,
5170703,CME,"BGC Partners Announces Glass Lewis Issued Recommendation GFI Group Holder Vote Against 'Flawed, Conflicted' Deal with CME",,Benzinga,2015-01-22T20:07:29Z,2015-01-22T20:07:29Z,,https://www.benzinga.com/node/5170703,
5169262,CRIS,"UPDATE: Oppenheimer Reiterates Outperform Rating, Raises PT on Curis on Aurigene Collaboration",,Benzinga,2015-01-22T14:45:21Z,2015-01-22T14:45:21Z,,https://www.benzinga.com/node/5169262,
5168158,CYN,City National Corp Announces Agreement to Be Acquired By RBC For $93.80 Cash and Stock,,Benzinga,2015-01-22T12:01:45Z,2015-01-22T12:01:45Z,,https://www.benzinga.com/node/5168158,
5168170,CSIQ,Canadian Solar Completes Sale of Glenarm Solar Power Plant to Dutch Infrastructure Fund,,Benzinga,2015-01-22T12:03:21Z,2015-01-22T12:03:21Z,,https://www.benzinga.com/node/5168170,
5168177,CYN,RBC to Acquire City National Corporation for $47.25/Share in Cash,,Benzinga,2015-01-22T12:05:58Z,2015-01-22T12:05:58Z,,https://www.benzinga.com/node/5168177,
5168201,CYN,UPDATE: RBC to Acquire City National Corporation for $47.25/Share in Cash Plus 0.7489 of RBC Share,,Benzinga,2015-01-22T12:11:48Z,2015-01-22T12:11:48Z,,https://www.benzinga.com/node/5168201,
5168210,CYN,City National Corp Q1 EPS $1.10,,Benzinga,2015-01-22T12:16:27Z,2015-01-22T12:16:27Z,,https://www.benzinga.com/node/5168210,
5168213,CYN,City National Reports Q4 Total Revenue $325M vs $296M in Same Qtr. Last Year,,Benzinga,2015-01-22T12:18:21Z,2015-01-22T12:18:22Z,,https://www.benzinga.com/node/5168213,
5168243,CYN,City National Raises Qtr. Dividend from $0.33 to $0.35/Share,,Benzinga,2015-01-22T12:21:45Z,2015-01-22T12:21:45Z,,https://www.benzinga.com/node/5168243,
5168365,CYN,City National Agrees To Sell Itself To RBC For $5.4 Billion,,Benzinga,2015-01-22T13:01:45Z,2015-01-22T13:01:45Z,,https://www.benzinga.com/node/5168365,
5168753,CYN,Morning Movers,,Benzinga,2015-01-22T14:15:25Z,2015-01-22T14:15:25Z,,https://www.benzinga.com/node/5168753,
5169026,CTBI,Sandler O'Neill Downgrades Community Trust Bancorp to Hold,,Benzinga,2015-01-22T14:19:41Z,2015-01-22T14:19:42Z,,https://www.benzinga.com/node/5169026,
5169523,CYN,Stocks Hitting 52-Week Highs,,Benzinga,2015-01-22T15:25:37Z,2015-01-22T15:26:06Z,,https://www.benzinga.com/node/5169523,
5169281,CYN,Morning Market Gainers,,Benzinga,2015-01-22T14:48:38Z,2015-01-22T15:26:40Z,,https://www.benzinga.com/node/5169281,
5169562,CYN,Stocks Hitting 52-Week Lows,,Benzinga,2015-01-22T15:32:46Z,2015-01-22T15:32:46Z,,https://www.benzinga.com/node/5169562,
5169612,CYN,Benzinga's Volume Movers,,Benzinga,2015-01-22T15:41:30Z,2015-01-22T15:41:30Z,,https://www.benzinga.com/node/5169612,
5169566,CTBI,KBW Comments On Community Trust Bancorp Following Earnings Q4 Print,,Benzinga,2015-01-22T15:42:43Z,2015-01-22T15:42:43Z,,https://www.benzinga.com/node/5169566,
5169639,CYN,"Top Performing Industries For January 22, 2015",,Benzinga,2015-01-22T15:49:33Z,2015-01-22T15:49:34Z,,https://www.benzinga.com/node/5169639,
5171431,CSWC,Capital Southwest Reports Dec. 31 NAV of $733.2M,,Benzinga,2015-01-22T22:37:20Z,2015-01-22T22:37:20Z,,https://www.benzinga.com/node/5171431,
5169132,DLTR,Family Dollar Holders Have Approved Dollar Tree Deal,,Benzinga,2015-01-22T14:22:55Z,2015-01-22T14:22:55Z,,https://www.benzinga.com/node/5169132,
5169612,DLTR,Benzinga's Volume Movers,,Benzinga,2015-01-22T15:41:30Z,2015-01-22T15:41:30Z,,https://www.benzinga.com/node/5169612,
5170997,DGII,"Digi Int'l Reports Q1 Adj. Loss of $0.03/Share, Sales $48.7M",,Benzinga,2015-01-22T21:07:19Z,2015-01-22T21:07:19Z,,https://www.benzinga.com/node/5170997,
5170540,DLTR,Barclays Bullish On Dollar Tree,,Benzinga,2015-01-22T21:28:02Z,2015-01-22T21:28:02Z,,https://www.benzinga.com/node/5170540,
5171571,DLTR,CNBC's Stock Pops & Drops From January 22,,Benzinga,2015-01-22T23:57:07Z,2015-01-22T23:57:07Z,,https://www.benzinga.com/node/5171571,
5166912,EBAY,"eBay Reaches Agreement With Carl Icahn, Expands Board Of Directors",,Benzinga,2015-01-22T01:06:03Z,2015-01-22T01:06:03Z,,https://www.benzinga.com/node/5166912,
5167834,EBAY,"10 Must Watch Stocks for January 22, 2015",,Benzinga,2015-01-22T10:16:43Z,2015-01-22T10:16:43Z,,https://www.benzinga.com/node/5167834,
5168171,EFSC,"Enterprise Financial Announces Q4 EPS of $1.29, Net Interest Income $25.7M",,Benzinga,2015-01-22T12:03:24Z,2015-01-22T12:03:24Z,,https://www.benzinga.com/node/5168171,
5168244,EBAY,Morgan Stanley Upgrades eBay to Equalweight,,Benzinga,2015-01-22T12:23:45Z,2015-01-22T12:23:46Z,,https://www.benzinga.com/node/5168244,
5168557,EBAY,Benzinga's Top #PreMarket Gainers,,Benzinga,2015-01-22T13:11:26Z,2015-01-22T13:26:53Z,,https://www.benzinga.com/node/5168557,
5168601,EBAY,Topeka Suggests eBay Investors 'Remain On The Sidelines On Weak Fundamentals',,Benzinga,2015-01-22T13:29:53Z,2015-01-22T13:29:53Z,,https://www.benzinga.com/node/5168601,
5168753,EBAY,Morning Movers,,Benzinga,2015-01-22T14:15:25Z,2015-01-22T14:15:25Z,,https://www.benzinga.com/node/5168753,
5169071,EBAY,"Credit Suisse Maintains eBay At Neutral, Lowers Price Target To $62",,Benzinga,2015-01-22T14:29:06Z,2015-01-22T14:29:06Z,,https://www.benzinga.com/node/5169071,
5169149,EBAY,Morgan Stanley Upgrades eBay To  Equalweight,,Benzinga,2015-01-22T14:29:43Z,2015-01-22T14:29:43Z,,https://www.benzinga.com/node/5169149,
5169189,EBAY,Benzinga's Top Upgrades,,Benzinga,2015-01-22T14:36:29Z,2015-01-22T14:36:29Z,,https://www.benzinga.com/node/5169189,
5169258,EBAY,Benchmark Cuts Price Target On eBay,,Benzinga,2015-01-22T15:12:18Z,2015-01-22T15:12:18Z,,https://www.benzinga.com/node/5169258,
5169479,EBAY,"Carl Icahn @Carl_C_Icahn Tweet: I'll be speaking with @ScottWapnerCNBC on @CNBCFastMoney at 12:30ET. We'll be discussing recent events at $EBAY, $GCI and more.",,Benzinga,2015-01-22T15:16:36Z,2015-01-22T15:16:36Z,,https://www.benzinga.com/node/5169479,
5169281,EBAY,Morning Market Gainers,,Benzinga,2015-01-22T14:48:38Z,2015-01-22T15:26:40Z,,https://www.benzinga.com/node/5169281,
5169639,EBAY,"Top Performing Industries For January 22, 2015",,Benzinga,2015-01-22T15:49:33Z,2015-01-22T15:49:34Z,,https://www.benzinga.com/node/5169639,
5170724,EGHT,Analysts See 26% Q3 Rev Growth For 8x8 Inc.,,Benzinga,2015-01-22T20:23:45Z,2015-01-22T20:23:45Z,,https://www.benzinga.com/node/5170724,
5170561,EBAY,Carl Icahn: This Is Not About Selling eBay,,Benzinga,2015-01-22T20:35:26Z,2015-01-22T20:35:27Z,,https://www.benzinga.com/node/5170561,
5171000,EGHT,"8x8 Reports Q3 Adj. EPS $0.04, Inline, Sales $41.4M; Reaffirms Outlook",,Benzinga,2015-01-22T21:07:44Z,2015-01-22T21:07:44Z,,https://www.benzinga.com/node/5171000,
5167787,EXPE,Top 4 NASDAQ Stocks In The Lodging Industry With The Highest Gross Margin,,Benzinga,2015-01-22T09:51:01Z,2015-01-22T09:51:01Z,,https://www.benzinga.com/node/5167787,
5161180,FCEL,Great Things May Be Coming At Plug Power...But It Better Happen Soon,,Benzinga,2015-01-20T17:19:00Z,2015-01-22T18:40:56Z,,https://www.benzinga.com/node/5161180,
5167768,FFIV,Top 4 Mid-Cap Stocks In The Business Software & Services Industry With The Lowest PEG Ratio,,Benzinga,2015-01-22T09:34:14Z,2015-01-22T09:34:14Z,,https://www.benzinga.com/node/5167768,
5168018,FITB,"FBR Capital Downgrades Fifth Third Bancorp to Market Perform, Lowers PT to $20.00",,Benzinga,2015-01-22T11:29:28Z,2015-01-22T11:29:29Z,,https://www.benzinga.com/node/5168018,
5168057,FFIV,Stifel Nicolaus Downgrades F5 Networks to Hold,,Benzinga,2015-01-22T11:47:09Z,2015-01-22T11:47:10Z,,https://www.benzinga.com/node/5168057,
5168335,FFIV,Buckingham Research Upgrades F5 Networks to Buy,,Benzinga,2015-01-22T12:43:05Z,2015-01-22T12:43:06Z,,https://www.benzinga.com/node/5168335,
5168512,FITB,"UPDATE: Compass Point Reiterates Neutral Rating, Lowers PT on Fifth Third Bancorp as Bumpy Ride Continues",,Benzinga,2015-01-22T13:09:46Z,2015-01-22T13:09:46Z,,https://www.benzinga.com/node/5168512,
5168576,FFIV,Benzinga's Top #PreMarket Losers,,Benzinga,2015-01-22T13:19:08Z,2015-01-22T13:19:08Z,,https://www.benzinga.com/node/5168576,
5168753,FFIV,Morning Movers,,Benzinga,2015-01-22T14:15:25Z,2015-01-22T14:15:25Z,,https://www.benzinga.com/node/5168753,
5169022,FFIV,Buckingham Research Upgrades F5 Networks To  Buy,,Benzinga,2015-01-22T14:16:54Z,2015-01-22T14:16:54Z,,https://www.benzinga.com/node/5169022,
5169006,FFIV,"UPDATE: Stifel Downgrades F5 Networks to Hold, Removes PT with Confluence of Factors Likely Impacting 2015 Growth",,Benzinga,2015-01-22T14:19:10Z,2015-01-22T14:19:10Z,,https://www.benzinga.com/node/5169006,
5169189,FFIV,Benzinga's Top Upgrades,,Benzinga,2015-01-22T14:36:29Z,2015-01-22T14:36:29Z,,https://www.benzinga.com/node/5169189,
5169374,FFIV,Morning Market Losers,,Benzinga,2015-01-22T15:01:13Z,2015-01-22T15:01:13Z,,https://www.benzinga.com/node/5169374,
5169629,FFIV,Analysts: Demand Intact For F5 Networks Inc. Products,,Benzinga,2015-01-22T15:54:22Z,2015-01-22T15:54:22Z,,https://www.benzinga.com/node/5169629,
5171347,FIBK,First Interstate Bancsystem Raises Qtr. Dividend from $0.16 to $0.20/Share,,Benzinga,2015-01-22T22:05:53Z,2015-01-22T22:05:53Z,,https://www.benzinga.com/node/5171347,
5170498,FOXA,"Societe Generale Initiates Coverage on Twenty-First Century Fox at Hold, Announces $36.00 PT",,Benzinga,2015-01-22T19:03:25Z,2015-01-22T19:03:26Z,,https://www.benzinga.com/node/5170498,
5171269,FOX,Societe Generale: Facebook Inc. Headed For Face Plant?,,Benzinga,2015-01-22T22:00:31Z,2015-01-22T22:00:31Z,,https://www.benzinga.com/node/5171269,
5167823,GOOG,"UPDATE: Google to Resell Wireless Service on Sprint, T-Mobile Networks, According to Sources -DJ",,Benzinga,2015-01-22T10:04:39Z,2015-01-22T10:04:39Z,,https://www.benzinga.com/node/5167823,
5167823,GOOGL,"UPDATE: Google to Resell Wireless Service on Sprint, T-Mobile Networks, According to Sources -DJ",,Benzinga,2015-01-22T10:04:39Z,2015-01-22T10:04:39Z,,https://www.benzinga.com/node/5167823,
5168181,GLOW,Glowpoint Issued Video Call Management Patent by USPTO,,Benzinga,2015-01-22T12:06:48Z,2015-01-22T12:06:48Z,,https://www.benzinga.com/node/5168181,
5168183,GLOW,Glowpoint Issued New Video Call Management Patent by U.S. Patent and Trademark Office,,Benzinga,2015-01-22T12:07:30Z,2015-01-22T12:07:31Z,,https://www.benzinga.com/node/5168183,
5168601,GOOG,Topeka Suggests eBay Investors 'Remain On The Sidelines On Weak Fundamentals',,Benzinga,2015-01-22T13:29:53Z,2015-01-22T13:29:53Z,,https://www.benzinga.com/node/5168601,
5168601,GOOGL,Topeka Suggests eBay Investors 'Remain On The Sidelines On Weak Fundamentals',,Benzinga,2015-01-22T13:29:53Z,2015-01-22T13:29:53Z,,https://www.benzinga.com/node/5168601,
5169534,GOOGL,Hearing Unconfirmed Vague Market Chatter in Twitter Involving Google,,Benzinga,2015-01-22T15:29:36Z,2015-01-22T15:29:36Z,,https://www.benzinga.com/node/5169534,
5169885,GPRO,"Worst Performing Industries For January 22, 2015",,Benzinga,2015-01-22T16:22:17Z,2015-01-22T16:22:18Z,,https://www.benzinga.com/node/5169885,
5170049,GOOG,Shares of Twitter Spike Higher On Bob Peck Comments On CNBC,,Benzinga,2015-01-22T17:02:56Z,2015-01-22T17:02:56Z,,https://www.benzinga.com/node/5170049,
5170055,GOOG,"UPDATE: Peck Says 'At This Level' Sees Deal Between TWTR, GOOG  Tough To Get Done, But Wouldn't Say Its Off The Table",,Benzinga,2015-01-22T17:04:39Z,2015-01-22T17:04:39Z,,https://www.benzinga.com/node/5170055,
5170403,GOOG,"Google, Sprint Said To Reach Deal To Sell Wireless Service",,Benzinga,2015-01-22T18:47:26Z,2015-01-22T18:47:26Z,,https://www.benzinga.com/node/5170403,
5170465,GOOG,"Societe Generale Initiates Coverage on Google at Buy, Announces  $615.00 PT",,Benzinga,2015-01-22T19:01:57Z,2015-01-22T19:01:57Z,,https://www.benzinga.com/node/5170465,
5167756,GOOG,Microsoft Proves Its Still An Innovator,,Benzinga,2015-01-22T19:30:32Z,2015-01-22T19:30:32Z,,https://www.benzinga.com/node/5167756,
5171269,GOOGL,Societe Generale: Facebook Inc. Headed For Face Plant?,,Benzinga,2015-01-22T22:00:31Z,2015-01-22T22:00:31Z,,https://www.benzinga.com/node/5171269,
5171484,GOOG,"Benzinga's M&A Chatter for Thursday January 22, 2015",,Benzinga,2015-01-22T23:00:17Z,2015-01-22T23:00:17Z,,https://www.benzinga.com/node/5171484,
5167791,HBAN,"Earnings Scheduled For January 22, 2015",,Benzinga,2015-01-22T09:57:04Z,2015-01-22T09:57:05Z,,https://www.benzinga.com/node/5167791,
5168284,HBAN,"Huntington Bancshares Announces Q4 EPS $0.21, $0.19 est",,Benzinga,2015-01-22T12:31:27Z,2015-01-22T12:31:27Z,,https://www.benzinga.com/node/5168284,
5168307,HBAN,Huntington Bancshares Reports $473.3M In Net Interest Income,,Benzinga,2015-01-22T12:37:27Z,2015-01-22T12:37:27Z,,https://www.benzinga.com/node/5168307,
5170695,HBNC,Horizon Bancorp Reports Q4 EPS of $0.46 vs $0.55 Est,,Benzinga,2015-01-22T20:03:15Z,2015-01-22T20:03:16Z,,https://www.benzinga.com/node/5170695,
5171244,HERO,Hercules Offshore Provides January Fleet Status Report,,Benzinga,2015-01-22T21:46:03Z,2015-01-22T21:46:03Z,,https://www.benzinga.com/node/5171244,
5167787,HTHT,Top 4 NASDAQ Stocks In The Lodging Industry With The Highest Gross Margin,,Benzinga,2015-01-22T09:51:01Z,2015-01-22T09:51:01Z,,https://www.benzinga.com/node/5167787,
5169133,HWAY,"Barrington Research Initiates Coverage on Healthways at Outperform, Announces $25.00 PT",,Benzinga,2015-01-22T14:23:24Z,2015-01-22T14:23:24Z,,https://www.benzinga.com/node/5169133,
5170107,HON,UBS' Sector-Wide Industrial Call; Initiates Coverage On Over 15 Stocks,,Benzinga,2015-01-22T18:02:43Z,2015-01-22T18:02:43Z,,https://www.benzinga.com/node/5170107,
5170561,IEP,Carl Icahn: This Is Not About Selling eBay,,Benzinga,2015-01-22T20:35:26Z,2015-01-22T20:35:27Z,,https://www.benzinga.com/node/5170561,
5167791,INDB,"Earnings Scheduled For January 22, 2015",,Benzinga,2015-01-22T09:57:04Z,2015-01-22T09:57:05Z,,https://www.benzinga.com/node/5167791,
5167768,JKHY,Top 4 Mid-Cap Stocks In The Business Software & Services Industry With The Lowest PEG Ratio,,Benzinga,2015-01-22T09:34:14Z,2015-01-22T09:34:14Z,,https://www.benzinga.com/node/5167768,
5167791,ISRG,"Earnings Scheduled For January 22, 2015",,Benzinga,2015-01-22T09:57:04Z,2015-01-22T09:57:05Z,,https://www.benzinga.com/node/5167791,
5167850,ISRG,"Earning & Economic Calendar for Thursday January 22, 2015",,Benzinga,2015-01-22T10:35:50Z,2015-01-22T10:35:50Z,,https://www.benzinga.com/node/5167850,
5168425,JBHT,"JB Hunt Reports Q4 EPS $0.93, Sales $1.61B",,Benzinga,2015-01-22T13:01:12Z,2015-01-22T13:01:12Z,,https://www.benzinga.com/node/5168425,
5168786,JBHT,J B Hunt Transport Services Beats Q4 EPS Estimates,,Benzinga,2015-01-22T14:11:37Z,2015-01-22T14:11:37Z,,https://www.benzinga.com/node/5168786,
5169979,JBLU,Airlines Soar Following Q4 Results From Southwest Airlines And Alaska Air Group,,Benzinga,2015-01-22T16:59:06Z,2015-01-22T16:59:06Z,,https://www.benzinga.com/node/5169979,
5170798,ISRG,Intuitive Surgical Earnings Expected Move ± $26.44,,Benzinga,2015-01-22T20:35:50Z,2015-01-22T20:35:50Z,,https://www.benzinga.com/node/5170798,
5170974,ISRG,"Intuitive Surgical Reports Q4 Adj. EPS $4.92, Sales $604.7M",,Benzinga,2015-01-22T21:05:35Z,2015-01-22T21:05:35Z,,https://www.benzinga.com/node/5170974,
5171123,ISRG,"Intuitive Surgical, Inc. Beats Q4 Net Views",,Benzinga,2015-01-22T21:41:42Z,2015-01-22T21:41:42Z,,https://www.benzinga.com/node/5171123,
5171413,ISRG,"Thursday's After-Hours Movers: Infinera Up, KLA-Tencor Down & E*TRADE Beats",,Benzinga,2015-01-22T22:39:29Z,2015-01-22T22:39:29Z,,https://www.benzinga.com/node/5171413,
5167791,KLAC,"Earnings Scheduled For January 22, 2015",,Benzinga,2015-01-22T09:57:04Z,2015-01-22T09:57:05Z,,https://www.benzinga.com/node/5167791,
5171058,KLAC,"KLA-Tencor Announces Q2 Revenue $676M, EPS $0.68",,Benzinga,2015-01-22T21:16:14Z,2015-01-22T21:16:14Z,,https://www.benzinga.com/node/5171058,
5171413,KLAC,"Thursday's After-Hours Movers: Infinera Up, KLA-Tencor Down & E*TRADE Beats",,Benzinga,2015-01-22T22:39:29Z,2015-01-22T22:39:29Z,,https://www.benzinga.com/node/5171413,
5168062,LE,Lands' End Sees Q4 EPS $1.06-1.16 vs $1.38 Est,,Benzinga,2015-01-22T11:49:18Z,2015-01-22T11:49:18Z,,https://www.benzinga.com/node/5168062,
5168492,LE,Shares of Lands' End Plunge Following Company's Q4 Update,,Benzinga,2015-01-22T13:13:41Z,2015-01-22T13:13:42Z,,https://www.benzinga.com/node/5168492,
5169002,LECO,Gabelli & Co. Initiates Coverage on Lincoln Electric Holdings at Hold,,Benzinga,2015-01-22T14:11:28Z,2015-01-22T14:11:28Z,,https://www.benzinga.com/node/5169002,
5169009,LAND,"Oppenheimer Initiates Coverage on Gladstone Land Corp at Outperform, Announces $12.00 PT",,Benzinga,2015-01-22T14:13:46Z,2015-01-22T14:13:46Z,,https://www.benzinga.com/node/5169009,
5169374,LE,Morning Market Losers,,Benzinga,2015-01-22T15:01:13Z,2015-01-22T15:01:13Z,,https://www.benzinga.com/node/5169374,
5169279,LAND,"UPDATE: Oppenheimer Initiates Coverage on Gladstone Land Corp. with Outperform Rating, $12 PT on Positive Growth Outlook",,Benzinga,2015-01-22T15:09:10Z,2015-01-22T15:09:10Z,,https://www.benzinga.com/node/5169279,
5171571,LE,CNBC's Stock Pops & Drops From January 22,,Benzinga,2015-01-22T23:57:07Z,2015-01-22T23:57:07Z,,https://www.benzinga.com/node/5171571,
5167171,LOGI,Logitech International Reports Q3 EPS of $0.41 vs $0.32 Est; Revenue of $634.0M vs $622.48M Est,,Benzinga,2015-01-22T03:02:46Z,2015-01-22T03:02:47Z,,https://www.benzinga.com/node/5167171,
5167845,LOGI,"Logitech Posts Higher Q3 Earnings, Raises Profit Forecast",,Benzinga,2015-01-22T10:30:20Z,2015-01-22T10:30:20Z,,https://www.benzinga.com/node/5167845,
5168557,LOGI,Benzinga's Top #PreMarket Gainers,,Benzinga,2015-01-22T13:11:26Z,2015-01-22T13:26:53Z,,https://www.benzinga.com/node/5168557,
5169281,LOGI,Morning Market Gainers,,Benzinga,2015-01-22T14:48:38Z,2015-01-22T15:26:40Z,,https://www.benzinga.com/node/5169281,
5167158,MBLY,CNBC's Stock Pops & Drops From January 21,,Benzinga,2015-01-22T02:14:19Z,2015-01-22T02:14:19Z,,https://www.benzinga.com/node/5167158,
5169316,MMSI,Barrington Research Initiates Coverage on Merit Medical Systems at Market Perform,,Benzinga,2015-01-22T14:55:57Z,2015-01-22T14:55:58Z,,https://www.benzinga.com/node/5169316,
5167832,MU,"PC DRAM Expected Prices Expected to Drop Less than 5% in Q1 2015, According to Industry Observers -DigiTimes",,Benzinga,2015-01-22T10:15:13Z,2015-01-22T10:15:13Z,,https://www.benzinga.com/node/5167832,
5166972,MSFT,Analysts: Windows 10 Usage To Match Windows 7,,Benzinga,2015-01-22T12:55:58Z,2015-01-22T12:55:59Z,,https://www.benzinga.com/node/5166972,
5170552,MSFT,Twitter Tweets: 'We're introducing Tweet translation with @Bing Translator so you can read Tweets in multiple languages: https://support.twitter.com/articles/20172132-tweet-translation …',,Benzinga,2015-01-22T19:21:58Z,2015-01-22T19:21:58Z,,https://www.benzinga.com/node/5170552,
5167756,MSFT,Microsoft Proves Its Still An Innovator,,Benzinga,2015-01-22T19:30:32Z,2015-01-22T19:30:32Z,,https://www.benzinga.com/node/5167756,
5166824,NERV,Minerva Neurosciences Trading 17% Higher on Positive Phase 1 Sleep Disorder Data,,Benzinga,2015-01-22T02:21:10Z,2015-01-22T02:21:11Z,,https://www.benzinga.com/node/5166824,
5167753,NEOG,Top 4 Small-Cap Stocks In The Diagnostic Substances Industry With The Highest ROI,,Benzinga,2015-01-22T09:20:15Z,2015-01-22T09:20:15Z,,https://www.benzinga.com/node/5167753,
5167824,NFLX,"Pivotal Research Initiates Coverage on Netflix at Buy, Announces $550.00 PT",,Benzinga,2015-01-22T10:06:09Z,2015-01-22T10:06:10Z,,https://www.benzinga.com/node/5167824,
5168685,NFLX,Pivotal Research Initiates Netflix At Buy,,Benzinga,2015-01-22T13:37:32Z,2015-01-22T13:37:32Z,,https://www.benzinga.com/node/5168685,
5169004,NFLX,Benzinga's Top Initiations,,Benzinga,2015-01-22T14:11:48Z,2015-01-22T14:11:48Z,,https://www.benzinga.com/node/5169004,
5168753,NERV,Morning Movers,,Benzinga,2015-01-22T14:15:25Z,2015-01-22T14:15:25Z,,https://www.benzinga.com/node/5168753,
5169281,NERV,Morning Market Gainers,,Benzinga,2015-01-22T14:48:38Z,2015-01-22T15:26:40Z,,https://www.benzinga.com/node/5169281,
5170424,NFLX,"SocGen Initiates Coverage on Netflix at Buy, Announces $480.00 PT",,Benzinga,2015-01-22T18:59:40Z,2015-01-22T18:59:41Z,,https://www.benzinga.com/node/5170424,
5169657,NFLX,Amazon To Offer Prime Subscriptions For $72 This Saturday,,Benzinga,2015-01-22T19:27:13Z,2015-01-22T19:27:13Z,,https://www.benzinga.com/node/5169657,
5171269,NFLX,Societe Generale: Facebook Inc. Headed For Face Plant?,,Benzinga,2015-01-22T22:00:31Z,2015-01-22T22:00:31Z,,https://www.benzinga.com/node/5171269,
5171480,NEO,"NeoGenomics Raises Revenue Guidance to $25M, EPS Guidance to $0.01-$0.02/Share for Q4 2014",,Benzinga,2015-01-22T22:56:39Z,2015-01-22T22:56:40Z,,https://www.benzinga.com/node/5171480,
5167791,NTCT,"Earnings Scheduled For January 22, 2015",,Benzinga,2015-01-22T09:57:04Z,2015-01-22T09:57:05Z,,https://www.benzinga.com/node/5167791,
5168278,NTCT,"NetScout Reports Q3 Adj. EPS $0.59 vs $0.50 Est., Sales $122.8M vs $121.75M Est.",,Benzinga,2015-01-22T12:30:52Z,2015-01-22T12:30:52Z,,https://www.benzinga.com/node/5168278,
5168305,NTCT,"NetScout Expecting FY15 Adj. EPS $1.87-$1.91, Up from Prior Outlook $1.74-$1.81, vs $1.80 Est., Sales $455-$460M, Up from $450-$465M",,Benzinga,2015-01-22T12:36:49Z,2015-01-22T12:36:49Z,,https://www.benzinga.com/node/5168305,
5168753,NTCT,Morning Movers,,Benzinga,2015-01-22T14:15:25Z,2015-01-22T14:15:25Z,,https://www.benzinga.com/node/5168753,
5169143,NTCT,UPDATE: NetScout Posts Upbeat Q3 Earnings,,Benzinga,2015-01-22T14:26:22Z,2015-01-22T14:26:43Z,,https://www.benzinga.com/node/5169143,
5169283,NTAP,Standpoint Research Upgrades NetApp to Buy,,Benzinga,2015-01-22T14:49:51Z,2015-01-22T14:49:51Z,,https://www.benzinga.com/node/5169283,
5169281,NTCT,Morning Market Gainers,,Benzinga,2015-01-22T14:48:38Z,2015-01-22T15:26:40Z,,https://www.benzinga.com/node/5169281,
5170361,ONB,Old National Bancorp Increases Qtr. Dividend to $0.12/share; Authorizes 1M Share Buyback,,Benzinga,2015-01-22T18:32:16Z,2015-01-22T18:32:16Z,,https://www.benzinga.com/node/5170361,
5171245,OCFC,Oceanfirst Financial Reports Q4 EPS of $0.30 vs $0.32 Est; Revenue of $18.0M vs $18.30M Est,,Benzinga,2015-01-22T21:46:33Z,2015-01-22T21:46:33Z,,https://www.benzinga.com/node/5171245,
5168344,OPK,"Opko Health Chairman Frost Buys 41,700 Shares @$10.23/Share",,Benzinga,2015-01-22T12:48:45Z,2015-01-22T12:48:46Z,,https://www.benzinga.com/node/5168344,
5168502,OSIS,OSI Systems Awarded Contract from Premier Inc.,,Benzinga,2015-01-22T13:05:10Z,2015-01-22T13:05:10Z,,https://www.benzinga.com/node/5168502,
5167131,PBYI,Puma Biotechnology Prices 1M Share Offering @$190/Share,,Benzinga,2015-01-22T01:11:20Z,2015-01-22T01:11:20Z,,https://www.benzinga.com/node/5167131,
5166819,PENN,Deutsche Bank Raises Price Targets For These Three Casino Stocks,,Benzinga,2015-01-22T12:01:27Z,2015-01-22T12:01:27Z,,https://www.benzinga.com/node/5166819,
5164965,PBYI,5 More Biotech Secondaries Traders Are Watching,,Benzinga,2015-01-21T18:32:16Z,2015-01-22T17:49:14Z,,https://www.benzinga.com/node/5164965,
5171127,PETS,"Petmed Express CEO Akdag Sells 60,000 Shares @$15.63/Share -Form 4",,Benzinga,2015-01-22T21:28:45Z,2015-01-22T21:28:45Z,,https://www.benzinga.com/node/5171127,
5171170,PAHC,Phibro Animal Health Corporation Acquires Distribution Rights For Vaccines Using MJ Biologicals Vaccine Technologies,,Benzinga,2015-01-22T21:33:44Z,2015-01-22T21:33:44Z,,https://www.benzinga.com/node/5171170,
5168789,PPSI,Pioneer Power Solutions Acquires Harmonics Limited; No Terms Disclosed,,Benzinga,2015-01-22T13:56:10Z,2015-01-22T13:56:10Z,,https://www.benzinga.com/node/5168789,
5161180,PLUG,Great Things May Be Coming At Plug Power...But It Better Happen Soon,,Benzinga,2015-01-20T17:19:00Z,2015-01-22T18:40:56Z,,https://www.benzinga.com/node/5161180,
5171408,PLAY,S-1: Dave & Busters Files 6M Share Offering By Selling Shareholders,,Benzinga,2015-01-22T22:24:07Z,2015-01-22T22:24:07Z,,https://www.benzinga.com/node/5171408,
5169568,PTCT,Deutsche Bank's 2015 Top Small Cap Biotechs,,Benzinga,2015-01-22T16:09:45Z,2015-01-22T20:48:12Z,,https://www.benzinga.com/node/5169568,
5168363,RBCAA,Hilliard Lyons Upgrades Republic Bancorp to Long-term Buy,,Benzinga,2015-01-22T12:55:23Z,2015-01-22T12:55:24Z,,https://www.benzinga.com/node/5168363,
5168674,RBCAA,"UPDATE: Hilliard Lyons Upgrades Republic Bancorp to Long-Term Buy, Raises PT on Discounted Valuation",,Benzinga,2015-01-22T13:35:17Z,2015-01-22T13:35:17Z,,https://www.benzinga.com/node/5168674,
5165898,RING,Precious Metal ETFs Breaking Downtrend,,Benzinga,2015-01-21T21:53:58Z,2015-01-22T10:42:55Z,,https://www.benzinga.com/node/5165898,
5169979,RJET,Airlines Soar Following Q4 Results From Southwest Airlines And Alaska Air Group,,Benzinga,2015-01-22T16:59:06Z,2015-01-22T16:59:06Z,,https://www.benzinga.com/node/5169979,
5170107,ROP,UBS' Sector-Wide Industrial Call; Initiates Coverage On Over 15 Stocks,,Benzinga,2015-01-22T18:02:43Z,2015-01-22T18:02:43Z,,https://www.benzinga.com/node/5170107,
5167791,SBUX,"Earnings Scheduled For January 22, 2015",,Benzinga,2015-01-22T09:57:04Z,2015-01-22T09:57:05Z,,https://www.benzinga.com/node/5167791,
5167834,SBUX,"10 Must Watch Stocks for January 22, 2015",,Benzinga,2015-01-22T10:16:43Z,2015-01-22T10:16:43Z,,https://www.benzinga.com/node/5167834,
5167850,SBUX,"Earning & Economic Calendar for Thursday January 22, 2015",,Benzinga,2015-01-22T10:35:50Z,2015-01-22T10:35:50Z,,https://www.benzinga.com/node/5167850,
5167951,SERV,Servicemaster Global Holdings Files for Common Stock Offering of Up to 25M Shares,,Benzinga,2015-01-22T11:05:46Z,2015-01-22T11:05:46Z,,https://www.benzinga.com/node/5167951,
5168059,SFM,"Cowen &amp; Company Initiates Coverage on Sprouts Farmers Market at Outperform, Announces $40.00 PT",,Benzinga,2015-01-22T11:48:02Z,2015-01-22T11:48:03Z,,https://www.benzinga.com/node/5168059,
5168890,SFNC,Simmons First Reports Q4 Core EPS $0.64 vs $0.65 Est.,,Benzinga,2015-01-22T14:01:27Z,2015-01-22T14:01:27Z,,https://www.benzinga.com/node/5168890,
5169740,SBGI,Dielectric Corporation Acquires Centerline Machine; No Terms Disclosed,,Benzinga,2015-01-22T16:09:05Z,2015-01-22T16:09:05Z,,https://www.benzinga.com/node/5169740,
5170525,SBUX,Starbucks Q1 Earnings Preview,,Benzinga,2015-01-22T19:23:23Z,2015-01-22T19:40:25Z,,https://www.benzinga.com/node/5170525,
5170763,SBUX,Starbucks Earnings Expected Move ± $2.55,,Benzinga,2015-01-22T20:21:29Z,2015-01-22T20:21:29Z,,https://www.benzinga.com/node/5170763,
5170958,SBUX,"Starbucks Reports Q1 Adj. EPS $0.80, Inline, Sales $4.8B, vs $4.8B Est.; Reaffirms FY15 Outlook",,Benzinga,2015-01-22T21:03:47Z,2015-01-22T21:03:47Z,,https://www.benzinga.com/node/5170958,
5171006,SBUX,"UPDATE: Starbucks Expecting FY15 Adj. EPS $3.09-$3.13, Q2 Adj. EPS in $0.64-$0.65 Range",,Benzinga,2015-01-22T21:08:28Z,2015-01-22T21:08:28Z,,https://www.benzinga.com/node/5171006,
5171092,SBUX,Starbucks Shares Up ~4% Following EPS,,Benzinga,2015-01-22T21:21:37Z,2015-01-22T21:21:37Z,,https://www.benzinga.com/node/5171092,
5171121,SBUX,Starbucks Reports Q1 Inline With Expectations,,Benzinga,2015-01-22T21:31:20Z,2015-01-22T22:02:02Z,,https://www.benzinga.com/node/5171121,
5171394,SBUX,"From Starbucks Conference Call: Expecting to Hit FY19 Operating Income $1B+ in China, Asia-Pacific, Sales $3B",,Benzinga,2015-01-22T22:20:57Z,2015-01-22T22:20:57Z,,https://www.benzinga.com/node/5171394,
5171429,SBUX,"Starbucks Names Kevin Johnson President, COO",,Benzinga,2015-01-22T22:35:40Z,2015-01-22T22:35:40Z,,https://www.benzinga.com/node/5171429,
5171413,SBUX,"Thursday's After-Hours Movers: Infinera Up, KLA-Tencor Down & E*TRADE Beats",,Benzinga,2015-01-22T22:39:29Z,2015-01-22T22:39:29Z,,https://www.benzinga.com/node/5171413,
5168482,SLM,NRG Home Solar Announces Strategic Partnership with Upromise by Sallie Mae,,Benzinga,2015-01-22T13:03:21Z,2015-01-22T13:03:21Z,,https://www.benzinga.com/node/5168482,
5167783,SNY,Sanofi's Genzyme Announces EC Grants Marketing Authorization for Cerdelga for Gaucher Disease Type 1,,Benzinga,2015-01-22T09:47:26Z,2015-01-22T09:47:26Z,,https://www.benzinga.com/node/5167783,
5167834,SNDK,"10 Must Watch Stocks for January 22, 2015",,Benzinga,2015-01-22T10:16:43Z,2015-01-22T10:16:43Z,,https://www.benzinga.com/node/5167834,
5167984,SNDK,"B Riley Downgrades SanDisk to Neutral, Lowers PT to $84.00",,Benzinga,2015-01-22T11:18:36Z,2015-01-22T11:18:37Z,,https://www.benzinga.com/node/5167984,
5168576,SNDK,Benzinga's Top #PreMarket Losers,,Benzinga,2015-01-22T13:19:08Z,2015-01-22T13:19:08Z,,https://www.benzinga.com/node/5168576,
5168757,SNDK,B Riley Downgrades SanDisk To Neutral,,Benzinga,2015-01-22T13:48:21Z,2015-01-22T13:48:21Z,,https://www.benzinga.com/node/5168757,
5168962,SNDK,Benzinga's Top Downgrades,,Benzinga,2015-01-22T14:05:18Z,2015-01-22T14:05:18Z,,https://www.benzinga.com/node/5168962,
5168753,SNDK,Morning Movers,,Benzinga,2015-01-22T14:15:25Z,2015-01-22T14:15:25Z,,https://www.benzinga.com/node/5168753,
5169134,SNDK,Wedbush Downgrades SanDisk to Neutral,,Benzinga,2015-01-22T14:23:41Z,2015-01-22T14:23:41Z,,https://www.benzinga.com/node/5169134,
5169163,SNDK,"UPDATE: Stifel Reiterates Buy Rating, Lowers PT on SanDisk Corporation Following 4Q14 Revenue Report",,Benzinga,2015-01-22T14:31:59Z,2015-01-22T14:32:17Z,,https://www.benzinga.com/node/5169163,
5169374,SNDK,Morning Market Losers,,Benzinga,2015-01-22T15:01:13Z,2015-01-22T15:01:13Z,,https://www.benzinga.com/node/5169374,
5167791,SWKS,"Earnings Scheduled For January 22, 2015",,Benzinga,2015-01-22T09:57:04Z,2015-01-22T09:57:05Z,,https://www.benzinga.com/node/5167791,
5168058,SYNA,"BMO Capital Initiates Coverage on Synaptics at Outperform, Announces $85.00 PT",,Benzinga,2015-01-22T11:47:30Z,2015-01-22T11:47:31Z,,https://www.benzinga.com/node/5168058,
5168300,SUNE,SunEdison Announces Pricing Of $400M Convertible Senior Note Offering,,Benzinga,2015-01-22T12:35:32Z,2015-01-22T12:35:32Z,,https://www.benzinga.com/node/5168300,
5168301,SUNE,"SunEdison Reports Pricing of Convertible Senior Note Offering: Rate 39.6118 Shares Per $1,000 at $25.25/Share",,Benzinga,2015-01-22T12:35:53Z,2015-01-22T12:35:53Z,,https://www.benzinga.com/node/5168301,
5168248,STX,Brean Capital Remains Bullish on Seagate Technology PLC,,Benzinga,2015-01-22T12:37:03Z,2015-01-22T12:37:03Z,,https://www.benzinga.com/node/5168248,
5169472,STX,Hearing Unconfirmed Market Chatter of $72 Tender Offer for Seagate Technology by Samsung,,Benzinga,2015-01-22T15:13:18Z,2015-01-22T15:13:18Z,,https://www.benzinga.com/node/5169472,
5170157,STX,Morningstar Analyst Says Samsung-Seagate Buyout Rumor 'Seems A Bit Odd',,Benzinga,2015-01-22T17:44:40Z,2015-01-22T17:44:40Z,,https://www.benzinga.com/node/5170157,
5170180,STX,Exclusive: Longbow Research Analyst Says Samsung-Seagate Buyout Rumor Is 'Highly Improbable',,Benzinga,2015-01-22T18:12:30Z,2015-01-22T18:14:38Z,,https://www.benzinga.com/node/5170180,
5170357,STX,Robert W Baird & Co Analyst Sees Samsung-Seagate Takeover As 'Unlikely',,Benzinga,2015-01-22T18:41:02Z,2015-01-22T18:41:02Z,,https://www.benzinga.com/node/5170357,
5170612,SWKS,Skyworks Solutions Q1 Earnings Preview,,Benzinga,2015-01-22T19:52:07Z,2015-01-22T19:52:07Z,,https://www.benzinga.com/node/5170612,
5171051,SWKS,"Skyworks Solutions Reports Q1 Adj. EPS $1.26, Sales $805.5M; Expecting Q2 Sales ~$750M",,Benzinga,2015-01-22T21:15:50Z,2015-01-22T21:15:50Z,,https://www.benzinga.com/node/5171051,
5171181,SWKS,Skyworks Solutions Beats Q1 Expectations,,Benzinga,2015-01-22T21:45:41Z,2015-01-22T21:45:41Z,,https://www.benzinga.com/node/5171181,
5171484,STX,"Benzinga's M&A Chatter for Thursday January 22, 2015",,Benzinga,2015-01-22T23:00:17Z,2015-01-22T23:00:17Z,,https://www.benzinga.com/node/5171484,
5171471,TCBI,"Joe Terranova Adds Texas Capital Bancshares Inc To His Portfolio, Sells iPath S&P 500 VIX Short Term Futures TM ETN",,Benzinga,2015-01-22T23:58:25Z,2015-01-22T23:58:25Z,,https://www.benzinga.com/node/5171471,
5167823,TMUS,"UPDATE: Google to Resell Wireless Service on Sprint, T-Mobile Networks, According to Sources -DJ",,Benzinga,2015-01-22T10:04:39Z,2015-01-22T10:04:39Z,,https://www.benzinga.com/node/5167823,
5167791,TZOO,"Earnings Scheduled For January 22, 2015",,Benzinga,2015-01-22T09:57:04Z,2015-01-22T09:57:05Z,,https://www.benzinga.com/node/5167791,
5167791,UAL,"Earnings Scheduled For January 22, 2015",,Benzinga,2015-01-22T09:57:04Z,2015-01-22T09:57:05Z,,https://www.benzinga.com/node/5167791,
5167834,UAL,"10 Must Watch Stocks for January 22, 2015",,Benzinga,2015-01-22T10:16:43Z,2015-01-22T10:16:43Z,,https://www.benzinga.com/node/5167834,
5167947,TSL,Trina Solar Comments on ITC's Final Determination in Antidumping Duty and Countervailing Duty Investigations,,Benzinga,2015-01-22T11:02:10Z,2015-01-22T11:02:10Z,,https://www.benzinga.com/node/5167947,
5168260,UAL,United Continental Reports Q4 Sales $9.3B,,Benzinga,2015-01-22T12:30:25Z,2015-01-22T12:30:25Z,,https://www.benzinga.com/node/5168260,
5168289,UAL,United Continental Reports Q4 Adj. EPS $1.20 vs $1.22 Est.,,Benzinga,2015-01-22T12:31:48Z,2015-01-22T12:31:48Z,,https://www.benzinga.com/node/5168289,
5168488,TZOO,"TravelZoo Reports Q4 Adj. Loss of $0.04/Share, Sales $31.5M",,Benzinga,2015-01-22T13:03:52Z,2015-01-22T13:03:52Z,,https://www.benzinga.com/node/5168488,
5168557,UAL,Benzinga's Top #PreMarket Gainers,,Benzinga,2015-01-22T13:11:26Z,2015-01-22T13:26:53Z,,https://www.benzinga.com/node/5168557,
5168605,UAL,UPDATE: United Continental Q4 Profit Misses Expectations,,Benzinga,2015-01-22T13:28:09Z,2015-01-22T13:28:09Z,,https://www.benzinga.com/node/5168605,
5168936,TTEK,Tetra Tech Wins $185M Contract,,Benzinga,2015-01-22T14:02:22Z,2015-01-22T14:02:23Z,,https://www.benzinga.com/node/5168936,
5168753,UAL,Morning Movers,,Benzinga,2015-01-22T14:15:25Z,2015-01-22T14:15:25Z,,https://www.benzinga.com/node/5168753,
5169374,TZOO,Morning Market Losers,,Benzinga,2015-01-22T15:01:13Z,2015-01-22T15:01:13Z,,https://www.benzinga.com/node/5169374,
5169523,UAL,Stocks Hitting 52-Week Highs,,Benzinga,2015-01-22T15:25:37Z,2015-01-22T15:26:06Z,,https://www.benzinga.com/node/5169523,
5169562,TZOO,Stocks Hitting 52-Week Lows,,Benzinga,2015-01-22T15:32:46Z,2015-01-22T15:32:46Z,,https://www.benzinga.com/node/5169562,
5169563,UAL,United Continental Earnings Call Begins,,Benzinga,2015-01-22T15:32:47Z,2015-01-22T15:32:47Z,,https://www.benzinga.com/node/5169563,
5169844,UAL,UAL CFO Says Current Focus Is on Buybacks Not Dividends,,Benzinga,2015-01-22T16:19:28Z,2015-01-22T16:19:28Z,,https://www.benzinga.com/node/5169844,
5169979,UAL,Airlines Soar Following Q4 Results From Southwest Airlines And Alaska Air Group,,Benzinga,2015-01-22T16:59:06Z,2015-01-22T16:59:06Z,,https://www.benzinga.com/node/5169979,
5166706,TSLA,Will M&A Frenzy Hit The Auto Industry?,,Benzinga,2015-01-22T17:54:32Z,2015-01-22T17:54:32Z,,https://www.benzinga.com/node/5166706,
5166221,TUR,Emerging Markets Benefiting From Lower Oil,,Benzinga,2015-01-22T19:07:57Z,2015-01-22T19:07:57Z,,https://www.benzinga.com/node/5166221,
5170321,TSLA,Morgan Stanley Analyst Explains The Reasons Behind Tesla's Price Target Cut,,Benzinga,2015-01-22T20:20:38Z,2015-01-22T20:21:17Z,,https://www.benzinga.com/node/5170321,
5171432,TZOO,13G: Osmium Partners Reports 5.2% Stake In Travelzoo,,Benzinga,2015-01-22T22:38:10Z,2015-01-22T22:38:11Z,,https://www.benzinga.com/node/5171432,
5167977,VRSN,"JP Morgan Downgrades VeriSign to Underweight, Maintains $57.50 PT",,Benzinga,2015-01-22T11:16:24Z,2015-01-22T11:16:25Z,,https://www.benzinga.com/node/5167977,
5168251,VRSN,JP Morgan Downgrades VeriSign To Underweight,,Benzinga,2015-01-22T12:29:48Z,2015-01-22T12:29:48Z,,https://www.benzinga.com/node/5168251,
5168962,VRSN,Benzinga's Top Downgrades,,Benzinga,2015-01-22T14:05:18Z,2015-01-22T14:05:18Z,,https://www.benzinga.com/node/5168962,
5164965,VSTM,5 More Biotech Secondaries Traders Are Watching,,Benzinga,2015-01-21T18:32:16Z,2015-01-22T17:49:14Z,,https://www.benzinga.com/node/5164965,
5168283,WDC,Brean Capital Remains Bullish on Western Digital Corp.,,Benzinga,2015-01-22T12:37:40Z,2015-01-22T12:37:40Z,,https://www.benzinga.com/node/5168283,
5171276,WSBC,"WesBanco, ESB Financial Announce Shareholders Approve Merger Agreement",,Benzinga,2015-01-22T21:54:21Z,2015-01-22T21:54:21Z,,https://www.benzinga.com/node/5171276,
5167956,WYNN,"Union Gaming Initiates Coverage on Wynn Resorts at Buy, Announces $175.00 PT",,Benzinga,2015-01-22T11:08:45Z,2015-01-22T11:08:46Z,,https://www.benzinga.com/node/5167956,
5168748,WYNN,Union Gaming Initiates Wynn Resorts At Buy,,Benzinga,2015-01-22T13:43:31Z,2015-01-22T13:43:31Z,,https://www.benzinga.com/node/5168748,
5169004,WYNN,Benzinga's Top Initiations,,Benzinga,2015-01-22T14:11:48Z,2015-01-22T14:11:48Z,,https://www.benzinga.com/node/5169004,
5169089,XRAY,Barrington Research Assumes DENTSPLY International at Market Perform,,Benzinga,2015-01-22T14:22:19Z,2015-01-22T14:22:20Z,,https://www.benzinga.com/node/5169089,
5169592,XRAY,Barrington Research Reassumes DENTSPLY International With Market Perform Rating On Limited Upside,,Benzinga,2015-01-22T16:26:09Z,2015-01-22T16:26:09Z,,https://www.benzinga.com/node/5169592,
5172170,AAPL,"Gartner Says Samsung, Apple Account for 17% of Semiconductor Demand -DigiTimes",,Benzinga,2015-01-23T10:32:45Z,2015-01-23T10:32:45Z,,https://www.benzinga.com/node/5172170,
5172493,AAPL,Why This Hedge Fund Manager Pairs Trades Apple and Microsoft,,Benzinga,2015-01-23T12:49:52Z,2015-01-23T12:49:52Z,,https://www.benzinga.com/node/5172493,
5173059,AAPL,Brean Capital Raises Skyworks Solution Price Target To $92 From $70,,Benzinga,2015-01-23T14:42:35Z,2015-01-23T14:42:35Z,,https://www.benzinga.com/node/5173059,
5173180,AAPL,JP Morgan Wonders If The Apple Watch HaS A Battery Problem,,Benzinga,2015-01-23T15:16:36Z,2015-01-23T15:16:36Z,,https://www.benzinga.com/node/5173180,
5171406,AAPL,Will Apple Rise On Record iPhone Sales Or Fall On Weak Apple Watch Guidance?,,Benzinga,2015-01-23T17:12:04Z,2015-01-23T17:13:13Z,,https://www.benzinga.com/node/5171406,
5173919,AAPL,Deutsche Bank: No Catalyst For Apple Inc. Shares,,Benzinga,2015-01-23T17:59:35Z,2015-01-23T17:59:35Z,,https://www.benzinga.com/node/5173919,
5173839,AAPL,Apple And Instagram Get Harsh On Marijuana Entrepreneurs,,Benzinga,2015-01-23T18:40:13Z,2015-01-23T18:42:29Z,,https://www.benzinga.com/node/5173839,
5170051,AAPL,Google's Plan to Sell Wireless Data Plans 'Directly' To Consumers Has A Slight Negative Impact On Apple,,Benzinga,2015-01-22T18:17:53Z,2015-01-23T20:06:10Z,,https://www.benzinga.com/node/5170051,
5173897,AAPL,Prince Alwaleed bin Talal: Saudi Arabia Is Not Using Oil Price To Impact Fracking Industry In United States,,Benzinga,2015-01-23T20:51:29Z,2015-01-23T20:51:29Z,,https://www.benzinga.com/node/5173897,
5172286,AMAT,"Applied Materials, Tokyo Electron Limited are Actively Engaged with Regulators Around the World to Secure Approval of Proposed Business Combination -8-K",,Benzinga,2015-01-23T11:20:25Z,2015-01-23T11:20:26Z,,https://www.benzinga.com/node/5172286,
5171405,AMZN,Morgan Stanley Remains Bullish On Amazon,,Benzinga,2015-01-23T12:39:07Z,2015-01-23T12:42:40Z,,https://www.benzinga.com/node/5171405,
5172824,AMZN,"Oppenheimer Maintains Outperform on Amazon.com, Raises PT to $396.00",,Benzinga,2015-01-23T13:50:38Z,2015-01-23T13:50:38Z,,https://www.benzinga.com/node/5172824,
5173008,AMZN,"UPS Shares Getting Crushed, Dragging Down Market",,Benzinga,2015-01-23T14:34:34Z,2015-01-23T14:34:34Z,,https://www.benzinga.com/node/5173008,
5173257,AMID,"UPDATE: Wunderlich Securities Reiterates Buy Rating, Lowers PT on American Midstream Partners LP as Company Reevaluates 2015 Guidance",,Benzinga,2015-01-23T15:08:17Z,2015-01-23T15:08:17Z,,https://www.benzinga.com/node/5173257,
5171797,AMZN,Class-A Mall REITs Have Last Laugh - All Trading At 52-Week Highs,,Benzinga,2015-01-23T19:07:38Z,2015-01-23T19:09:45Z,,https://www.benzinga.com/node/5171797,
5174117,AMZN,Tigress Financial Initiates Coverage Alibaba Group Holding,,Benzinga,2015-01-23T19:17:00Z,2015-01-23T19:17:00Z,,https://www.benzinga.com/node/5174117,
5174072,AMZN,Analyst Sees FY15 Catalysts For Amazon.com Inc.,,Benzinga,2015-01-23T19:26:02Z,2015-01-23T19:26:02Z,,https://www.benzinga.com/node/5174072,
5171720,ASML,Summit Research Reiterates On ASML,,Benzinga,2015-01-23T12:02:46Z,2015-01-23T12:02:46Z,,https://www.benzinga.com/node/5171720,
5172674,ARRY,Array Announces Agreement To Acquire Worldwide Rights To ENCORAFENIB,,Benzinga,2015-01-23T13:04:53Z,2015-01-23T13:04:53Z,,https://www.benzinga.com/node/5172674,
5172710,APP,American Apparel Shares Rise 25% Premarket; Hearing Renewed Chatter of Lion Capital Deal at $1.30/Share,,Benzinga,2015-01-23T13:16:14Z,2015-01-23T13:16:14Z,,https://www.benzinga.com/node/5172710,
5173199,ARRY,Array BioPharma Shares Rise 47% on Announcement of Deal to Acquire Encorafenib from Novartis,,Benzinga,2015-01-23T14:52:38Z,2015-01-23T14:52:38Z,,https://www.benzinga.com/node/5173199,
5173203,ARRY,Morning Market Gainers,,Benzinga,2015-01-23T14:53:48Z,2015-01-23T14:53:48Z,,https://www.benzinga.com/node/5173203,
5173321,APA,Hearing Unconfirmed Takeover Chatter in Apache,,Benzinga,2015-01-23T15:10:41Z,2015-01-23T15:10:41Z,,https://www.benzinga.com/node/5173321,
5173673,ARRY,Why Shares Of Array BioPharma Are Surging More Than 30 Percent,,Benzinga,2015-01-23T16:52:47Z,2015-01-23T16:52:47Z,,https://www.benzinga.com/node/5173673,
5173932,APC,"8-K from Anadarko Shows Co. Paid Settlement Proceeds Related to Tronox Proceeding, Exisiting Credit Facility Terminated",,Benzinga,2015-01-23T18:00:20Z,2015-01-23T18:00:20Z,,https://www.benzinga.com/node/5173932,
5174057,APP,"Bigger Capital, Bachelier, Bigger Family Delivered Letter to American Apparel's Board Of Directors",,Benzinga,2015-01-23T18:47:09Z,2015-01-23T18:47:09Z,,https://www.benzinga.com/node/5174057,
5174059,APP,UPDATE: Bigger Capital Issues Warning Related to Standard General's Conflicts of Interest Related to American Apparel,,Benzinga,2015-01-23T18:48:46Z,2015-01-23T18:48:46Z,,https://www.benzinga.com/node/5174059,
5174331,APC,'Historic $5.15 Billion Environmental and Tort Settlement with Anadarko Petroleum Corp. Goes into Effect',,Benzinga,2015-01-23T20:43:49Z,2015-01-23T20:43:50Z,,https://www.benzinga.com/node/5174331,
5174504,ATLO,Ames National Reports Q4 EPS of $0.34/share,,Benzinga,2015-01-23T21:33:56Z,2015-01-23T21:33:56Z,,https://www.benzinga.com/node/5174504,
5173490,BMR,New Equity Income ETF with a Twist,,Benzinga,2015-01-23T20:18:46Z,2015-01-23T20:19:14Z,,https://www.benzinga.com/node/5173490,
5173723,BOTJ,Bank of the James Financial Reports Q4 EPS of $0.28/share,,Benzinga,2015-01-23T17:01:55Z,2015-01-23T17:01:55Z,,https://www.benzinga.com/node/5173723,
5173087,CALM,BB&amp;T Capital Initiates Coverage on Cal-Maine Foods at Hold,,Benzinga,2015-01-23T14:31:45Z,2015-01-23T14:31:45Z,,https://www.benzinga.com/node/5173087,
5172304,CHKP,Macquarie Downgrades Check Point Software to Neutral,,Benzinga,2015-01-23T11:28:04Z,2015-01-23T11:28:04Z,,https://www.benzinga.com/node/5172304,
5172308,CHKP,"CORRECTION: Yesterday JP Morgan Downgraded Chesapeake Energy to Neutral, Raised PT to $83.00",,Benzinga,2015-01-23T11:29:31Z,2015-01-23T11:29:31Z,,https://www.benzinga.com/node/5172308,
5172954,CENX,"JP Morgan Downgrades Century Aluminum to Neutral, Lowers PT to $20.00",,Benzinga,2015-01-23T14:12:13Z,2015-01-23T14:12:14Z,,https://www.benzinga.com/node/5172954,
5173284,CENX,Goldman Sachs Adjusts Price Targets On Steel And Aluminum Names,,Benzinga,2015-01-23T15:45:40Z,2015-01-23T15:53:07Z,,https://www.benzinga.com/node/5173284,
5172266,CME,"GFI Group, CME Group, Commodore Acquisition Corp, Units of CME Entered Into Amendment to Agreement, Plan of Merger",,Benzinga,2015-01-23T11:14:31Z,2015-01-23T11:14:31Z,,https://www.benzinga.com/node/5172266,
5172678,CNET,"ChinaNet Subsidiary Selected for Hubei Province's Top ""500 Projects"" Program",,Benzinga,2015-01-23T13:06:24Z,2015-01-23T13:06:24Z,,https://www.benzinga.com/node/5172678,
5172255,CMCSA,Comcast Sees A Rocky Road Ahead,,Benzinga,2015-01-23T18:55:30Z,2015-01-23T18:55:30Z,,https://www.benzinga.com/node/5172255,
5172113,CSIQ,Canadian Solar Completes Sale of Glenarm Solar Power Plant to DIF,,Benzinga,2015-01-23T09:32:12Z,2015-01-23T09:32:12Z,,https://www.benzinga.com/node/5172113,
5172314,CUB,"SunTrust Robinson Humphrey Upgrades Cubic to Buy, Raises PT to $28.00",,Benzinga,2015-01-23T11:30:47Z,2015-01-23T11:30:48Z,,https://www.benzinga.com/node/5172314,
5172966,CYN,"Raymond James Downgrades City National to Market Perform, Removes $84.00 PT",,Benzinga,2015-01-23T14:15:24Z,2015-01-23T14:15:24Z,,https://www.benzinga.com/node/5172966,
5172968,CYN,"Maxim Group Downgrades City National to Hold, Removes $88.00 PT",,Benzinga,2015-01-23T14:15:39Z,2015-01-23T14:15:40Z,,https://www.benzinga.com/node/5172968,
5171785,DLTR,"Jim Cramer Shares His Thoughts On Gold, Kinder Morgan Inc And Dollar Tree, Inc.",,Benzinga,2015-01-23T11:45:39Z,2015-01-23T11:45:39Z,,https://www.benzinga.com/node/5171785,
5172704,DLTR,Brian Sozzi Wonders If CVS Health Will Scoop Up Divested Family Dollar/Dollar Tree Stores,,Benzinga,2015-01-23T13:18:39Z,2015-01-23T13:20:14Z,,https://www.benzinga.com/node/5172704,
5172985,DYN,5 Utilities Stocks With The Highest EPS Growth Forecast For Next Year,,Benzinga,2015-01-23T14:18:59Z,2015-01-23T14:18:59Z,,https://www.benzinga.com/node/5172985,
5173063,EGBN,Sandler O'Neill Upgrades Eagle Bancorp to Buy,,Benzinga,2015-01-23T14:29:58Z,2015-01-23T14:29:59Z,,https://www.benzinga.com/node/5173063,
5172872,EXPE,Expedia Announces Acquisition of Travelocity From Sabre For $280M Cash,,Benzinga,2015-01-23T14:01:22Z,2015-01-23T14:01:22Z,,https://www.benzinga.com/node/5172872,
5173299,EXPE,Sabre Unloads Corp Travelocity Unit To Expedia Inc. For $280 Million,,Benzinga,2015-01-23T15:51:10Z,2015-01-23T15:51:10Z,,https://www.benzinga.com/node/5173299,
5172816,FTNT,"Oppenheimer Maintains Outperform on Fortinet, Raises PT to $35.00",,Benzinga,2015-01-23T13:49:44Z,2015-01-23T13:49:45Z,,https://www.benzinga.com/node/5172816,
5170619,GOOGL,Google Acquiring Twitter? Bob Peck Thinks Difficult But Not Impossible,,Benzinga,2015-01-23T12:00:24Z,2015-01-23T12:00:53Z,,https://www.benzinga.com/node/5170619,
5170502,GOOG,Microsoft's HoloLens Is What 'You'd Expect From A Cutting-Edge Technology Company',,Benzinga,2015-01-23T12:13:04Z,2015-01-23T12:13:04Z,,https://www.benzinga.com/node/5170502,
5173255,GPRO,"NHL, GoPro Form Partnership",,Benzinga,2015-01-23T15:01:35Z,2015-01-23T15:01:35Z,,https://www.benzinga.com/node/5173255,
5173375,GPRO,Shares Of GoPro Tick Higher Following Agreement With National Hockey League,,Benzinga,2015-01-23T15:34:11Z,2015-01-23T15:34:11Z,,https://www.benzinga.com/node/5173375,
5173412,GPRO,"Top Performing Industries For January 23, 2015",,Benzinga,2015-01-23T15:40:11Z,2015-01-23T15:40:11Z,,https://www.benzinga.com/node/5173412,
5173896,GRPN,Option Alert: Groupon Feb $15 Call; 3500 Contract Trade at Ask $0.41; Now $7.46,,Benzinga,2015-01-23T17:43:38Z,2015-01-23T17:44:31Z,,https://www.benzinga.com/node/5173896,
5172255,GOOG,Comcast Sees A Rocky Road Ahead,,Benzinga,2015-01-23T18:55:30Z,2015-01-23T18:55:30Z,,https://www.benzinga.com/node/5172255,
5171797,GOOG,Class-A Mall REITs Have Last Laugh - All Trading At 52-Week Highs,,Benzinga,2015-01-23T19:07:38Z,2015-01-23T19:09:45Z,,https://www.benzinga.com/node/5171797,
5170051,GOOG,Google's Plan to Sell Wireless Data Plans 'Directly' To Consumers Has A Slight Negative Impact On Apple,,Benzinga,2015-01-22T18:17:53Z,2015-01-23T20:06:10Z,,https://www.benzinga.com/node/5170051,
5170051,GOOGL,Google's Plan to Sell Wireless Data Plans 'Directly' To Consumers Has A Slight Negative Impact On Apple,,Benzinga,2015-01-22T18:17:53Z,2015-01-23T20:06:10Z,,https://www.benzinga.com/node/5170051,
5172271,HERO,Raymond James Downgrades Hercules Offshore to Underperform,,Benzinga,2015-01-23T11:17:34Z,2015-01-23T11:17:34Z,,https://www.benzinga.com/node/5172271,
5172082,HON,10 Stocks You Should Be Watching Today,,Benzinga,2015-01-23T09:05:03Z,2015-01-23T09:05:03Z,,https://www.benzinga.com/node/5172082,
5172153,HON,"Earnings Scheduled For January 23, 2015",,Benzinga,2015-01-23T10:09:49Z,2015-01-23T10:09:49Z,,https://www.benzinga.com/node/5172153,
5172161,HON,"Earning, Economic & IPO Calendar for Friday January 23, 2015",,Benzinga,2015-01-23T10:21:48Z,2015-01-23T10:21:48Z,,https://www.benzinga.com/node/5172161,
5172386,HON,"Honeywell Q4 Slaes 10.266B, EPS $1.43",,Benzinga,2015-01-23T12:01:01Z,2015-01-23T12:01:01Z,,https://www.benzinga.com/node/5172386,
5172397,HON,Honeywell International Sees FY2015 EPS $5.95-6.15 vs $6.11 Est,,Benzinga,2015-01-23T12:01:36Z,2015-01-23T12:01:37Z,,https://www.benzinga.com/node/5172397,
5172429,HON,Honeywell International Sees FY2015 Sales $40.50B-41.10B,,Benzinga,2015-01-23T12:02:13Z,2015-01-23T12:02:13Z,,https://www.benzinga.com/node/5172429,
5172432,HON,Honeywell Reports Q4 Adj. EPS $1.43 vs $1.42 Est.,,Benzinga,2015-01-23T12:05:55Z,2015-01-23T12:05:55Z,,https://www.benzinga.com/node/5172432,
5172454,HON,"Honeywell Issues Presentation Slides Ahead of Conference Call: Expecting Q1 EPS $1.36-$1.41 vs $1.40 Est., Sales $9.4-$9.6B",,Benzinga,2015-01-23T12:20:20Z,2015-01-23T12:20:20Z,,https://www.benzinga.com/node/5172454,
5172731,HON,UPDATE: Honeywell Q4 Earnings Beat Views,,Benzinga,2015-01-23T13:24:08Z,2015-01-23T13:24:08Z,,https://www.benzinga.com/node/5172731,
5172680,IBCP,Independent Bank Corporation Announces Authorization To Buyback Up To 5% Of Its Outstanding Stock,,Benzinga,2015-01-23T13:07:15Z,2015-01-23T13:07:15Z,,https://www.benzinga.com/node/5172680,
5170860,IEP,Why Carl Icahn Is Bearish On Oil?,,Benzinga,2015-01-23T13:12:31Z,2015-01-23T13:12:32Z,,https://www.benzinga.com/node/5170860,
5172152,INTC,"Intel to Form Stylus Alliance, According to Sources -DigiTimes",,Benzinga,2015-01-23T10:06:32Z,2015-01-23T10:06:32Z,,https://www.benzinga.com/node/5172152,
5172539,INCY,Incyte Earns $25M Payment; Jakavi Receives Approval By CHMP,,Benzinga,2015-01-23T12:40:32Z,2015-01-23T12:40:32Z,,https://www.benzinga.com/node/5172539,
5172520,JBHT,"UPDATE: Credit Suisse Reiterates Outperform Rating, Raises PT on JB Hunt Transport Services on EPS Revisions",,Benzinga,2015-01-23T12:40:16Z,2015-01-23T12:40:16Z,,https://www.benzinga.com/node/5172520,
5172677,ISRG,Morgan Stanley Sees 2015 as Execution Year for Intuitive Surgical,,Benzinga,2015-01-23T13:15:10Z,2015-01-23T13:15:10Z,,https://www.benzinga.com/node/5172677,
5172873,JVA,Coffee Holding Co. Reports FY14 Net Sales $108.9M,,Benzinga,2015-01-23T14:01:25Z,2015-01-23T14:01:25Z,,https://www.benzinga.com/node/5172873,
5173090,JBHT,Deutsche Bank Downgrades JB Hunt Transport to Hold,,Benzinga,2015-01-23T14:32:00Z,2015-01-23T14:32:00Z,,https://www.benzinga.com/node/5173090,
5173198,JBHT,"UPDATE: Deutsche Bank Downgrades JB Hunt Transport Services to Hold, Reiterates $91 PT as Shares are Closer to Fair Value",,Benzinga,2015-01-23T15:07:32Z,2015-01-23T15:07:32Z,,https://www.benzinga.com/node/5173198,
5172082,KMB,10 Stocks You Should Be Watching Today,,Benzinga,2015-01-23T09:05:03Z,2015-01-23T09:05:03Z,,https://www.benzinga.com/node/5172082,
5172153,KMB,"Earnings Scheduled For January 23, 2015",,Benzinga,2015-01-23T10:09:49Z,2015-01-23T10:09:49Z,,https://www.benzinga.com/node/5172153,
5172510,KMB,"Kimberly-Clark Reports Q4 Adj. EPS from Cont. Ops. $1.35 vs $1.36 Est., Sales $4.83B vs $4.92B Est.",,Benzinga,2015-01-23T12:30:53Z,2015-01-23T12:30:53Z,,https://www.benzinga.com/node/5172510,
5172529,KMB,Kimberly-Clark Sees FY2015 EPS $5.60-5.80 vs $6.00 Est; Sees Sales $18.54B-19.13B vs $19.84B Est,,Benzinga,2015-01-23T12:40:13Z,2015-01-23T12:40:14Z,,https://www.benzinga.com/node/5172529,
5172540,KMB,Kimberly Clark Expects $0.8B to $1B of Share Repurchases in FY 2015,,Benzinga,2015-01-23T12:41:19Z,2015-01-23T12:41:19Z,,https://www.benzinga.com/node/5172540,
5172830,KMB,Friday Morning Movers,,Benzinga,2015-01-23T14:02:43Z,2015-01-23T14:02:43Z,,https://www.benzinga.com/node/5172830,
5173105,KMB,UPDATE: Kimberly-Clark Issues Weak FY15 Forecast,,Benzinga,2015-01-23T14:39:43Z,2015-01-23T14:39:43Z,,https://www.benzinga.com/node/5173105,
5173228,KMB,Morning Market Losers,,Benzinga,2015-01-23T15:00:25Z,2015-01-23T15:00:25Z,,https://www.benzinga.com/node/5173228,
5174202,KLAC,"Citi Comments On KLA-Tencor, Says Investors Should Focus On Full Year Outlook",,Benzinga,2015-01-23T19:57:52Z,2015-01-23T19:57:53Z,,https://www.benzinga.com/node/5174202,
5172831,LAKE,WHO's Aylward Says Running Out of Cash Needed to Fight Ebola; Needs $260M; 4-5 Months Best Case for Virus to Stop -Reuters,,Benzinga,2015-01-23T13:56:08Z,2015-01-23T13:56:08Z,,https://www.benzinga.com/node/5172831,
5173410,LBTYA,On Bloomberg TV: Liberty Global CEO Says European Mobile Consolidation Is 'Inevitable',,Benzinga,2015-01-23T15:38:55Z,2015-01-23T15:38:55Z,,https://www.benzinga.com/node/5173410,
5173471,LBTYA,Liberty Global CEO On Net Neutrality And Consolidation In Media Space,,Benzinga,2015-01-23T21:12:20Z,2015-01-23T21:12:20Z,,https://www.benzinga.com/node/5173471,
5172264,LULU,"JP Morgan Upgrades Lululemon Athletica to Overweight, Raises PT to $75.00",,Benzinga,2015-01-23T11:13:57Z,2015-01-23T11:13:57Z,,https://www.benzinga.com/node/5172264,
5172557,LULU,JP Morgan Upgrades Lululemon Athletica To Overweight,,Benzinga,2015-01-23T12:46:40Z,2015-01-23T12:46:40Z,,https://www.benzinga.com/node/5172557,
5172830,LULU,Friday Morning Movers,,Benzinga,2015-01-23T14:02:43Z,2015-01-23T14:02:43Z,,https://www.benzinga.com/node/5172830,
5173203,LULU,Morning Market Gainers,,Benzinga,2015-01-23T14:53:48Z,2015-01-23T14:53:48Z,,https://www.benzinga.com/node/5173203,
5173351,LULU,Stocks Hitting 52-Week Highs,,Benzinga,2015-01-23T15:22:42Z,2015-01-23T15:22:42Z,,https://www.benzinga.com/node/5173351,
5172983,LULU,Benzinga's Top Upgrades,,Benzinga,2015-01-23T14:18:25Z,2015-01-23T17:05:41Z,,https://www.benzinga.com/node/5172983,
5172131,MDLZ,Top 4 Stocks In The Confectioners Industry With The Highest ROI,,Benzinga,2015-01-23T09:46:46Z,2015-01-23T09:46:46Z,,https://www.benzinga.com/node/5172131,
5172327,MATW,Macquarie Upgrades Matthews International to Outperform,,Benzinga,2015-01-23T11:36:37Z,2015-01-23T11:36:38Z,,https://www.benzinga.com/node/5172327,
5173181,MBLY,Morgan Stanley comments on Mobileye N.V.,,Benzinga,2015-01-23T15:20:03Z,2015-01-23T15:20:04Z,,https://www.benzinga.com/node/5173181,
5173581,MAR,"Credit Suisse 2015 Outlook On Gaming, Lodging & Leisure",,Benzinga,2015-01-23T16:50:03Z,2015-01-23T16:50:03Z,,https://www.benzinga.com/node/5173581,
5170502,MSFT,Microsoft's HoloLens Is What 'You'd Expect From A Cutting-Edge Technology Company',,Benzinga,2015-01-23T12:13:04Z,2015-01-23T12:13:04Z,,https://www.benzinga.com/node/5170502,
5172493,MSFT,Why This Hedge Fund Manager Pairs Trades Apple and Microsoft,,Benzinga,2015-01-23T12:49:52Z,2015-01-23T12:49:52Z,,https://www.benzinga.com/node/5172493,
5173999,MSFT,How Box Will Survive A Microsoft Attack?,,Benzinga,2015-01-23T20:13:49Z,2015-01-23T20:13:50Z,,https://www.benzinga.com/node/5173999,
5174270,MSFT,Microsoft Corp. Buys 'Big Data' Software Maker For Undisclosed Terms,,Benzinga,2015-01-23T20:22:05Z,2015-01-23T20:22:05Z,,https://www.benzinga.com/node/5174270,
5174329,MYGN,"Myriad, Pathway Genomics Settle BRCA Patent Infringement Case",,Benzinga,2015-01-23T20:41:33Z,2015-01-23T20:41:33Z,,https://www.benzinga.com/node/5174329,
5173203,NEO,Morning Market Gainers,,Benzinga,2015-01-23T14:53:48Z,2015-01-23T14:53:48Z,,https://www.benzinga.com/node/5173203,
5173181,NVDA,Morgan Stanley comments on Mobileye N.V.,,Benzinga,2015-01-23T15:20:03Z,2015-01-23T15:20:04Z,,https://www.benzinga.com/node/5173181,
5172258,NWL,"Oppenheimer Downgrades Newell Rubbermaid to Market Perform, Raises PT to $40.00",,Benzinga,2015-01-23T11:11:54Z,2015-01-23T11:11:54Z,,https://www.benzinga.com/node/5172258,
5172664,NWL,Oppenheimer Downgrades Newell Rubbermaid To Market Perform,,Benzinga,2015-01-23T13:02:42Z,2015-01-23T13:02:42Z,,https://www.benzinga.com/node/5172664,
5172987,NWL,Benzinga's Top Downgrades,,Benzinga,2015-01-23T14:20:07Z,2015-01-23T14:20:07Z,,https://www.benzinga.com/node/5172987,
5171723,PAA,Oppenheimer's Top 2 Crude Oil Plays,,Benzinga,2015-01-23T12:58:19Z,2015-01-23T12:58:19Z,,https://www.benzinga.com/node/5171723,
5173081,OPK,"Opko Health Chairman Frost Buys 28,000 Shares @$10.52/Share -Form 4",,Benzinga,2015-01-23T14:30:50Z,2015-01-23T14:30:50Z,,https://www.benzinga.com/node/5173081,
5172301,PANW,Macquarie Downgrades Palo Alto Networks to Neutral,,Benzinga,2015-01-23T11:25:57Z,2015-01-23T11:25:58Z,,https://www.benzinga.com/node/5172301,
5173581,PENN,"Credit Suisse 2015 Outlook On Gaming, Lodging & Leisure",,Benzinga,2015-01-23T16:50:03Z,2015-01-23T16:50:03Z,,https://www.benzinga.com/node/5173581,
5172519,REGN,Regeneron Pharmaceuticals' EYLEA Injection Recommended For Approval By CHMP,,Benzinga,2015-01-23T12:33:38Z,2015-01-23T12:33:38Z,,https://www.benzinga.com/node/5172519,
5172131,RMCF,Top 4 Stocks In The Confectioners Industry With The Highest ROI,,Benzinga,2015-01-23T09:46:46Z,2015-01-23T09:46:46Z,,https://www.benzinga.com/node/5172131,
5172763,ROP,Roper Industries Acquires Strata Decision Technology,,Benzinga,2015-01-23T13:32:37Z,2015-01-23T13:32:37Z,,https://www.benzinga.com/node/5172763,
5172872,SABR,Expedia Announces Acquisition of Travelocity From Sabre For $280M Cash,,Benzinga,2015-01-23T14:01:22Z,2015-01-23T14:01:22Z,,https://www.benzinga.com/node/5172872,
5173299,SABR,Sabre Unloads Corp Travelocity Unit To Expedia Inc. For $280 Million,,Benzinga,2015-01-23T15:51:10Z,2015-01-23T15:51:10Z,,https://www.benzinga.com/node/5173299,
5172082,SBUX,10 Stocks You Should Be Watching Today,,Benzinga,2015-01-23T09:05:03Z,2015-01-23T09:05:03Z,,https://www.benzinga.com/node/5172082,
5172490,SBUX,US Stock Futures Mostly Higher Ahead Of McDonald's Earnings,,Benzinga,2015-01-23T12:25:03Z,2015-01-23T12:25:47Z,,https://www.benzinga.com/node/5172490,
5172708,SBUX,Benzinga's Top #PreMarket Gainers,,Benzinga,2015-01-23T13:15:45Z,2015-01-23T13:15:45Z,,https://www.benzinga.com/node/5172708,
5172811,SBUX,"Oppenheimer Maintains Outperform on Starbucks, Raises PT to $95.00",,Benzinga,2015-01-23T13:47:46Z,2015-01-23T13:47:46Z,,https://www.benzinga.com/node/5172811,
5172830,SBUX,Friday Morning Movers,,Benzinga,2015-01-23T14:02:43Z,2015-01-23T14:02:43Z,,https://www.benzinga.com/node/5172830,
5172953,SBLK,Star Bulk Announces The Sale of M/V Star Julia For Demolition,,Benzinga,2015-01-23T14:11:38Z,2015-01-23T14:11:38Z,,https://www.benzinga.com/node/5172953,
5173203,SBUX,Morning Market Gainers,,Benzinga,2015-01-23T14:53:48Z,2015-01-23T14:53:48Z,,https://www.benzinga.com/node/5173203,
5173351,SBUX,Stocks Hitting 52-Week Highs,,Benzinga,2015-01-23T15:22:42Z,2015-01-23T15:22:42Z,,https://www.benzinga.com/node/5173351,
5173385,SBLK,Stocks Hitting 52-Week Lows,,Benzinga,2015-01-23T15:29:33Z,2015-01-23T15:29:33Z,,https://www.benzinga.com/node/5173385,
5173412,SBUX,"Top Performing Industries For January 23, 2015",,Benzinga,2015-01-23T15:40:11Z,2015-01-23T15:40:11Z,,https://www.benzinga.com/node/5173412,
5172274,SLM,"Goldman Sachs Downgrades SLM to Neutral, Lowers PT to $9.50",,Benzinga,2015-01-23T11:18:47Z,2015-01-23T11:18:48Z,,https://www.benzinga.com/node/5172274,
5173567,SNY,Hedged European ETFs Lead the Rally,,Benzinga,2015-01-23T19:51:10Z,2015-01-23T19:51:10Z,,https://www.benzinga.com/node/5173567,
5172827,SWKS,"UPDATE: Brean Capital Reiterates Buy Rating, Raises PT on Skyworks Solutions as Diversification Leads Above-Seasonal March Q",,Benzinga,2015-01-23T13:56:02Z,2015-01-23T13:56:02Z,,https://www.benzinga.com/node/5172827,
5173059,SWKS,Brean Capital Raises Skyworks Solution Price Target To $92 From $70,,Benzinga,2015-01-23T14:42:35Z,2015-01-23T14:42:35Z,,https://www.benzinga.com/node/5173059,
5173336,SWKS,"UPDATE: D.A. Davidson Reiterates Buy Rating, Raises PT on Skyworks Solutions Following Strong F1Q Results",,Benzinga,2015-01-23T15:25:24Z,2015-01-23T15:25:24Z,,https://www.benzinga.com/node/5173336,
5173284,STLD,Goldman Sachs Adjusts Price Targets On Steel And Aluminum Names,,Benzinga,2015-01-23T15:45:40Z,2015-01-23T15:53:07Z,,https://www.benzinga.com/node/5173284,
5173319,STX,"Wells Fargo On Seagate Technology: 'PC, Data Center & Cloud To Drive Results But Valuation Full'",,Benzinga,2015-01-23T16:06:50Z,2015-01-23T16:06:50Z,,https://www.benzinga.com/node/5173319,
5171775,TLT,Fast Money Picks For January 23,,Benzinga,2015-01-23T11:46:42Z,2015-01-23T11:46:42Z,,https://www.benzinga.com/node/5171775,
5173755,TLT,"Why This Money Manager Just Added $BUD, $IP and $NOC To His Portfolio",,Benzinga,2015-01-23T19:26:46Z,2015-01-23T19:26:46Z,,https://www.benzinga.com/node/5173755,
5173330,UAL,Imperial Capital Increases United's Price Target by 10 Percent,,Benzinga,2015-01-23T15:30:34Z,2015-01-23T15:30:34Z,,https://www.benzinga.com/node/5173330,
5171773,VSTM,Verastem Prices 7.25M Share Offering @$6.50/Share,,Benzinga,2015-01-23T01:44:22Z,2015-01-23T01:44:22Z,,https://www.benzinga.com/node/5171773,
5174209,VNDA,Option Alert: Vanda Pharmaceuticals Mar $16 Call; 1862 Contract Trade at $0.39; Now $12.11,,Benzinga,2015-01-23T19:51:09Z,2015-01-23T19:51:41Z,,https://www.benzinga.com/node/5174209,
5173577,WMT,Wal-Mart Chile CEO Nucci To Retire,,Benzinga,2015-01-23T16:17:09Z,2015-01-23T16:17:09Z,,https://www.benzinga.com/node/5173577,
5173693,WMT,Wal-Mart Stores Inc.'s Chile Chief To Retire,,Benzinga,2015-01-23T17:04:31Z,2015-01-23T17:04:32Z,,https://www.benzinga.com/node/5173693,
5173581,WYNN,"Credit Suisse 2015 Outlook On Gaming, Lodging & Leisure",,Benzinga,2015-01-23T16:50:03Z,2015-01-23T16:50:03Z,,https://www.benzinga.com/node/5173581,
5174015,WYNN,Barclays Trims Target For Casinos Stocks But Remains Bullish,,Benzinga,2015-01-23T20:38:55Z,2015-01-23T20:38:55Z,,https://www.benzinga.com/node/5174015,
5174392,WWD,Woodward Increases Qtr Dividend From $0.08 to $0.10/Share,,Benzinga,2015-01-23T21:06:15Z,2015-01-23T21:06:15Z,,https://www.benzinga.com/node/5174392,
5175051,AAPL,"Weekly Tech Highlights: Microsoft's Surprise Invention, Apple Watch Concerns And More",,Benzinga,2015-01-24T15:41:26Z,2015-01-24T15:41:26Z,,https://www.benzinga.com/node/5175051,
5174899,GOOG,Fast Money Halftime Report Final Trade From January 23,,Benzinga,2015-01-24T15:26:44Z,2015-01-24T15:26:44Z,,https://www.benzinga.com/node/5174899,
5175051,GOOG,"Weekly Tech Highlights: Microsoft's Surprise Invention, Apple Watch Concerns And More",,Benzinga,2015-01-24T15:41:26Z,2015-01-24T15:41:26Z,,https://www.benzinga.com/node/5175051,
5175051,MSFT,"Weekly Tech Highlights: Microsoft's Surprise Invention, Apple Watch Concerns And More",,Benzinga,2015-01-24T15:41:26Z,2015-01-24T15:41:26Z,,https://www.benzinga.com/node/5175051,
5175458,AAPL,"Earnings Expectations For The Week Of January 26: Apple, Google, Microsoft And More",,Benzinga,2015-01-25T20:26:45Z,2015-01-25T20:28:47Z,,https://www.benzinga.com/node/5175458,
5175458,AMZN,"Earnings Expectations For The Week Of January 26: Apple, Google, Microsoft And More",,Benzinga,2015-01-25T20:26:45Z,2015-01-25T20:28:47Z,,https://www.benzinga.com/node/5175458,
5175450,ARLP,"Cramer Admits Mistake On Navigator Holdings Ltd, Doesn't Like Alliance Resource Partners, L.P.",,Benzinga,2015-01-25T20:18:52Z,2015-01-25T20:18:52Z,,https://www.benzinga.com/node/5175450,
5175563,ARRY,Benzinga's Weekend M&A Chatter,,Benzinga,2015-01-25T23:50:39Z,2015-01-25T23:50:39Z,,https://www.benzinga.com/node/5175563,
5172236,BEAM,Whiskey Gets Frisky In The Coming Years,,Benzinga,2015-01-25T15:39:15Z,2015-01-25T15:39:15Z,,https://www.benzinga.com/node/5172236,
5175458,GOOGL,"Earnings Expectations For The Week Of January 26: Apple, Google, Microsoft And More",,Benzinga,2015-01-25T20:26:45Z,2015-01-25T20:28:47Z,,https://www.benzinga.com/node/5175458,
5175533,HWAY,Healthways Board Explores Strategic Alternatives; Hires J.P. Morgan as Advisor,,Benzinga,2015-01-25T21:04:43Z,2015-01-25T21:04:43Z,,https://www.benzinga.com/node/5175533,
5175139,MSTX,"Mast Therapeutics President, COO Patrick Keran to Step Down Effective February 28",,Benzinga,2015-01-25T01:02:02Z,2015-01-25T01:02:02Z,,https://www.benzinga.com/node/5175139,
5175458,MSFT,"Earnings Expectations For The Week Of January 26: Apple, Google, Microsoft And More",,Benzinga,2015-01-25T20:26:45Z,2015-01-25T20:28:47Z,,https://www.benzinga.com/node/5175458,
5175534,RENT,Warner's 'American Sniper' Leads Global Box Office With $82M This Weekend,,Benzinga,2015-01-25T21:06:37Z,2015-01-25T21:29:09Z,,https://www.benzinga.com/node/5175534,
5176067,ACTG,Acacia Announces Royalty-Bearing Patent License Agreement with Arcadyan Technology,,Benzinga,2015-01-26T11:02:12Z,2015-01-26T11:02:12Z,,https://www.benzinga.com/node/5176067,
5176465,ACT,Actavis Reports Purchase of Auden Mckenzie for £306M,,Benzinga,2015-01-26T12:31:38Z,2015-01-26T12:31:38Z,,https://www.benzinga.com/node/5176465,
5176474,ACT,UPDATE: Actavis Reports Purchase of Auden Mckenzie for £306M,,Benzinga,2015-01-26T12:34:35Z,2015-01-26T12:34:36Z,,https://www.benzinga.com/node/5176474,
5176476,ACT,UPDATE: Activist Expects Auden Mckenzie Acquisition To Close In Q1 2015,,Benzinga,2015-01-26T12:36:29Z,2015-01-26T12:36:29Z,,https://www.benzinga.com/node/5176476,
5177255,AAPL,Apple Earnings Preview,,Benzinga,2015-01-26T15:14:50Z,2015-01-26T15:14:50Z,,https://www.benzinga.com/node/5177255,
5177112,AAPL,Apple Watch Doesn't Need to Succeed in 2015 According to Lemelson Capital,,Benzinga,2015-01-26T14:25:18Z,2015-01-26T15:19:37Z,,https://www.benzinga.com/node/5177112,
5176961,AAPL,Wells Fargo Said That Apple 'Will Have To Materially Beat' Expectations In Its Q1 Results,,Benzinga,2015-01-26T14:10:58Z,2015-01-26T15:19:51Z,,https://www.benzinga.com/node/5176961,
5177445,AAPL,Morgan Stanley Previews Semicondutor Earnings,,Benzinga,2015-01-26T15:47:17Z,2015-01-26T16:08:15Z,,https://www.benzinga.com/node/5177445,
5177856,ACT,Actavis Surges Amid Acquisition Of Auden Mckenzie For £306 Million,,Benzinga,2015-01-26T16:45:43Z,2015-01-26T16:45:43Z,,https://www.benzinga.com/node/5177856,
5176891,AAPL,"Apple Likely to Raise Revenue Guidance, Piper Jaffray",,Benzinga,2015-01-26T13:48:22Z,2015-01-26T16:49:58Z,,https://www.benzinga.com/node/5176891,
5177966,AAPL,"Morgan Stanley Breaks Down Best Ideas: Apple, Amazon Included",,Benzinga,2015-01-26T17:06:35Z,2015-01-26T17:06:35Z,,https://www.benzinga.com/node/5177966,
5177511,ACT,Wave Of Monday Mergers Spans Drugs To Corn Flakes,,Benzinga,2015-01-26T15:55:14Z,2015-01-26T17:19:35Z,,https://www.benzinga.com/node/5177511,
5178077,AAL,"American Airlines Cancels All Flights From New York City Area, Philadelphia, Boston Beginning Late Monday; Tuesday Operations in Northeast Expected to be Very Limited -Reuters",,Benzinga,2015-01-26T17:26:21Z,2015-01-26T17:26:21Z,,https://www.benzinga.com/node/5178077,
5178301,AAPL,Apple's Earnings Risk Is Enormous (And The Truth Lies In The Options Market),,Benzinga,2015-01-26T18:23:46Z,2015-01-26T18:24:45Z,,https://www.benzinga.com/node/5178301,
5177978,AAPL,Are Apple Shares Going To Move Higher On Quarterly Earnings? This Analyst Thinks So,,Benzinga,2015-01-26T20:23:04Z,2015-01-26T20:27:16Z,,https://www.benzinga.com/node/5177978,
5178801,AAPL,MarketTalk/HammerForum Imbalance Update: DJIA IMBAL / 15 Outta 30 FOR SALE / MIXED SELL-SIDE VOLUMES / AT&T SKEWS / SPU 2048.00,,Benzinga,2015-01-26T20:57:30Z,2015-01-26T20:57:30Z,,https://www.benzinga.com/node/5178801,
5178062,AAL,4 Stocks That Could Be Hurt By Winter Storm Juno,,Benzinga,2015-01-26T21:23:55Z,2015-01-26T21:23:55Z,,https://www.benzinga.com/node/5178062,
5179313,ACT,Actavis Registration Statement for Pending Acquisition of Allergan Declared Effective by the SEC,,Benzinga,2015-01-26T22:36:14Z,2015-01-26T22:36:14Z,,https://www.benzinga.com/node/5179313,
5179336,ACT,"Benzinga's M&A Chatter for Monday January 26, 2015",,Benzinga,2015-01-26T22:46:08Z,2015-01-26T22:46:08Z,,https://www.benzinga.com/node/5179336,
5179386,AAPL,This Analyst Believes Tesla's GigaFactory Could Be Worth $50 Billion,,Benzinga,2015-01-26T22:58:51Z,2015-01-26T23:07:57Z,,https://www.benzinga.com/node/5179386,
5179407,AAL,"American Airlines Says Tuesday Flight Cancellations Near 1,400",,Benzinga,2015-01-26T23:12:49Z,2015-01-26T23:12:49Z,,https://www.benzinga.com/node/5179407,
5178932,AEHR,Aehr Test Systems Announces Order for FOX(TM)-XP Multi-Wafer System Evaluation,,Benzinga,2015-01-26T21:10:53Z,2015-01-26T21:10:53Z,,https://www.benzinga.com/node/5178932,
5175952,ALLT,Allot Communications Annoounces Video Optimization Orders from Three New Major Mobile Operators,,Benzinga,2015-01-26T09:36:03Z,2015-01-26T09:36:03Z,,https://www.benzinga.com/node/5175952,
5174622,AMZN,Report: Netflix Inc. Signs 4-Movie Pact With Duplass Brothers,,Benzinga,2015-01-26T11:53:46Z,2015-01-26T11:53:46Z,,https://www.benzinga.com/node/5174622,
5176021,AMZN,"Don't Forget Your Book, SkyMall Is No Longer",,Benzinga,2015-01-26T12:50:39Z,2015-01-26T12:50:39Z,,https://www.benzinga.com/node/5176021,
5176794,AMZN,"Amazon Earnings Expectations Muted, SunTrust Says",,Benzinga,2015-01-26T13:38:43Z,2015-01-26T13:38:43Z,,https://www.benzinga.com/node/5176794,
5177232,AMZN,Wedbush Sees Amazon Reporting Share Gains In Q4 That Were Likely Offset By Record Spending,,Benzinga,2015-01-26T14:39:01Z,2015-01-26T14:39:01Z,,https://www.benzinga.com/node/5177232,
5177560,AMTX,Stocks Hitting 52-Week Lows,,Benzinga,2015-01-26T15:24:24Z,2015-01-26T15:24:24Z,,https://www.benzinga.com/node/5177560,
5177638,AMAT,Nasdaq Reports It Is Investigation Issues Revolving Around Applied Materials,,Benzinga,2015-01-26T15:49:55Z,2015-01-26T15:49:55Z,,https://www.benzinga.com/node/5177638,
5177649,AMAT,"NASDAQ Says AMAT Issue Relates To Top Of PHLX Orders (TOPO) Data Feed, NASDAQ PHLX Advises Firms To Ignore AMAT On TOPO For Remainder Of Day",,Benzinga,2015-01-26T15:52:19Z,2015-01-26T15:52:19Z,,https://www.benzinga.com/node/5177649,
5177718,AMD,"China's BLX Looking to Acquire AMD, According to Report Out of China",,Benzinga,2015-01-26T16:02:13Z,2015-01-26T16:02:13Z,,https://www.benzinga.com/node/5177718,
5178014,AMD,"Optiin Alert: AMD Feb $2,5 Call; 2810 Contract Trade at Ask @$0.19",,Benzinga,2015-01-26T17:03:58Z,2015-01-26T17:03:58Z,,https://www.benzinga.com/node/5178014,
5177966,AMZN,"Morgan Stanley Breaks Down Best Ideas: Apple, Amazon Included",,Benzinga,2015-01-26T17:06:35Z,2015-01-26T17:06:35Z,,https://www.benzinga.com/node/5177966,
5178092,AMD,AMD Declines Comment on Rumor of Potential Deal with BLX IC Design,,Benzinga,2015-01-26T17:35:03Z,2015-01-26T17:35:03Z,,https://www.benzinga.com/node/5178092,
5174503,AMZN,Alibaba Is A Favorite Holding Even for U.S.-Focused Funds,,Benzinga,2015-01-26T19:22:03Z,2015-01-26T19:22:03Z,,https://www.benzinga.com/node/5174503,
5177985,AMGN,5 Big Biotechs Release Earnings This Week,,Benzinga,2015-01-26T19:34:13Z,2015-01-26T19:39:09Z,,https://www.benzinga.com/node/5177985,
5178679,AMZN,"Wedbush Analyst Michael Pachter: 'I Expect Amazon To Beat, But Not By A Lot On The Bottom Line'",,Benzinga,2015-01-26T20:32:49Z,2015-01-26T20:32:49Z,,https://www.benzinga.com/node/5178679,
5178091,AMD,Analyst Thoughts On Advanced Micro Devices Takeover Rumor,,Benzinga,2015-01-26T17:42:18Z,2015-01-26T20:40:55Z,,https://www.benzinga.com/node/5178091,
5178062,AMZN,4 Stocks That Could Be Hurt By Winter Storm Juno,,Benzinga,2015-01-26T21:23:55Z,2015-01-26T21:23:55Z,,https://www.benzinga.com/node/5178062,
5178803,AMZN,Tigress Financial Partners CIO On Yahoo Earnings: 'Watch What They Do With Alibaba Money',,Benzinga,2015-01-26T22:44:15Z,2015-01-26T22:44:15Z,,https://www.benzinga.com/node/5178803,
5179333,ANIP,Roth Capital's 4 Reasons To Be Bullish On Titan Pharmaceuticals,,Benzinga,2015-01-26T22:44:55Z,2015-01-26T22:47:37Z,,https://www.benzinga.com/node/5179333,
5179338,AMZN,Morningstar's RJ Hottovy Previews Amazon's Q4 Earnings,,Benzinga,2015-01-26T22:54:40Z,2015-01-26T22:55:13Z,,https://www.benzinga.com/node/5179338,
5176499,ARRY,"Stifel Nicolaus Maintains Buy on Array BioPharma, Raises PT to $9.00",,Benzinga,2015-01-26T12:41:28Z,2015-01-26T12:41:28Z,,https://www.benzinga.com/node/5176499,
5176872,ASPS,Wholesale One Cooperative Growing In Charter Memberships and Wholesale Lender Partners,,Benzinga,2015-01-26T13:33:45Z,2015-01-26T13:33:45Z,,https://www.benzinga.com/node/5176872,
5177375,ANV,Morning Market Losers,,Benzinga,2015-01-26T14:53:51Z,2015-01-26T14:53:52Z,,https://www.benzinga.com/node/5177375,
5177235,ARRY,Trio of Wall Street Firms Up Array BioPharma Price Targets,,Benzinga,2015-01-26T15:05:56Z,2015-01-26T15:05:56Z,,https://www.benzinga.com/node/5177235,
5177552,ASPS,Form 13G: Altisource Portfolio Solutions Holder Leon Cooperman Raises Passive Stake From 5.06% In April To 11.4% Currently,,Benzinga,2015-01-26T15:20:58Z,2015-01-26T15:20:58Z,,https://www.benzinga.com/node/5177552,
5177349,ASPS,Morning Market Gainers,,Benzinga,2015-01-26T14:43:55Z,2015-01-26T17:40:16Z,,https://www.benzinga.com/node/5177349,
5176737,ASPS,Benzinga's Top #PreMarket Gainers,,Benzinga,2015-01-26T13:11:23Z,2015-01-26T17:41:04Z,,https://www.benzinga.com/node/5176737,
5179149,ARTW,Art's Way Manufacturing Reports Q4 EPS Of $0.23 On Revenues Of $36.2M,,Benzinga,2015-01-26T21:50:27Z,2015-01-26T21:50:27Z,,https://www.benzinga.com/node/5179149,
5175906,ATRO,Top 4 Small-Cap Stocks In The Aerospace/Defense Products & Services Industry With The Highest EPS,,Benzinga,2015-01-26T09:09:16Z,2015-01-26T09:09:16Z,,https://www.benzinga.com/node/5175906,
5176892,AVT,Avnet CEO: Resilience Of Tech Spending Is In Really Good Shape Right Now,,Benzinga,2015-01-26T17:58:31Z,2015-01-26T17:58:31Z,,https://www.benzinga.com/node/5176892,
5176216,BCRX,Biocryst Reports FDA Has Granted Fast Track Designation Related to BCX4161 for Treatment of Hereditary Angioedema,,Benzinga,2015-01-26T11:59:25Z,2015-01-26T11:59:25Z,,https://www.benzinga.com/node/5176216,
5176217,BCRX,BioCryst Announces FDA Fast Track Designation for BCX4161 for Treatment of Hereditary Angioedema,,Benzinga,2015-01-26T11:59:34Z,2015-01-26T12:00:03Z,,https://www.benzinga.com/node/5176217,
5175951,BMRC,"Earnings Scheduled For January 26, 2015",,Benzinga,2015-01-26T09:35:12Z,2015-01-26T09:35:12Z,,https://www.benzinga.com/node/5175951,
5176471,BIDU,ChinaNet Launches Business Direct 3.0 in Cooperation With Baidu,,Benzinga,2015-01-26T12:32:33Z,2015-01-26T12:32:33Z,,https://www.benzinga.com/node/5176471,
5176669,BMRC,Bank of Marin Reports Q4 EPS $0.78 vs $0.84 Est.,,Benzinga,2015-01-26T13:03:14Z,2015-01-26T13:03:15Z,,https://www.benzinga.com/node/5176669,
5177160,BIDU,ChinaNet Online Shares Rise 21% Following Announcement of Launch of Business Direct 3.0 in Cooperation With Baidu,,Benzinga,2015-01-26T14:20:04Z,2015-01-26T14:20:04Z,,https://www.benzinga.com/node/5177160,
5177985,BIIB,5 Big Biotechs Release Earnings This Week,,Benzinga,2015-01-26T19:34:13Z,2015-01-26T19:39:09Z,,https://www.benzinga.com/node/5177985,
5179309,BIIB,"Biogen Idec to Report Q4 And Year End 2014 Financial Results on January 29, 2015 Instead Of Wednesday January 28, 2015",,Benzinga,2015-01-26T22:32:35Z,2015-01-26T22:32:35Z,,https://www.benzinga.com/node/5179309,
5177778,CAR,"Build Up Your ""Winter Storm Juno"" Portfolio With These 5 Stocks",,Benzinga,2015-01-26T19:33:51Z,2015-01-26T21:25:47Z,,https://www.benzinga.com/node/5177778,
5176466,CHCO,City Holding Reports Q4 EPS $0.95,,Benzinga,2015-01-26T12:31:57Z,2015-01-26T12:31:57Z,,https://www.benzinga.com/node/5176466,
5177661,CHKP,Pacific Crest Gives Security Software Preview,,Benzinga,2015-01-26T19:13:40Z,2015-01-26T19:13:40Z,,https://www.benzinga.com/node/5177661,
5176213,CMCO,Columbus McKinnon Announces New $150M Revolver; To Contribute $0.27 in EPS for FY 2016,,Benzinga,2015-01-26T11:58:10Z,2015-01-26T11:58:10Z,,https://www.benzinga.com/node/5176213,
5176471,CNET,ChinaNet Launches Business Direct 3.0 in Cooperation With Baidu,,Benzinga,2015-01-26T12:32:33Z,2015-01-26T12:32:33Z,,https://www.benzinga.com/node/5176471,
5177160,CNET,ChinaNet Online Shares Rise 21% Following Announcement of Launch of Business Direct 3.0 in Cooperation With Baidu,,Benzinga,2015-01-26T14:20:04Z,2015-01-26T14:20:04Z,,https://www.benzinga.com/node/5177160,
5177618,CHTR,Pacific Crest Recommends Comcast Despite Time Warner Outcome,,Benzinga,2015-01-26T16:19:38Z,2015-01-26T16:19:38Z,,https://www.benzinga.com/node/5177618,
5177618,CMCSA,Pacific Crest Recommends Comcast Despite Time Warner Outcome,,Benzinga,2015-01-26T16:19:38Z,2015-01-26T16:19:38Z,,https://www.benzinga.com/node/5177618,
5177349,CNET,Morning Market Gainers,,Benzinga,2015-01-26T14:43:55Z,2015-01-26T17:40:16Z,,https://www.benzinga.com/node/5177349,
5179314,CME,Fast Money Halftime Report Final Trade From January 26,,Benzinga,2015-01-26T22:42:21Z,2015-01-26T22:42:21Z,,https://www.benzinga.com/node/5179314,
5175932,COST,"Top 4 NASDAQ Stocks In The Discount, Variety Stores Industry With The Highest Profit Margin",,Benzinga,2015-01-26T09:18:01Z,2015-01-26T09:18:01Z,,https://www.benzinga.com/node/5175932,
5177430,CRUS,Option Alert: Cirrus Logic Jan 30 $25 Call; 1000 Contract Trade at Ask @$1.50; Now $25.68,,Benzinga,2015-01-26T15:09:35Z,2015-01-26T15:09:35Z,,https://www.benzinga.com/node/5177430,
5175929,CVBF,"Keefe Bruyette &amp; Woods Downgrades CVB Financial to Market Perform, Lowers PT to $16.00",,Benzinga,2015-01-26T09:17:41Z,2015-01-26T09:17:41Z,,https://www.benzinga.com/node/5175929,
5174107,CZR,The Fall Of Atlantic City,,Benzinga,2015-01-26T20:05:30Z,2015-01-26T20:53:18Z,,https://www.benzinga.com/node/5174107,
5178801,CSCO,MarketTalk/HammerForum Imbalance Update: DJIA IMBAL / 15 Outta 30 FOR SALE / MIXED SELL-SIDE VOLUMES / AT&T SKEWS / SPU 2048.00,,Benzinga,2015-01-26T20:57:30Z,2015-01-26T20:57:30Z,,https://www.benzinga.com/node/5178801,
5179312,CVV,Form 8-K Shows CVD Entertainment Corp. Receives Arbitration Demand and Complaint,,Benzinga,2015-01-26T22:35:08Z,2015-01-26T22:35:08Z,,https://www.benzinga.com/node/5179312,
5175932,DLTR,"Top 4 NASDAQ Stocks In The Discount, Variety Stores Industry With The Highest Profit Margin",,Benzinga,2015-01-26T09:18:01Z,2015-01-26T09:18:01Z,,https://www.benzinga.com/node/5175932,
5175935,EA,"Credit Agricole Maintains Outperform on Electronic Arts, Raises PT to $55.00",,Benzinga,2015-01-26T09:19:58Z,2015-01-26T09:21:58Z,,https://www.benzinga.com/node/5175935,
5175939,EA,"CORRECTION: Credit Suisse Maintains Outperform on Electronic Arts, Raises PT to $55.00",,Benzinga,2015-01-26T09:21:59Z,2015-01-26T09:21:59Z,,https://www.benzinga.com/node/5175939,
5176383,EA,Needham Downgrades Electronic Arts to Buy,,Benzinga,2015-01-26T12:19:52Z,2015-01-26T12:19:53Z,,https://www.benzinga.com/node/5176383,
5176771,FLY,FLY Leasing Acquires Two New Airbus A321s,,Benzinga,2015-01-26T13:17:25Z,2015-01-26T13:17:25Z,,https://www.benzinga.com/node/5176771,
5177084,FISV,Fiserv Introduces LoanLaunch To Help Lenders Originate and Close More Loans More Efficiently,,Benzinga,2015-01-26T14:06:10Z,2015-01-26T14:06:10Z,,https://www.benzinga.com/node/5177084,
5178062,FIVE,4 Stocks That Could Be Hurt By Winter Storm Juno,,Benzinga,2015-01-26T21:23:55Z,2015-01-26T21:23:55Z,,https://www.benzinga.com/node/5178062,
5177661,FTNT,Pacific Crest Gives Security Software Preview,,Benzinga,2015-01-26T19:13:40Z,2015-01-26T19:13:40Z,,https://www.benzinga.com/node/5177661,
5175584,GOOG,"New Google Wireless Service to Toggle Between Sprint, T-Mobile, Wi-Fi to Find Best Connection, According to Sources -Wall Street Journal",,Benzinga,2015-01-26T00:54:06Z,2015-01-26T00:54:06Z,,https://www.benzinga.com/node/5175584,
5175956,GILD,Gilead Expands Hepatitis C Generic Licensing Agreements to Include GS-5816,,Benzinga,2015-01-26T09:37:40Z,2015-01-26T09:37:40Z,,https://www.benzinga.com/node/5175956,
5176376,GILD,US Stock Futures Signal Lower Start On Wall Street,,Benzinga,2015-01-26T12:14:43Z,2015-01-26T12:15:20Z,,https://www.benzinga.com/node/5176376,
5176854,GPT,Gramercy Property Trust Announces Closing of Expanded $600M Unsecured Credit Facility,,Benzinga,2015-01-26T13:32:07Z,2015-01-26T13:32:07Z,,https://www.benzinga.com/node/5176854,
5176938,GOOG,Google To Introduce Wireless Services That Switches Between Carriers,,Benzinga,2015-01-26T13:54:16Z,2015-01-26T13:54:16Z,,https://www.benzinga.com/node/5176938,
5176938,GOOGL,Google To Introduce Wireless Services That Switches Between Carriers,,Benzinga,2015-01-26T13:54:16Z,2015-01-26T13:54:16Z,,https://www.benzinga.com/node/5176938,
5177599,GPRE,Option Alert: Green Plains Jun $25 Call; 1233 Contract Trade at Ask @$3.00; Now $23.81,,Benzinga,2015-01-26T15:39:42Z,2015-01-26T15:39:42Z,,https://www.benzinga.com/node/5177599,
5174013,GOOG,10 Technologies That Cars Will Have By 2020,,Benzinga,2015-01-26T18:42:25Z,2015-01-26T18:42:25Z,,https://www.benzinga.com/node/5174013,
5174013,GOOGL,10 Technologies That Cars Will Have By 2020,,Benzinga,2015-01-26T18:42:25Z,2015-01-26T18:42:25Z,,https://www.benzinga.com/node/5174013,
5178377,GOOG,NFL Launches YouTube Channel,,Benzinga,2015-01-26T18:42:48Z,2015-01-26T18:42:48Z,,https://www.benzinga.com/node/5178377,
5174503,GILD,Alibaba Is A Favorite Holding Even for U.S.-Focused Funds,,Benzinga,2015-01-26T19:22:03Z,2015-01-26T19:22:03Z,,https://www.benzinga.com/node/5174503,
5174503,GOOGL,Alibaba Is A Favorite Holding Even for U.S.-Focused Funds,,Benzinga,2015-01-26T19:22:03Z,2015-01-26T19:22:03Z,,https://www.benzinga.com/node/5174503,
5177818,GOOGL,"Google, LinkedIn, SalesForce.com: Hummer Winblad's Top 3 Tech Stock Picks",,Benzinga,2015-01-26T20:48:18Z,2015-01-26T20:48:18Z,,https://www.benzinga.com/node/5177818,
5177709,HAS,"Worst Performing Industries For January 26, 2015",,Benzinga,2015-01-26T16:02:10Z,2015-01-26T16:02:10Z,,https://www.benzinga.com/node/5177709,
5177453,HAS,Mattel CEO Resigns Following Preliminary Q4 Results,,Benzinga,2015-01-26T15:34:19Z,2015-01-26T16:53:24Z,,https://www.benzinga.com/node/5177453,
5175902,HWAY,"7 Stocks To Watch For January 26, 2015",,Benzinga,2015-01-26T09:01:32Z,2015-01-26T09:01:33Z,,https://www.benzinga.com/node/5175902,
5176878,HTHT,"China Lodging Group, Limited (HTHT) Announces Appointments of Senior Management",,Benzinga,2015-01-26T13:35:48Z,2015-01-26T13:35:48Z,,https://www.benzinga.com/node/5176878,
5176959,HON,UPS Downgraded to Equal Weight from Overweight at Barclays,,Benzinga,2015-01-26T14:07:01Z,2015-01-26T14:07:01Z,,https://www.benzinga.com/node/5176959,
5177516,HWAY,Stocks Hitting 52-Week Highs,,Benzinga,2015-01-26T15:18:47Z,2015-01-26T15:18:47Z,,https://www.benzinga.com/node/5177516,
5178214,HON,Schlumberger and Honeywell updated by Credit Suisse,,Benzinga,2015-01-26T18:17:19Z,2015-01-26T18:17:19Z,,https://www.benzinga.com/node/5178214,
5177778,HTZ,"Build Up Your ""Winter Storm Juno"" Portfolio With These 5 Stocks",,Benzinga,2015-01-26T19:33:51Z,2015-01-26T21:25:47Z,,https://www.benzinga.com/node/5177778,
5178949,IPAR,"Inter Parfums Reports Q4 Sales Of $125.1M, Boosts 2015 Outlook",,Benzinga,2015-01-26T21:15:41Z,2015-01-26T21:15:41Z,,https://www.benzinga.com/node/5178949,
5179217,IPAR,After Hours Movers,,Benzinga,2015-01-26T22:18:38Z,2015-01-26T22:18:39Z,,https://www.benzinga.com/node/5179217,
5175951,JJSF,"Earnings Scheduled For January 26, 2015",,Benzinga,2015-01-26T09:35:12Z,2015-01-26T09:35:12Z,,https://www.benzinga.com/node/5175951,
5178828,JJSF,"J&J Snack Foods Reports Q1 EPS $0.60, Revenue Of $212.8M",,Benzinga,2015-01-26T21:01:14Z,2015-01-26T21:01:14Z,,https://www.benzinga.com/node/5178828,
5176502,LRCX,"DA Davidson Maintains Buy on Lam Research, Raises PT to $100.00",,Benzinga,2015-01-26T12:43:07Z,2015-01-26T12:43:07Z,,https://www.benzinga.com/node/5176502,
5176675,LKFN,Lakeland Financial Reports Q4 EPS $0.66 vs $0.69 Est.,,Benzinga,2015-01-26T13:03:42Z,2015-01-26T13:03:42Z,,https://www.benzinga.com/node/5176675,
5175942,MBLY,Top 4 Mid-Cap Stocks In The Application Software Industry With The Highest EPS Growth Forecast For Next Year,,Benzinga,2015-01-26T09:26:00Z,2015-01-26T09:26:00Z,,https://www.benzinga.com/node/5175942,
5177057,MAT,"Mattel Announces Bryan Stockton Has Resigned as Chair, CEO; Reports Prelim. Q4 GAAP EPS $0.44, GAAP Sales $1.99B",,Benzinga,2015-01-26T14:03:23Z,2015-01-26T14:03:24Z,,https://www.benzinga.com/node/5177057,
5177135,MAT,"Mattel Shares Fall 11% Premarket Following Announcement of Resignation of CEO, Chairman Bryan Stockton",,Benzinga,2015-01-26T14:11:03Z,2015-01-26T14:11:03Z,,https://www.benzinga.com/node/5177135,
5177136,MAT,"Mattel Reports Prelim. FY14 GAAP EPS $1.45, Sales $6.02B",,Benzinga,2015-01-26T14:11:39Z,2015-01-26T14:11:39Z,,https://www.benzinga.com/node/5177136,
5177375,MAT,Morning Market Losers,,Benzinga,2015-01-26T14:53:51Z,2015-01-26T14:53:52Z,,https://www.benzinga.com/node/5177375,
5177560,MAT,Stocks Hitting 52-Week Lows,,Benzinga,2015-01-26T15:24:24Z,2015-01-26T15:24:24Z,,https://www.benzinga.com/node/5177560,
5177445,MCHP,Morgan Stanley Previews Semicondutor Earnings,,Benzinga,2015-01-26T15:47:17Z,2015-01-26T16:08:15Z,,https://www.benzinga.com/node/5177445,
5177801,MAT,Mid-Morning Market Update: Markets Down; D.R. Horton Profit Beats Estimates,,Benzinga,2015-01-26T16:32:38Z,2015-01-26T16:32:38Z,,https://www.benzinga.com/node/5177801,
5177453,MAT,Mattel CEO Resigns Following Preliminary Q4 Results,,Benzinga,2015-01-26T15:34:19Z,2015-01-26T16:53:24Z,,https://www.benzinga.com/node/5177453,
5178071,MAT,Mid-Day Market Update: Mattel Tumbles Following Announcement of CEO Resignation; Universal Display Shares Spike Higher,,Benzinga,2015-01-26T17:31:16Z,2015-01-26T17:31:16Z,,https://www.benzinga.com/node/5178071,
5176148,MNRO,"SunTrust Robinson Humphrey Upgrades Monro Muffler Brake to Neutral, Raises PT to $54.00",,Benzinga,2015-01-26T11:21:31Z,2015-01-26T11:21:32Z,,https://www.benzinga.com/node/5176148,
5178485,MGYR,8-K from Magyar Bancorp Shows Q1 EPS $0.03 vs $0.02 in Same Qtr. Last Year,,Benzinga,2015-01-26T19:11:49Z,2015-01-26T19:11:49Z,,https://www.benzinga.com/node/5178485,
5178497,MGYR,UPDATE: Magyar Bancorp Reports Q1 Sales $4.55M,,Benzinga,2015-01-26T19:15:44Z,2015-01-26T19:15:44Z,,https://www.benzinga.com/node/5178497,
5178683,MNKD,Why MannKind Shares Are Up Nearly 5%,,Benzinga,2015-01-26T20:28:30Z,2015-01-26T20:35:37Z,,https://www.benzinga.com/node/5178683,
5178695,MNKD,Why Mannkind is Breaking Out,,Benzinga,2015-01-26T21:15:38Z,2015-01-26T21:15:38Z,,https://www.benzinga.com/node/5178695,
5179080,MGYR,Magyar Bancorp Reports Q1 EPS Of $0.03,,Benzinga,2015-01-26T21:33:32Z,2015-01-26T21:33:32Z,,https://www.benzinga.com/node/5179080,
5175902,MSFT,"7 Stocks To Watch For January 26, 2015",,Benzinga,2015-01-26T09:01:32Z,2015-01-26T09:01:33Z,,https://www.benzinga.com/node/5175902,
5175951,MSFT,"Earnings Scheduled For January 26, 2015",,Benzinga,2015-01-26T09:35:12Z,2015-01-26T09:35:12Z,,https://www.benzinga.com/node/5175951,
5175979,MSFT,"Earning & Economic Calendar for Monday January 26, 2015",,Benzinga,2015-01-26T10:02:53Z,2015-01-26T10:02:53Z,,https://www.benzinga.com/node/5175979,
5178009,MSFT,What To Expect From Microsoft's Earnings (In 7 Pictures),,Benzinga,2015-01-26T17:02:15Z,2015-01-26T17:06:45Z,,https://www.benzinga.com/node/5178009,
5178384,MSFT,Morningstar Looks For Q2 Cloud Progress At Microsoft Inc.,,Benzinga,2015-01-26T19:46:09Z,2015-01-26T19:48:31Z,,https://www.benzinga.com/node/5178384,
5178503,MSFT,Microsoft Q2 Earnings Preview,,Benzinga,2015-01-26T20:01:18Z,2015-01-26T20:01:19Z,,https://www.benzinga.com/node/5178503,
5178775,MSFT,"Tigress Financial Partners CIO Will Look For Updates In Windows 10, Cloud Initiatives In Microsoft Earnings",,Benzinga,2015-01-26T20:53:17Z,2015-01-26T20:53:17Z,,https://www.benzinga.com/node/5178775,
5178842,MSTR,"Microstrategy Reports Q4 EPS from Cont. Ops. $1.99, Sales $148.9M",,Benzinga,2015-01-26T21:02:00Z,2015-01-26T21:02:00Z,,https://www.benzinga.com/node/5178842,
5178929,MSFT,"Microsoft Reports Q2 EPS $0.71, Sales $26.5B",,Benzinga,2015-01-26T21:10:47Z,2015-01-26T21:10:47Z,,https://www.benzinga.com/node/5178929,
5178934,MSFT,"UPDATE: Microsoft Analysts Were Expecting Q2 EPS $0.71, Sales $26.33B",,Benzinga,2015-01-26T21:11:11Z,2015-01-26T21:11:11Z,,https://www.benzinga.com/node/5178934,
5178996,MSFT,Microsoft Shares Sown ~2.25% After-Hours Following Earnings Release,,Benzinga,2015-01-26T21:23:52Z,2015-01-26T21:23:52Z,,https://www.benzinga.com/node/5178996,
5179110,MSFT,Mircrosoft Shares Down ~3% After The Company Reports Lower Profits WIth Higher Costs In Q2,,Benzinga,2015-01-26T21:41:11Z,2015-01-26T21:41:12Z,,https://www.benzinga.com/node/5179110,
5179117,MSFT,UPDATE: Microsoft Commercial Cloud Rev Reaches Annualized Revenue Run Rate of $5.5B,,Benzinga,2015-01-26T21:44:17Z,2015-01-26T21:44:17Z,,https://www.benzinga.com/node/5179117,
5179150,MSFT,Microsoft Corp. Shares Sink; Posts In-Line Q2 Results,,Benzinga,2015-01-26T21:57:29Z,2015-01-26T21:57:29Z,,https://www.benzinga.com/node/5179150,
5179217,MSFT,After Hours Movers,,Benzinga,2015-01-26T22:18:38Z,2015-01-26T22:18:39Z,,https://www.benzinga.com/node/5179217,
5179217,MSTR,After Hours Movers,,Benzinga,2015-01-26T22:18:38Z,2015-01-26T22:18:39Z,,https://www.benzinga.com/node/5179217,
5179395,MSFT,"Microsoft Expecting Q3 CapEx Increases Due To Cloud Spending, Forecasting $7.1B To $7.4B",,Benzinga,2015-01-26T23:04:01Z,2015-01-26T23:04:34Z,,https://www.benzinga.com/node/5179395,
5179396,MSFT,"UPDATE: Microsoft Sees Q3 Commercial Licensing In The Range Of $9.7B To $9.9B, Consumer licensing In Range Of $3.4B To $3.6B, Phone Hardware Revenue Of $1.4B To 1.5B",,Benzinga,2015-01-26T23:06:10Z,2015-01-26T23:06:48Z,,https://www.benzinga.com/node/5179396,
5179428,MSFT,From Microsoft Call: Expecting Q3 Devices & Consumers Other Sales ~$2B,,Benzinga,2015-01-26T23:29:33Z,2015-01-26T23:29:33Z,,https://www.benzinga.com/node/5179428,
5174622,NFLX,Report: Netflix Inc. Signs 4-Movie Pact With Duplass Brothers,,Benzinga,2015-01-26T11:53:46Z,2015-01-26T11:53:46Z,,https://www.benzinga.com/node/5174622,
5177772,NHTC,"8-K Filing Shows Natural Health Trends Stock Buyback Of 91,817 Shares With Director Broady",,Benzinga,2015-01-26T16:04:46Z,2015-01-26T16:04:46Z,,https://www.benzinga.com/node/5177772,
5178959,NAVI,Navient Raises Qtr. Dividend from $0.15 to $0.16/Share,,Benzinga,2015-01-26T21:17:00Z,2015-01-26T21:17:00Z,,https://www.benzinga.com/node/5178959,
5177778,NFLX,"Build Up Your ""Winter Storm Juno"" Portfolio With These 5 Stocks",,Benzinga,2015-01-26T19:33:51Z,2015-01-26T21:25:47Z,,https://www.benzinga.com/node/5177778,
5179077,NBTB,NBT Bancorp Reports Q4 EPS Of $0.42 Vs. Est. Of $0.44,,Benzinga,2015-01-26T21:32:30Z,2015-01-26T21:32:30Z,,https://www.benzinga.com/node/5179077,
5175934,NTAP,Top 4 NASDAQ Stocks In The Data Storage Devices Industry With The Highest ROE,,Benzinga,2015-01-26T09:19:06Z,2015-01-26T09:19:06Z,,https://www.benzinga.com/node/5175934,
5176193,OLED,"Universal Display, LG Display Enter Long-Term OLED Patent License and Supplemental Material Purchase Agreements",,Benzinga,2015-01-26T11:46:31Z,2015-01-26T11:46:31Z,,https://www.benzinga.com/node/5176193,
5176738,OLED,"Universal Display Shares Rise 17% Premarket Following Announcement of Patent License, Supplemental Material Purchase Agreements with LG",,Benzinga,2015-01-26T13:12:05Z,2015-01-26T13:12:05Z,,https://www.benzinga.com/node/5176738,
5176766,OMCL,Omnicell to Supply Medication Automation to Major U.S. Cancer Center,,Benzinga,2015-01-26T13:15:42Z,2015-01-26T13:15:42Z,,https://www.benzinga.com/node/5176766,
5177310,NXPI,Hearing OTR Global Negative on NXP Semiconductor,,Benzinga,2015-01-26T14:35:51Z,2015-01-26T14:35:51Z,,https://www.benzinga.com/node/5177310,
5177417,NXPI,4 Charts That Show Why Companies Restructure,,Benzinga,2015-01-26T15:08:22Z,2015-01-26T15:08:23Z,,https://www.benzinga.com/node/5177417,
5177513,NWBI,Northwest Bancshares Reports Q4 EPS of $0.19 vs $0.17 Est.  Boosts Dividend To $0.14 From $0.13,,Benzinga,2015-01-26T15:17:22Z,2015-01-26T15:17:22Z,,https://www.benzinga.com/node/5177513,
5177568,OLED,Benzinga's Volume Movers,,Benzinga,2015-01-26T15:30:09Z,2015-01-26T15:30:09Z,,https://www.benzinga.com/node/5177568,
5177597,OLED,"Top Performing Industries For January 26, 2015",,Benzinga,2015-01-26T15:39:22Z,2015-01-26T15:39:22Z,,https://www.benzinga.com/node/5177597,
5177801,OLED,Mid-Morning Market Update: Markets Down; D.R. Horton Profit Beats Estimates,,Benzinga,2015-01-26T16:32:38Z,2015-01-26T16:32:38Z,,https://www.benzinga.com/node/5177801,
5178071,OLED,Mid-Day Market Update: Mattel Tumbles Following Announcement of CEO Resignation; Universal Display Shares Spike Higher,,Benzinga,2015-01-26T17:31:16Z,2015-01-26T17:31:16Z,,https://www.benzinga.com/node/5178071,
5177349,OLED,Morning Market Gainers,,Benzinga,2015-01-26T14:43:55Z,2015-01-26T17:40:16Z,,https://www.benzinga.com/node/5177349,
5175951,OSIS,"Earnings Scheduled For January 26, 2015",,Benzinga,2015-01-26T09:35:12Z,2015-01-26T09:35:12Z,,https://www.benzinga.com/node/5175951,
5176832,OSIS,"OSI Systems Reports Q2 Adj. EPS $0.96 vs $0.94 Est., Sales $257.8M",,Benzinga,2015-01-26T13:30:55Z,2015-01-26T13:30:55Z,,https://www.benzinga.com/node/5176832,
5176838,OSIS,"OSI Systems Expecting FY15 Adj. EPS $3.54-$3.76, Sales $975M-$998M",,Benzinga,2015-01-26T13:31:21Z,2015-01-26T13:31:21Z,,https://www.benzinga.com/node/5176838,
5177251,OPK,"Opko Health Chiarman Frost Buys 10,000 Shares @$10.84/Share -Form 4",,Benzinga,2015-01-26T14:30:27Z,2015-01-26T14:30:27Z,,https://www.benzinga.com/node/5177251,
5177035,PEBK,Peoples Bancorp Reports Q4 EPS $0.32,,Benzinga,2015-01-26T14:01:49Z,2015-01-26T14:01:49Z,,https://www.benzinga.com/node/5177035,
5179070,PAHC,Phibro Animal Health Corporation Announces Licensing Agreement With Merial for Phibro's Vaccine Delivery Technology,,Benzinga,2015-01-26T21:30:51Z,2015-01-26T21:30:51Z,,https://www.benzinga.com/node/5179070,
5175578,PRE,"AXIS Capital, PartnerRe Announce $11B Merger Agreement",,Benzinga,2015-01-26T00:46:47Z,2015-01-26T00:46:47Z,,https://www.benzinga.com/node/5175578,
5175579,PRE,UPDATE: PartnerRe Shareholders to Receive 2.18 Shares of Combined Company; AXIS Shareholders to Receive 1,,Benzinga,2015-01-26T00:48:20Z,2015-01-26T00:48:20Z,,https://www.benzinga.com/node/5175579,
5175580,PRE,PartnerRe Sees Q4 EPS $4.20-4.60 vs $3.04 Est,,Benzinga,2015-01-26T00:49:47Z,2015-01-26T00:49:48Z,,https://www.benzinga.com/node/5175580,
5177511,PRE,Wave Of Monday Mergers Spans Drugs To Corn Flakes,,Benzinga,2015-01-26T15:55:14Z,2015-01-26T17:19:35Z,,https://www.benzinga.com/node/5177511,
5175932,PSMT,"Top 4 NASDAQ Stocks In The Discount, Variety Stores Industry With The Highest Profit Margin",,Benzinga,2015-01-26T09:18:01Z,2015-01-26T09:18:01Z,,https://www.benzinga.com/node/5175932,
5170534,PSEC,Prospect Capital Still Market's Best Dividend Play,,Benzinga,2015-01-26T18:57:28Z,2015-01-26T18:57:28Z,,https://www.benzinga.com/node/5170534,
5176097,QLYS,"JMP Securities Downgrades Qualys to Market Perform, Removes $34.00 PT",,Benzinga,2015-01-26T11:12:33Z,2015-01-26T11:12:33Z,,https://www.benzinga.com/node/5176097,
5175962,REGN,"Regeneron, Sanofi Announce Praluent Biologics License Application Accepted for Priority Review by FDA",,Benzinga,2015-01-26T09:46:41Z,2015-01-26T09:46:41Z,,https://www.benzinga.com/node/5175962,
5176376,REGN,US Stock Futures Signal Lower Start On Wall Street,,Benzinga,2015-01-26T12:14:43Z,2015-01-26T12:15:20Z,,https://www.benzinga.com/node/5176376,
5177094,RGP,"Energy Transfer Partners, Regency Energy Partners Announce to Merge in ~$18B Unit-for-Unit Deal",,Benzinga,2015-01-26T14:07:07Z,2015-01-26T14:07:07Z,,https://www.benzinga.com/node/5177094,
5177100,RGP,"UPDATE: Regency Energy Partners Holders to Receive 0.4066 ETP Common Units, Cash of $0.32/Unit; Regency Holders Implied All-In Price $26.89/Unit",,Benzinga,2015-01-26T14:07:54Z,2015-01-26T14:07:54Z,,https://www.benzinga.com/node/5177100,
5177139,RGP,"UPDATE: Energy Transfer Partners, Regency Energy Partners Announce to Merge in ~$18B Unit-for-Unit Deal",,Benzinga,2015-01-26T14:13:14Z,2015-01-26T14:13:14Z,,https://www.benzinga.com/node/5177139,
5177801,RGCO,Mid-Morning Market Update: Markets Down; D.R. Horton Profit Beats Estimates,,Benzinga,2015-01-26T16:32:38Z,2015-01-26T16:32:38Z,,https://www.benzinga.com/node/5177801,
5178071,RGP,Mid-Day Market Update: Mattel Tumbles Following Announcement of CEO Resignation; Universal Display Shares Spike Higher,,Benzinga,2015-01-26T17:31:16Z,2015-01-26T17:31:16Z,,https://www.benzinga.com/node/5178071,
5177349,RGP,Morning Market Gainers,,Benzinga,2015-01-26T14:43:55Z,2015-01-26T17:40:16Z,,https://www.benzinga.com/node/5177349,
5179336,RGP,"Benzinga's M&A Chatter for Monday January 26, 2015",,Benzinga,2015-01-26T22:46:08Z,2015-01-26T22:46:08Z,,https://www.benzinga.com/node/5179336,
5179333,RDHL,Roth Capital's 4 Reasons To Be Bullish On Titan Pharmaceuticals,,Benzinga,2015-01-26T22:44:55Z,2015-01-26T22:47:37Z,,https://www.benzinga.com/node/5179333,
5175902,ROP,"7 Stocks To Watch For January 26, 2015",,Benzinga,2015-01-26T09:01:32Z,2015-01-26T09:01:33Z,,https://www.benzinga.com/node/5175902,
5175951,RMBS,"Earnings Scheduled For January 26, 2015",,Benzinga,2015-01-26T09:35:12Z,2015-01-26T09:35:12Z,,https://www.benzinga.com/node/5175951,
5175951,ROP,"Earnings Scheduled For January 26, 2015",,Benzinga,2015-01-26T09:35:12Z,2015-01-26T09:35:12Z,,https://www.benzinga.com/node/5175951,
5175951,SANM,"Earnings Scheduled For January 26, 2015",,Benzinga,2015-01-26T09:35:12Z,2015-01-26T09:35:12Z,,https://www.benzinga.com/node/5175951,
5176300,ROP,Roper Industries Expecting Q1'15 EPS $1.47-$1.53; FY15 Adj. EPS $6.70-$6.94,,Benzinga,2015-01-26T12:02:22Z,2015-01-26T12:02:22Z,,https://www.benzinga.com/node/5176300,
5176289,ROP,"Roper Industries Reports Q4 Adj. EPS $1.85 vs $1.79 Est., Sales $946.1M",,Benzinga,2015-01-26T12:01:51Z,2015-01-26T12:08:33Z,,https://www.benzinga.com/node/5176289,
5176530,RMTI,Rockwell Medical Shares Halted News Pending,,Benzinga,2015-01-26T12:50:46Z,2015-01-26T12:50:46Z,,https://www.benzinga.com/node/5176530,
5176544,ROP,UPDATE: Roper Industries Q4 Earnings Top Estimates,,Benzinga,2015-01-26T12:59:14Z,2015-01-26T12:59:14Z,,https://www.benzinga.com/node/5176544,
5176652,RMTI,"Rockwell Medical Reports FDA Approval of Triferic for Iron Replacement, Maintenance of Hemoglobin in Hemodialysis Patients",,Benzinga,2015-01-26T13:01:58Z,2015-01-26T13:01:58Z,,https://www.benzinga.com/node/5176652,
5176740,SABR,S-1 from Sabre Corp. Shows Registration for $400M in Shares via Selling Holders,,Benzinga,2015-01-26T13:12:45Z,2015-01-26T13:12:45Z,,https://www.benzinga.com/node/5176740,
5176761,RMTI,PREVIEW: Rockwell Medical Shares to Resume Trading at 8:30 AM ET,,Benzinga,2015-01-26T13:15:21Z,2015-01-26T13:15:21Z,,https://www.benzinga.com/node/5176761,
5176792,RMTI,Benzinga's Top #PreMarket Losers,,Benzinga,2015-01-26T13:22:17Z,2015-01-26T13:22:17Z,,https://www.benzinga.com/node/5176792,
5176884,RMTI,Rockwell Medical Shares Rise 19% Premarket on FDA Approval of Triferic,,Benzinga,2015-01-26T13:38:19Z,2015-01-26T13:38:19Z,,https://www.benzinga.com/node/5176884,
5177443,RMTI,Hearing Brean Cautious on Rockwell Medical,,Benzinga,2015-01-26T15:10:29Z,2015-01-26T15:10:29Z,,https://www.benzinga.com/node/5177443,
5177568,RMTI,Benzinga's Volume Movers,,Benzinga,2015-01-26T15:30:09Z,2015-01-26T15:30:09Z,,https://www.benzinga.com/node/5177568,
5177347,RMTI,Why Shares Of Rockwell Medical Were Trading Higher On Monday,,Benzinga,2015-01-26T15:01:38Z,2015-01-26T16:18:12Z,,https://www.benzinga.com/node/5177347,
5177349,RMTI,Morning Market Gainers,,Benzinga,2015-01-26T14:43:55Z,2015-01-26T17:40:16Z,,https://www.benzinga.com/node/5177349,
5178870,RMBS,"Rambus Reports Q4 EPS $0.14 Per Share, Revenues $72M",,Benzinga,2015-01-26T21:05:50Z,2015-01-26T21:05:50Z,,https://www.benzinga.com/node/5178870,
5178892,SANM,"Sanmina Reports Q1 Adj. EPS $0.61, Sales $1.67B",,Benzinga,2015-01-26T21:07:02Z,2015-01-26T21:07:02Z,,https://www.benzinga.com/node/5178892,
5178904,RMBS,"Rambus Announces Buyback, Exists Existing Program And Cancels Previous 5.2M Plan",,Benzinga,2015-01-26T21:08:59Z,2015-01-26T21:08:59Z,,https://www.benzinga.com/node/5178904,
5178957,RMTI,"Brean Reiterates On Rockwell Medical, Predicts 'A Skid And A Crash' For Triferic Drug",,Benzinga,2015-01-26T21:25:26Z,2015-01-26T21:26:01Z,,https://www.benzinga.com/node/5178957,
5179217,RMBS,After Hours Movers,,Benzinga,2015-01-26T22:18:38Z,2015-01-26T22:18:39Z,,https://www.benzinga.com/node/5179217,
5179217,SANM,After Hours Movers,,Benzinga,2015-01-26T22:18:38Z,2015-01-26T22:18:39Z,,https://www.benzinga.com/node/5179217,
5176205,SBUX,"Starbucks CEO: We Have Established Starbucks As A Brand Of Luxury And Choice Within China, Not Just A  Purveyor Of Coffee",,Benzinga,2015-01-26T13:00:40Z,2015-01-26T13:00:40Z,,https://www.benzinga.com/node/5176205,
5176859,SMCI,"Supermicro® New 1U/2U Ultra SuperServers Offer Flexible, High Bandwidth I/O with Greater Energy Efficiency and Performance",,Benzinga,2015-01-26T13:32:49Z,2015-01-26T13:32:49Z,,https://www.benzinga.com/node/5176859,
5179122,SHBI,Shore Bancshares Reports Q4 EPS Of $0.10 Vs Est. Of $0.12,,Benzinga,2015-01-26T21:46:23Z,2015-01-26T21:46:23Z,,https://www.benzinga.com/node/5179122,
5179366,SMBC,"Southern Missouri Bancorp Reports Preliminary Second Quarter Results, Declares Quarterly Dividend Of $0.085 Per Post-Split Common Share, Schedules Conference Call To Discuss Results For Wednesday, January 28, At 3:30PM CDT",,Benzinga,2015-01-26T22:52:59Z,2015-01-26T22:52:59Z,,https://www.benzinga.com/node/5179366,
5179393,SIMO,"Silicon Motion Reports Q4 Profit $0.48/ADS Vs. $0.47/ADS, Reports Prelim. Revenue Between $79.7M To $80.5M",,Benzinga,2015-01-26T23:02:40Z,2015-01-26T23:02:40Z,,https://www.benzinga.com/node/5179393,
5175934,SNDK,Top 4 NASDAQ Stocks In The Data Storage Devices Industry With The Highest ROE,,Benzinga,2015-01-26T09:19:06Z,2015-01-26T09:19:06Z,,https://www.benzinga.com/node/5175934,
5175962,SNY,"Regeneron, Sanofi Announce Praluent Biologics License Application Accepted for Priority Review by FDA",,Benzinga,2015-01-26T09:46:41Z,2015-01-26T09:46:41Z,,https://www.benzinga.com/node/5175962,
5176376,SNY,US Stock Futures Signal Lower Start On Wall Street,,Benzinga,2015-01-26T12:14:43Z,2015-01-26T12:15:20Z,,https://www.benzinga.com/node/5176376,
5178695,SNY,Why Mannkind is Breaking Out,,Benzinga,2015-01-26T21:15:38Z,2015-01-26T21:15:38Z,,https://www.benzinga.com/node/5178695,
5175934,STX,Top 4 NASDAQ Stocks In The Data Storage Devices Industry With The Highest ROE,,Benzinga,2015-01-26T09:19:06Z,2015-01-26T09:19:06Z,,https://www.benzinga.com/node/5175934,
5175951,STX,"Earnings Scheduled For January 26, 2015",,Benzinga,2015-01-26T09:35:12Z,2015-01-26T09:35:12Z,,https://www.benzinga.com/node/5175951,
5175979,STX,"Earning & Economic Calendar for Monday January 26, 2015",,Benzinga,2015-01-26T10:02:53Z,2015-01-26T10:02:53Z,,https://www.benzinga.com/node/5175979,
5176602,STX,"Seagate Reports Q4 Adj. EPS $1.35, Inline, Sales $3.7B",,Benzinga,2015-01-26T13:00:37Z,2015-01-26T13:00:37Z,,https://www.benzinga.com/node/5176602,
5176810,STX,UPDATE: Seagate Posts In-Line Q4 Earnings,,Benzinga,2015-01-26T13:30:21Z,2015-01-26T13:30:21Z,,https://www.benzinga.com/node/5176810,
5177375,STX,Morning Market Losers,,Benzinga,2015-01-26T14:53:51Z,2015-01-26T14:53:52Z,,https://www.benzinga.com/node/5177375,
5177561,STX,Seagate Technology's Earnings Recap From Brean Capital,,Benzinga,2015-01-26T16:05:22Z,2015-01-26T16:05:22Z,,https://www.benzinga.com/node/5177561,
5177801,STX,Mid-Morning Market Update: Markets Down; D.R. Horton Profit Beats Estimates,,Benzinga,2015-01-26T16:32:38Z,2015-01-26T16:32:38Z,,https://www.benzinga.com/node/5177801,
5177853,STX,"Brean Analyst Baruah Believes Decline in Seagate, Western Digital Should Be Used as Buying Opportunity",,Benzinga,2015-01-26T16:37:23Z,2015-01-26T16:37:23Z,,https://www.benzinga.com/node/5177853,
5177966,STLD,"Morgan Stanley Breaks Down Best Ideas: Apple, Amazon Included",,Benzinga,2015-01-26T17:06:35Z,2015-01-26T17:06:35Z,,https://www.benzinga.com/node/5177966,
5178071,STX,Mid-Day Market Update: Mattel Tumbles Following Announcement of CEO Resignation; Universal Display Shares Spike Higher,,Benzinga,2015-01-26T17:31:16Z,2015-01-26T17:31:16Z,,https://www.benzinga.com/node/5178071,
5178251,STX,"Seagate Technology, Western Digital: Brean Capital Sees Buying Opportunity In Stock Pullback",,Benzinga,2015-01-26T19:07:05Z,2015-01-26T19:07:05Z,,https://www.benzinga.com/node/5178251,
5175584,TMUS,"New Google Wireless Service to Toggle Between Sprint, T-Mobile, Wi-Fi to Find Best Connection, According to Sources -Wall Street Journal",,Benzinga,2015-01-26T00:54:06Z,2015-01-26T00:54:06Z,,https://www.benzinga.com/node/5175584,
5176938,TMUS,Google To Introduce Wireless Services That Switches Between Carriers,,Benzinga,2015-01-26T13:54:16Z,2015-01-26T13:54:16Z,,https://www.benzinga.com/node/5176938,
5177446,TSCO,"UPDATE: Credit Suisse Reiterates Outperform Rating, Raises PT on Tractor Supply Company on More Gains to Harvest in 2015",,Benzinga,2015-01-26T15:17:20Z,2015-01-26T15:17:20Z,,https://www.benzinga.com/node/5177446,
5179333,TNXP,Roth Capital's 4 Reasons To Be Bullish On Titan Pharmaceuticals,,Benzinga,2015-01-26T22:44:55Z,2015-01-26T22:47:37Z,,https://www.benzinga.com/node/5179333,
5175902,TXN,"7 Stocks To Watch For January 26, 2015",,Benzinga,2015-01-26T09:01:32Z,2015-01-26T09:01:33Z,,https://www.benzinga.com/node/5175902,
5175940,TTWO,"Credit Suisse Maintains Neutral on Take-Two Interactive, Raises PT to $31.00",,Benzinga,2015-01-26T09:22:33Z,2015-01-26T09:22:33Z,,https://www.benzinga.com/node/5175940,
5175951,TXN,"Earnings Scheduled For January 26, 2015",,Benzinga,2015-01-26T09:35:12Z,2015-01-26T09:35:12Z,,https://www.benzinga.com/node/5175951,
5175979,TXN,"Earning & Economic Calendar for Monday January 26, 2015",,Benzinga,2015-01-26T10:02:53Z,2015-01-26T10:02:53Z,,https://www.benzinga.com/node/5175979,
5176214,TSLA,Tesla Executive Says Targeting Early 2016 for Model X Launch in China -DJ,,Benzinga,2015-01-26T11:58:52Z,2015-01-26T11:58:52Z,,https://www.benzinga.com/node/5176214,
5176713,TTWO,Credit Suisse Raises Price Target On Take-Two Interactive Software Ahead Of Q3 Print,,Benzinga,2015-01-26T13:18:25Z,2015-01-26T13:18:25Z,,https://www.benzinga.com/node/5176713,
5176919,TSLA,"UPDATE:  Tesla Plans To ROll Out Dual Motor Version Of Model S In China, Expects Model X SUV To Be Released In China Early In 2016",,Benzinga,2015-01-26T13:45:18Z,2015-01-26T13:45:18Z,,https://www.benzinga.com/node/5176919,
5177445,TXN,Morgan Stanley Previews Semicondutor Earnings,,Benzinga,2015-01-26T15:47:17Z,2015-01-26T16:08:15Z,,https://www.benzinga.com/node/5177445,
5178062,UAL,4 Stocks That Could Be Hurt By Winter Storm Juno,,Benzinga,2015-01-26T21:23:55Z,2015-01-26T21:23:55Z,,https://www.benzinga.com/node/5178062,
5179063,TXN,"TI Reports Q4 EPS $0.76 vs $0.69 Est., Sales $3.27B vs $3.26B Est.",,Benzinga,2015-01-26T21:30:35Z,2015-01-26T21:30:35Z,,https://www.benzinga.com/node/5179063,
5179079,TXN,"TI Expecting Q1'15 Sales $3.07B-$3.33B vs $3.19B Est., EPS $0.57-$0.67, vs $0.63 Est.",,Benzinga,2015-01-26T21:32:44Z,2015-01-26T21:32:44Z,,https://www.benzinga.com/node/5179079,
5179098,TXN,Texas Instrument Shares Down ~1.0% After-Hours,,Benzinga,2015-01-26T21:39:37Z,2015-01-26T21:39:37Z,,https://www.benzinga.com/node/5179098,
5179116,TSLA,Elon Musk Responds To The Simpsons,,Benzinga,2015-01-26T21:52:21Z,2015-01-26T21:52:21Z,,https://www.benzinga.com/node/5179116,
5179217,TXN,After Hours Movers,,Benzinga,2015-01-26T22:18:38Z,2015-01-26T22:18:39Z,,https://www.benzinga.com/node/5179217,
5179307,TXN,"Texas Instruments Inc.'s Q4, Outlook In Line With Street Views",,Benzinga,2015-01-26T22:37:14Z,2015-01-26T22:37:14Z,,https://www.benzinga.com/node/5179307,
5179386,TSLA,This Analyst Believes Tesla's GigaFactory Could Be Worth $50 Billion,,Benzinga,2015-01-26T22:58:51Z,2015-01-26T23:07:57Z,,https://www.benzinga.com/node/5179386,
5175941,VRSN,"Credit Suisse Downgrades VeriSign to Underperform, Maintains $47.50 PT",,Benzinga,2015-01-26T09:22:54Z,2015-01-26T09:22:54Z,,https://www.benzinga.com/node/5175941,
5176415,VRSN,Credit Suisse Downgrades VeriSign To Underperform,,Benzinga,2015-01-26T12:27:25Z,2015-01-26T12:27:25Z,,https://www.benzinga.com/node/5176415,
5176790,VRSN,"UPDATE: Credit Suisse Downgrades Verisign to Underperform, Reiterates $47.50 PT as Risk/Reward is Biased to Downside",,Benzinga,2015-01-26T13:26:18Z,2015-01-26T13:26:19Z,,https://www.benzinga.com/node/5176790,
5177218,VRSN,Benzinga's Top Downgrades,,Benzinga,2015-01-26T14:21:17Z,2015-01-26T14:21:17Z,,https://www.benzinga.com/node/5177218,
5177985,VRTX,5 Big Biotechs Release Earnings This Week,,Benzinga,2015-01-26T19:34:13Z,2015-01-26T19:39:09Z,,https://www.benzinga.com/node/5177985,
5175934,WDC,Top 4 NASDAQ Stocks In The Data Storage Devices Industry With The Highest ROE,,Benzinga,2015-01-26T09:19:06Z,2015-01-26T09:19:06Z,,https://www.benzinga.com/node/5175934,
5177561,WDC,Seagate Technology's Earnings Recap From Brean Capital,,Benzinga,2015-01-26T16:05:22Z,2015-01-26T16:05:22Z,,https://www.benzinga.com/node/5177561,
5177853,WDC,"Brean Analyst Baruah Believes Decline in Seagate, Western Digital Should Be Used as Buying Opportunity",,Benzinga,2015-01-26T16:37:23Z,2015-01-26T16:37:23Z,,https://www.benzinga.com/node/5177853,
5178071,WDC,Mid-Day Market Update: Mattel Tumbles Following Announcement of CEO Resignation; Universal Display Shares Spike Higher,,Benzinga,2015-01-26T17:31:16Z,2015-01-26T17:31:16Z,,https://www.benzinga.com/node/5178071,
5178251,WDC,"Seagate Technology, Western Digital: Brean Capital Sees Buying Opportunity In Stock Pullback",,Benzinga,2015-01-26T19:07:05Z,2015-01-26T19:07:05Z,,https://www.benzinga.com/node/5178251,
5177381,XXII,Chardan Capital Markets Has Bullish View on 22nd Century Group Following Recent Plant Tour,,Benzinga,2015-01-26T15:02:33Z,2015-01-26T15:02:33Z,,https://www.benzinga.com/node/5177381,
5175951,ZION,"Earnings Scheduled For January 26, 2015",,Benzinga,2015-01-26T09:35:12Z,2015-01-26T09:35:12Z,,https://www.benzinga.com/node/5175951,
5178940,ZION,Zions Bancorporation Reports Q4 EPS $0.36,,Benzinga,2015-01-26T21:13:36Z,2015-01-26T21:13:36Z,,https://www.benzinga.com/node/5178940,
5178994,ZION,Zion Bancorporation Shares Down ~2.5% After-Hours,,Benzinga,2015-01-26T21:22:48Z,2015-01-26T21:22:48Z,,https://www.benzinga.com/node/5178994,
5180036,AAPL,10 Stocks You Should Be Watching Today,,Benzinga,2015-01-27T09:05:35Z,2015-01-27T09:05:35Z,,https://www.benzinga.com/node/5180036,
5180087,AAL,"Earnings Scheduled For January 27, 2015",,Benzinga,2015-01-27T09:34:57Z,2015-01-27T09:34:57Z,,https://www.benzinga.com/node/5180087,
5180087,AAPL,"Earnings Scheduled For January 27, 2015",,Benzinga,2015-01-27T09:34:57Z,2015-01-27T09:34:57Z,,https://www.benzinga.com/node/5180087,
5180178,AAPL,"Apple Supplier Foxconn to Cut Workforce Due to Declining Revenue Growth, Rising Wages -Reuters",,Benzinga,2015-01-27T10:17:13Z,2015-01-27T10:17:13Z,,https://www.benzinga.com/node/5180178,
5180201,AAPL,"Earning & Economic Calendar for Tuesday January 27, 2015",,Benzinga,2015-01-27T10:34:24Z,2015-01-27T10:34:24Z,,https://www.benzinga.com/node/5180201,
5179759,AAL,"Jim Cramer Advises His Viewers On Verizon Communications Inc., Walt Disney Co, American Airlines Group Inc And Exelon Corporation",,Benzinga,2015-01-27T12:00:47Z,2015-01-27T12:00:47Z,,https://www.benzinga.com/node/5179759,
5180548,AAL,"American Airlines Reports Q4 EPS Of $1.06 Vs. Est. $1.51, Revenues Of $10.2B Vs. Est. 10.19B",,Benzinga,2015-01-27T12:03:33Z,2015-01-27T12:03:33Z,,https://www.benzinga.com/node/5180548,
5180553,AAL,American Air Announces Added $2B Buyback Plan,,Benzinga,2015-01-27T12:04:24Z,2015-01-27T12:04:24Z,,https://www.benzinga.com/node/5180553,
5179327,AAPL,Will Chinese iPhone Sales Dominate Apple's Q1 Earnings Call?,,Benzinga,2015-01-27T12:09:59Z,2015-01-27T12:09:59Z,,https://www.benzinga.com/node/5179327,
5180590,AAPL,Apple Shares Rise 0.50% Premarket,,Benzinga,2015-01-27T12:17:56Z,2015-01-27T12:17:56Z,,https://www.benzinga.com/node/5180590,
5180635,AAL,UPDATE: American Airlines Group Reports $507M in Net Special Charges for Q4,,Benzinga,2015-01-27T12:29:23Z,2015-01-27T12:29:23Z,,https://www.benzinga.com/node/5180635,
5177593,AAPL,Apple Earnings: Colossal May Not Be Enough; But This Is,,Benzinga,2015-01-26T15:57:39Z,2015-01-27T12:59:22Z,,https://www.benzinga.com/node/5177593,
5180859,AAPL,Western Union To Offer Apple Pay,,Benzinga,2015-01-27T13:02:26Z,2015-01-27T13:02:27Z,,https://www.benzinga.com/node/5180859,
5180904,AAPL,Western Union Offers Apple Pay as New Pay-In Option for Money Transfer Customers,,Benzinga,2015-01-27T13:06:16Z,2015-01-27T13:06:16Z,,https://www.benzinga.com/node/5180904,
5180783,AAPL,"This Trader is Bullish Amazon, Apple and Google Ahead of Earnings",,Benzinga,2015-01-27T13:19:45Z,2015-01-27T13:20:08Z,,https://www.benzinga.com/node/5180783,
5155023,AAPL,"Apple, Facebook, Google To Face The Heat As Regulators Tighten Screws On Encrypted Messaging Services",,Benzinga,2015-01-20T12:36:36Z,2015-01-27T13:20:42Z,,https://www.benzinga.com/node/5155023,
5179209,AAPL,Why Doesn't Apple Host Public Hackathons?,,Benzinga,2015-01-27T13:29:49Z,2015-01-27T13:29:49Z,,https://www.benzinga.com/node/5179209,
5181049,AAPL,Financial Analyst Recommends Iron Condor for Apple Earnings Play,,Benzinga,2015-01-27T13:29:49Z,2015-01-27T13:29:50Z,,https://www.benzinga.com/node/5181049,
5179696,AAPL,"Apple, Inc. - 1 Earnings Driver Investors Might Overlook",,Benzinga,2015-01-27T13:05:23Z,2015-01-27T14:14:36Z,,https://www.benzinga.com/node/5179696,
5181604,ACT,Citigroup Ponders How Results from Namenda Survey Might Affect Actavis PLC,,Benzinga,2015-01-27T14:48:03Z,2015-01-27T14:48:03Z,,https://www.benzinga.com/node/5181604,
5181475,AAPL,Apple Q1 Earnings Preview,,Benzinga,2015-01-27T15:18:31Z,2015-01-27T15:18:31Z,,https://www.benzinga.com/node/5181475,
5182254,AAPL,"Canalys Reports Apple to Lead in Chinese Smart Phone Market for First Time, Fueled By Iphone 6, 6 Plus Shipments",,Benzinga,2015-01-27T16:35:58Z,2015-01-27T16:35:58Z,,https://www.benzinga.com/node/5182254,
5181742,AAL,Airline Stocks Trending Lower Following American Airlines Earnings,,Benzinga,2015-01-27T15:27:28Z,2015-01-27T17:42:04Z,,https://www.benzinga.com/node/5181742,
5182537,AAL,Market Ignores Positive Economic News As Earnings Reports Concern Investors,,Benzinga,2015-01-27T17:53:15Z,2015-01-27T17:53:15Z,,https://www.benzinga.com/node/5182537,
5182380,AAPL,10 Things About Apple You May Have Missed In Its Latest 10K,,Benzinga,2015-01-27T17:55:14Z,2015-01-27T17:57:19Z,,https://www.benzinga.com/node/5182380,
5143495,AAPL,Apple Granted Patent For GoPro-Style Camera,,Benzinga,2015-01-13T18:21:36Z,2015-01-27T17:58:46Z,,https://www.benzinga.com/node/5143495,
5182595,AAPL,Hedge Fund Manager Expects 70-75M Apple iPhones Sold In FQ1,,Benzinga,2015-01-27T18:03:24Z,2015-01-27T18:03:24Z,,https://www.benzinga.com/node/5182595,
5182628,AAPL,Apple Takes 'Top Spot' In China's Smart Phone Market,,Benzinga,2015-01-27T18:06:01Z,2015-01-27T18:06:02Z,,https://www.benzinga.com/node/5182628,
5182686,AAPL,"Global Equities Research Analyst Expects 'Fabulous' Apple Earnings Numbers, Mixed Guidance",,Benzinga,2015-01-27T18:21:30Z,2015-01-27T18:21:30Z,,https://www.benzinga.com/node/5182686,
5182468,AAPL,iPhone 6 Demand Is Highest Ever 90 Days After Launch - Will This Impact Q2?,,Benzinga,2015-01-27T18:27:43Z,2015-01-27T18:29:20Z,,https://www.benzinga.com/node/5182468,
5182912,AAPL,"TD Ameritrade Chief Strategist: 'Apple Puts Are Trading 2 Times Normal Amount Today, Calls Trading 1.3 Times Higher'",,Benzinga,2015-01-27T19:17:59Z,2015-01-27T19:17:59Z,,https://www.benzinga.com/node/5182912,
5183009,AAPL,Gizmodo Reporting 'Apple Pay Is Coming to Thousands of Vending Machine and Parking Meters',,Benzinga,2015-01-27T19:37:04Z,2015-01-27T19:37:05Z,,https://www.benzinga.com/node/5183009,
5182785,AAPL,What Comes After The Apple Watch? 12 Apple Patents Provide Clues,,Benzinga,2015-01-27T19:49:06Z,2015-01-27T19:49:06Z,,https://www.benzinga.com/node/5182785,
5183005,AAPL,"Morningstar Analyst Expects Apple Earnings To Show 'Terrific Quarter, Record iPhone Sales'",,Benzinga,2015-01-27T20:06:46Z,2015-01-27T20:10:17Z,,https://www.benzinga.com/node/5183005,
5183006,AAPL,"Hedge Fund Manager Previews Apple's Earnings, Expects Lowered Guidance",,Benzinga,2015-01-27T20:13:57Z,2015-01-27T20:13:57Z,,https://www.benzinga.com/node/5183006,
5183138,AAPL,"Notable Earnings After The Close: AAPL, YHOO, T, AMGN, X, EA, JNPR, WDC",,Benzinga,2015-01-27T20:19:50Z,2015-01-27T20:19:50Z,,https://www.benzinga.com/node/5183138,
5183144,AAPL,AAPL Earnings Expected Move ± $6.45,,Benzinga,2015-01-27T20:22:05Z,2015-01-27T20:22:05Z,,https://www.benzinga.com/node/5183144,
5180994,AAPL,Tech Stock Strategist Sean Udall On Apple's Earnings,,Benzinga,2015-01-27T20:48:46Z,2015-01-27T20:48:46Z,,https://www.benzinga.com/node/5180994,
5180194,ACT,White House Budget To Support Biotech Rally,,Benzinga,2015-01-27T21:00:46Z,2015-01-27T21:00:46Z,,https://www.benzinga.com/node/5180194,
5183260,AAPL,Shares of AAPL Close Near Session Lows Prior To EPS,,Benzinga,2015-01-27T21:00:55Z,2015-01-27T21:00:55Z,,https://www.benzinga.com/node/5183260,
5183523,AAPL,"Apple Reports Q1 EPS $3.06 vs $2.60 Est., Sales $74.6B vs $67.69B Est.",,Benzinga,2015-01-27T21:30:12Z,2015-01-27T21:30:12Z,,https://www.benzinga.com/node/5183523,
5183560,AAPL,UPDATE: Apple Sells 74.5M iPhones Over Holidays,,Benzinga,2015-01-27T21:30:44Z,2015-01-27T21:30:44Z,,https://www.benzinga.com/node/5183560,
5183561,AAPL,Apple Expecting Q2 Sales $52-$55B vs $53.8B Est.,,Benzinga,2015-01-27T21:30:46Z,2015-01-27T21:30:46Z,,https://www.benzinga.com/node/5183561,
5183570,AAPL,UPDATE: Apple Q1 Mac Unit Sales 5.52M,,Benzinga,2015-01-27T21:31:27Z,2015-01-27T21:31:28Z,,https://www.benzinga.com/node/5183570,
5183571,AAPL,Apple Shares Up 6% Following EPS,,Benzinga,2015-01-27T21:31:46Z,2015-01-27T21:31:46Z,,https://www.benzinga.com/node/5183571,
5183582,AAPL,"UPDATE: Apple Q1 iPhone Rev $51.2B , Up 57%",,Benzinga,2015-01-27T21:35:00Z,2015-01-27T21:35:00Z,,https://www.benzinga.com/node/5183582,
5183589,AAPL,"Apple Q1 Europe Revenue $17.21B, Up 20%",,Benzinga,2015-01-27T21:36:32Z,2015-01-27T21:36:32Z,,https://www.benzinga.com/node/5183589,
5183623,AAPL,Apple Shares Rise 5% After-Hours on Solid Earnings Report,,Benzinga,2015-01-27T21:43:05Z,2015-01-27T21:43:06Z,,https://www.benzinga.com/node/5183623,
5183757,AAPL,Apple Earnings Conference Call Begins,,Benzinga,2015-01-27T22:03:29Z,2015-01-27T22:03:29Z,,https://www.benzinga.com/node/5183757,
5183761,AAPL,Apple's Tim Cook Currently Speaking on Call,,Benzinga,2015-01-27T22:04:30Z,2015-01-27T22:04:30Z,,https://www.benzinga.com/node/5183761,
5183763,AAPL,Apple's Cook Says App Store Sales Grew 41%,,Benzinga,2015-01-27T22:04:52Z,2015-01-27T22:04:52Z,,https://www.benzinga.com/node/5183763,
5183766,AAPL,Cook Says Results Would Be Stronger Without Forex Volatility,,Benzinga,2015-01-27T22:06:20Z,2015-01-27T22:06:20Z,,https://www.benzinga.com/node/5183766,
5183771,AAPL,Cook Says Making Great Progress On Apple Pay,,Benzinga,2015-01-27T22:08:52Z,2015-01-27T22:08:53Z,,https://www.benzinga.com/node/5183771,
5183667,AAPL,Apple Posts Record-Breaking Q1 Revenue And Earnings,,Benzinga,2015-01-27T22:01:20Z,2015-01-27T22:09:08Z,,https://www.benzinga.com/node/5183667,
5183799,AAPL,Cook Says 2015 Will Be Year Of Apple Pay,,Benzinga,2015-01-27T22:10:37Z,2015-01-27T22:10:37Z,,https://www.benzinga.com/node/5183799,
5183801,AAPL,Cook Says Making Great Progress With IBM,,Benzinga,2015-01-27T22:11:21Z,2015-01-27T22:11:21Z,,https://www.benzinga.com/node/5183801,
5183810,AAPL,Apple CFO Now Speaking,,Benzinga,2015-01-27T22:14:35Z,2015-01-27T22:14:35Z,,https://www.benzinga.com/node/5183810,
5183817,AAPL,Luca Maestri Says iphone Accounts For 53% of Mobile Use,,Benzinga,2015-01-27T22:18:14Z,2015-01-27T22:18:14Z,,https://www.benzinga.com/node/5183817,
5183819,AAPL,Luca Maestri Says Gained Market Share In 34 of Last 35 Quarters,,Benzinga,2015-01-27T22:19:19Z,2015-01-27T22:19:20Z,,https://www.benzinga.com/node/5183819,
5183802,AAPL,Cook Says Expects To Ship iwatch in April,,Benzinga,2015-01-27T22:12:03Z,2015-01-27T22:20:59Z,,https://www.benzinga.com/node/5183802,
5183834,AAPL,Luca Maestri Says Repurchased 46M Apple Shares,,Benzinga,2015-01-27T22:22:21Z,2015-01-27T22:22:21Z,,https://www.benzinga.com/node/5183834,
5183837,AAPL,Apple Earnings Call In Q&A Segment,,Benzinga,2015-01-27T22:24:18Z,2015-01-27T22:24:18Z,,https://www.benzinga.com/node/5183837,
5183838,AAPL,Luca Maestri Says Q1 Revenue Would Have Been 4% Higher On Stable Currency Markets,,Benzinga,2015-01-27T22:25:39Z,2015-01-27T22:25:39Z,,https://www.benzinga.com/node/5183838,
5183844,AAPL,Luca Maestri Remains Confident In March Quarter Guidance,,Benzinga,2015-01-27T22:28:13Z,2015-01-27T22:28:13Z,,https://www.benzinga.com/node/5183844,
5183822,AAPL,"Apple's 74.5 Million iPhone Sales Provide A 'Screaming Headline,' Everything Else Is Gravy",,Benzinga,2015-01-27T22:26:05Z,2015-01-27T22:28:16Z,,https://www.benzinga.com/node/5183822,
5183847,AAPL,Cook Says iPhone 6 Was Most Popular Last Qtr.,,Benzinga,2015-01-27T22:30:01Z,2015-01-27T22:30:01Z,,https://www.benzinga.com/node/5183847,
5183875,AAPL,Cook Says Incredibly Bullish On iPhone Going Forward; Doing Well In Every Corner Of The World,,Benzinga,2015-01-27T22:33:28Z,2015-01-27T22:33:28Z,,https://www.benzinga.com/node/5183875,
5183878,AAPL,Cook Says Mobile Users Switching From Android To Apple Was Highest Ever last Qtr,,Benzinga,2015-01-27T22:34:25Z,2015-01-27T22:34:25Z,,https://www.benzinga.com/node/5183878,
5183882,AAPL,Luca Maestri Says Largest Headwind Is Forex,,Benzinga,2015-01-27T22:36:15Z,2015-01-27T22:36:15Z,,https://www.benzinga.com/node/5183882,
5183952,AAPL,Luca Maestri Says Hedges are Typically 3-12 Months Out,,Benzinga,2015-01-27T22:52:43Z,2015-01-27T22:52:43Z,,https://www.benzinga.com/node/5183952,
5183887,AAPL,Cook Says 'April Lauch Is Basically When We Anticipated',,Benzinga,2015-01-27T22:38:23Z,2015-01-27T22:55:16Z,,https://www.benzinga.com/node/5183887,
5183884,AAPL,Cook Curently Speaking About Apple Watch,,Benzinga,2015-01-27T22:37:18Z,2015-01-27T22:55:45Z,,https://www.benzinga.com/node/5183884,
5183955,AAPL,Cook Says Apple Products Are Used In All of S&P 500 Companies,,Benzinga,2015-01-27T22:55:57Z,2015-01-27T22:55:57Z,,https://www.benzinga.com/node/5183955,
5183961,AAPL,After Hours Movers,,Benzinga,2015-01-27T23:18:18Z,2015-01-27T23:18:18Z,,https://www.benzinga.com/node/5183961,
5183967,AAPL,10 Apple Product Concepts That Didn't Come True,,Benzinga,2015-01-27T23:25:29Z,2015-01-27T23:32:41Z,,https://www.benzinga.com/node/5183967,
5180044,ANGI,Top 4 Small-Cap Stocks In The Internet Software & Services Industry With The Highest ROE,,Benzinga,2015-01-27T09:18:56Z,2015-01-27T09:18:56Z,,https://www.benzinga.com/node/5180044,
5180087,AMGN,"Earnings Scheduled For January 27, 2015",,Benzinga,2015-01-27T09:34:57Z,2015-01-27T09:34:57Z,,https://www.benzinga.com/node/5180087,
5180783,AMZN,"This Trader is Bullish Amazon, Apple and Google Ahead of Earnings",,Benzinga,2015-01-27T13:19:45Z,2015-01-27T13:20:08Z,,https://www.benzinga.com/node/5180783,
5181454,AMZN,JP Morgan Ups Amazon.com Price Target into Earnings,,Benzinga,2015-01-27T14:22:52Z,2015-01-27T14:22:53Z,,https://www.benzinga.com/node/5181454,
5181525,AMZN,CRT Capital: Risk to Amazon EPS on Downside,,Benzinga,2015-01-27T14:38:27Z,2015-01-27T14:38:27Z,,https://www.benzinga.com/node/5181525,
5181650,AMD,"Nomura Comments On AMD Buyout Rumors, Notes Company 'Could Be Of Great Interest' To Chinese Buyer",,Benzinga,2015-01-27T15:10:11Z,2015-01-27T17:43:56Z,,https://www.benzinga.com/node/5181650,
5182852,AMZN,"Analyst Boosts Price Objectives On Wal-Mart Stores Inc, Target Corp.",,Benzinga,2015-01-27T19:06:54Z,2015-01-27T19:06:54Z,,https://www.benzinga.com/node/5182852,
5183138,AMGN,"Notable Earnings After The Close: AAPL, YHOO, T, AMGN, X, EA, JNPR, WDC",,Benzinga,2015-01-27T20:19:50Z,2015-01-27T20:19:50Z,,https://www.benzinga.com/node/5183138,
5183148,AMGN,AMGN Earnings Expected Move ± $4.72,,Benzinga,2015-01-27T20:23:53Z,2015-01-27T20:23:53Z,,https://www.benzinga.com/node/5183148,
5183263,AMGN,"Amgen Reports Q4 EPS $2.16 vs $2.05 Est., Sales $5.33B vs $5.2B Est.",,Benzinga,2015-01-27T21:01:19Z,2015-01-27T21:01:19Z,,https://www.benzinga.com/node/5183263,
5183395,AMGN,Amgen Submits Applications In The US And Europe For Kyprolis,,Benzinga,2015-01-27T21:13:24Z,2015-01-27T21:13:24Z,,https://www.benzinga.com/node/5183395,
5183424,AMGN,"8-K from Amgen Shows Slideshow Presentation Ahead of Q4 Earnings Conference Call: Expecting FY15 Adj. EPS $9.05-$9.40 vs $9.29 Est., Sales $20.8-$21.3B vs $20.87B Est.",,Benzinga,2015-01-27T21:17:07Z,2015-01-27T21:17:07Z,,https://www.benzinga.com/node/5183424,
5183425,AMGN,Amgen Shares Up 1% Following EPS,,Benzinga,2015-01-27T21:17:14Z,2015-01-27T21:17:14Z,,https://www.benzinga.com/node/5183425,
5183770,AMGN,Amgen Beats Q4 Expectations,,Benzinga,2015-01-27T22:20:46Z,2015-01-27T22:20:46Z,,https://www.benzinga.com/node/5183770,
5183872,ANIP,"Standard & Poor's Announces Akorn to Replace Protective Life in S&P MidCap 400, ANI Pharma to Replace Gentiva, United Insurance to Replace Akorn in SmallCap 600",,Benzinga,2015-01-27T22:32:20Z,2015-01-27T22:32:20Z,,https://www.benzinga.com/node/5183872,
5182032,ANV,"Top Performing Industries For January 27, 2015",,Benzinga,2015-01-27T15:48:06Z,2015-01-27T15:48:06Z,,https://www.benzinga.com/node/5182032,
5179308,APA,Morgan Stanley's Pre-Earnings Outlook For 8 Oil Stocks,,Benzinga,2015-01-27T19:14:01Z,2015-01-27T19:14:01Z,,https://www.benzinga.com/node/5179308,
5179308,APC,Morgan Stanley's Pre-Earnings Outlook For 8 Oil Stocks,,Benzinga,2015-01-27T19:14:01Z,2015-01-27T19:14:01Z,,https://www.benzinga.com/node/5179308,
5183515,ARAY,"Accuray Reports Q2 EPS Loss $0.13 Vs. Est. Loss Of $0.08, Revenues $98.2M Vs. Est. $93.63M",,Benzinga,2015-01-27T21:25:18Z,2015-01-27T21:25:19Z,,https://www.benzinga.com/node/5183515,
5178701,ASND,4 Biotech IPO's for Thursday,,Benzinga,2015-01-27T23:54:03Z,2015-01-27T23:54:03Z,,https://www.benzinga.com/node/5178701,
5180168,AUDC,"AudioCodes Reports Q4 EPS of $0.06, Inline; Revenue of $39.10M vs $39.48M Est",,Benzinga,2015-01-27T10:07:48Z,2015-01-27T10:07:49Z,,https://www.benzinga.com/node/5180168,
5181103,AVX,"AVX Corp. Reports Prelim. Q3 EPS $0.23 vs $0.21 Est., Sales $321.7M vs $347M Est.",,Benzinga,2015-01-27T13:31:59Z,2015-01-27T13:31:59Z,,https://www.benzinga.com/node/5181103,
5180360,BMRC,"Raymond James Downgrades Bank of Marin to Market Perform, Removes $51.00 PT",,Benzinga,2015-01-27T11:22:04Z,2015-01-27T11:22:05Z,,https://www.benzinga.com/node/5180360,
5180377,BMRC,"FIG Partners Downgrades Bank of Marin to Market Perform, Maintains $53.00 PT",,Benzinga,2015-01-27T11:26:14Z,2015-01-27T11:26:15Z,,https://www.benzinga.com/node/5180377,
5183292,CAC,Camden Reports Q2 EPS $0.82,,Benzinga,2015-01-27T21:03:12Z,2015-01-27T21:03:12Z,,https://www.benzinga.com/node/5183292,
5183760,BUSE,Busey Reports Q4 EPS $0.08 Vs. Est. $0.10,,Benzinga,2015-01-27T22:04:24Z,2015-01-27T22:04:24Z,,https://www.benzinga.com/node/5183760,
5181017,CECO,Benzinga's Top #PreMarket Losers,,Benzinga,2015-01-27T13:18:57Z,2015-01-27T13:18:57Z,,https://www.benzinga.com/node/5181017,
5180914,CME,Michael Gooch Issues Open Letter to GFI Group Stockholders in Support of CME Offer,,Benzinga,2015-01-27T13:07:51Z,2015-01-27T13:07:51Z,,https://www.benzinga.com/node/5180914,
5181119,CREG,China Recycling Energy Corporation Announces $3M Management Share Purchase Plan,,Benzinga,2015-01-27T13:34:04Z,2015-01-27T13:34:04Z,,https://www.benzinga.com/node/5181119,
5177593,CSCO,Apple Earnings: Colossal May Not Be Enough; But This Is,,Benzinga,2015-01-26T15:57:39Z,2015-01-27T12:59:22Z,,https://www.benzinga.com/node/5177593,
5183464,DCOM,"Dime Community Reports Q4 EPS $0.33 Vs Est. $0.28, Est. $30.77M",,Benzinga,2015-01-27T21:21:23Z,2015-01-27T21:21:23Z,,https://www.benzinga.com/node/5183464,
5180444,DLTR,Peltz's Trian Reduces Family Dollar Stake -13D,,Benzinga,2015-01-27T11:52:06Z,2015-01-27T11:52:06Z,,https://www.benzinga.com/node/5180444,
5180446,DLTR,UPDATE: Peltz Reduces Family Dollar Stake from 7.31% as of January 22 to 2.07% as of January 26,,Benzinga,2015-01-27T11:53:36Z,2015-01-27T11:53:36Z,,https://www.benzinga.com/node/5180446,
5181615,DRIV,Digital River Expands in India Through a Partnership with Ecommerce Provider Net Distribution Services,,Benzinga,2015-01-27T14:49:31Z,2015-01-27T14:49:31Z,,https://www.benzinga.com/node/5181615,
5183518,DOX,"Amdocs Reports Q4 EPS Of $0.83 Vs. Est. Of $0.81, Revenue Of $906.3M Vs. Est. Of $864.04M",,Benzinga,2015-01-27T21:26:45Z,2015-01-27T21:26:45Z,,https://www.benzinga.com/node/5183518,
5180087,EA,"Earnings Scheduled For January 27, 2015",,Benzinga,2015-01-27T09:34:57Z,2015-01-27T09:34:57Z,,https://www.benzinga.com/node/5180087,
5182434,EBMT,Eagle Bancorp Montana Reports Quarterly Earnings $0.24/share,,Benzinga,2015-01-27T17:03:07Z,2015-01-27T17:03:07Z,,https://www.benzinga.com/node/5182434,
5183138,EA,"Notable Earnings After The Close: AAPL, YHOO, T, AMGN, X, EA, JNPR, WDC",,Benzinga,2015-01-27T20:19:50Z,2015-01-27T20:19:50Z,,https://www.benzinga.com/node/5183138,
5183152,EA,Credit Suisse Comments On Video Game Makers Ahead Of Earnings,,Benzinga,2015-01-27T20:31:24Z,2015-01-27T20:32:53Z,,https://www.benzinga.com/node/5183152,
5183273,EA,"Electronic Arts Reports Q4 EPS $0.22, Revenue $1.43B",,Benzinga,2015-01-27T21:01:39Z,2015-01-27T21:08:57Z,,https://www.benzinga.com/node/5183273,
5183431,EA,UPDATE:  Electronic Arts Monthly Active Users for Mobile Titles Averaged More Than 160M In Q3,,Benzinga,2015-01-27T21:18:48Z,2015-01-27T21:18:48Z,,https://www.benzinga.com/node/5183431,
5183433,EA,Electronic Arts Shares Up ~4% Following EPS,,Benzinga,2015-01-27T21:19:45Z,2015-01-27T21:19:45Z,,https://www.benzinga.com/node/5183433,
5183519,EA,"Electronic Arts Expecting Q4 Adj. EPS $0.22 vs $0.26 Est., Sales $830M vs $911.64M Est.; FY EPS $2.35 vs $2.09 Est., Sales $4.25B vs $4.2B Est.,",,Benzinga,2015-01-27T21:27:11Z,2015-01-27T21:27:11Z,,https://www.benzinga.com/node/5183519,
5183814,EA,From Electronic Arts Earnings Conference Call: Full-Game Downloads Were Up 22% to ~$140M,,Benzinga,2015-01-27T22:17:22Z,2015-01-27T22:17:22Z,,https://www.benzinga.com/node/5183814,
5183821,EA,From EA Call: Mobile Growth 13% on YoY Basis,,Benzinga,2015-01-27T22:19:27Z,2015-01-27T22:19:27Z,,https://www.benzinga.com/node/5183821,
5183961,EA,After Hours Movers,,Benzinga,2015-01-27T23:18:18Z,2015-01-27T23:18:18Z,,https://www.benzinga.com/node/5183961,
5180176,ERIC,Ericsson Posts Decline In Q4 Profit,,Benzinga,2015-01-27T10:14:33Z,2015-01-27T10:14:33Z,,https://www.benzinga.com/node/5180176,
5180177,ERIC,Ericsson Reports Q4 SEK68B vs SEK70B Est,,Benzinga,2015-01-27T10:15:13Z,2015-01-27T10:15:13Z,,https://www.benzinga.com/node/5180177,
5180194,ENTA,White House Budget To Support Biotech Rally,,Benzinga,2015-01-27T21:00:46Z,2015-01-27T21:00:46Z,,https://www.benzinga.com/node/5180194,
5180322,FCFS,First Cash Financial Reports Q4 EPS of $0.94 vs $0.98 Est; Revenue of $202.77M vs $208.25M Est,,Benzinga,2015-01-27T11:10:57Z,2015-01-27T11:10:57Z,,https://www.benzinga.com/node/5180322,
5180323,FCFS,First Cash Announces New 2M Share Stock Buyback Authorization,,Benzinga,2015-01-27T11:11:28Z,2015-01-27T11:11:28Z,,https://www.benzinga.com/node/5180323,
5179759,EXC,"Jim Cramer Advises His Viewers On Verizon Communications Inc., Walt Disney Co, American Airlines Group Inc And Exelon Corporation",,Benzinga,2015-01-27T12:00:47Z,2015-01-27T12:00:47Z,,https://www.benzinga.com/node/5179759,
5183348,EZPW,"EZ COrp Reports Q1 EPS $0.28 Vs Est. $0.35, Revenue $150.3M Vs. Est. $269.36M",,Benzinga,2015-01-27T21:09:00Z,2015-01-27T21:09:00Z,,https://www.benzinga.com/node/5183348,
5178701,EYEG,4 Biotech IPO's for Thursday,,Benzinga,2015-01-27T23:54:03Z,2015-01-27T23:54:03Z,,https://www.benzinga.com/node/5178701,
5183762,FIBK,First Interstate Reports Q4 $0.49 Vs Est. $0.48,,Benzinga,2015-01-27T22:04:44Z,2015-01-27T22:04:44Z,,https://www.benzinga.com/node/5183762,
5183874,FFIC,Flushing Financial Corp. Reports Q4 Core EPS $0.44 vs Est. $0.39,,Benzinga,2015-01-27T22:32:55Z,2015-01-27T22:32:55Z,,https://www.benzinga.com/node/5183874,
5181646,FRME,First Merchants Corp. Reports Q4 EPS $0.41 vs $0.42 Est.,,Benzinga,2015-01-27T14:50:55Z,2015-01-27T14:50:55Z,,https://www.benzinga.com/node/5181646,
5183559,FMNB,"Farmers National Banc Corp,  National Bancshares Corporation to Merge",,Benzinga,2015-01-27T21:30:41Z,2015-01-27T21:30:41Z,,https://www.benzinga.com/node/5183559,
5181309,GEVO,Gevo Announces Favorable US Supreme Court Ruling in Patent Case,,Benzinga,2015-01-27T14:04:45Z,2015-01-27T14:04:45Z,,https://www.benzinga.com/node/5181309,
5181452,GEVO,U.S. Supreme Court Rules in Gevo's Favor In Patent Claims Case,,Benzinga,2015-01-27T14:11:42Z,2015-01-27T14:11:42Z,,https://www.benzinga.com/node/5181452,
5179649,GOOG,"Google to Expand Fiber Offering to Atlanta, Charlotte, Raleigh-Durham, Nashville -DJ",,Benzinga,2015-01-27T01:56:37Z,2015-01-27T01:56:37Z,,https://www.benzinga.com/node/5179649,
5177593,GOOGL,Apple Earnings: Colossal May Not Be Enough; But This Is,,Benzinga,2015-01-26T15:57:39Z,2015-01-27T12:59:22Z,,https://www.benzinga.com/node/5177593,
5180783,GOOG,"This Trader is Bullish Amazon, Apple and Google Ahead of Earnings",,Benzinga,2015-01-27T13:19:45Z,2015-01-27T13:20:08Z,,https://www.benzinga.com/node/5180783,
5155023,GOOGL,"Apple, Facebook, Google To Face The Heat As Regulators Tighten Screws On Encrypted Messaging Services",,Benzinga,2015-01-20T12:36:36Z,2015-01-27T13:20:42Z,,https://www.benzinga.com/node/5155023,
5179209,GOOG,Why Doesn't Apple Host Public Hackathons?,,Benzinga,2015-01-27T13:29:49Z,2015-01-27T13:29:49Z,,https://www.benzinga.com/node/5179209,
5182032,GPRO,"Top Performing Industries For January 27, 2015",,Benzinga,2015-01-27T15:48:06Z,2015-01-27T15:48:06Z,,https://www.benzinga.com/node/5182032,
5182262,GRPN,Option Alert: Groupon Feb $7.5 Call; 1397 Contract Trade at Ask @$0.44; Now $7.11,,Benzinga,2015-01-27T16:39:55Z,2015-01-27T16:41:04Z,,https://www.benzinga.com/node/5182262,
5182785,GOOG,What Comes After The Apple Watch? 12 Apple Patents Provide Clues,,Benzinga,2015-01-27T19:49:06Z,2015-01-27T19:49:06Z,,https://www.benzinga.com/node/5182785,
5182785,GPRO,What Comes After The Apple Watch? 12 Apple Patents Provide Clues,,Benzinga,2015-01-27T19:49:06Z,2015-01-27T19:49:06Z,,https://www.benzinga.com/node/5182785,
5180042,HQY,Top 4 NASDAQ Stocks In The Healthcare Information Services Industry With The Highest EPS Growth Forecast For Next Year,,Benzinga,2015-01-27T09:13:29Z,2015-01-27T09:13:29Z,,https://www.benzinga.com/node/5180042,
5180435,HURN,Huron Consulting Group to Acquire Studer Group for $325M,,Benzinga,2015-01-27T11:46:37Z,2015-01-27T11:46:37Z,,https://www.benzinga.com/node/5180435,
5180437,HURN,"UPDATE: Huron to Acquire Studer for $323M Cash, $2M in Huron Common Stock",,Benzinga,2015-01-27T11:48:03Z,2015-01-27T11:48:03Z,,https://www.benzinga.com/node/5180437,
5180592,HURN,"US Stock Futures Drop Ahead Of Earnings, Economic Data",,Benzinga,2015-01-27T12:18:34Z,2015-01-27T12:18:34Z,,https://www.benzinga.com/node/5180592,
5182241,HTZ,Option Alert: Hertz Mar $23 Call; 1500 Contract Trade at Ask @$0.95; Now $21.76,,Benzinga,2015-01-27T16:30:19Z,2015-01-27T16:31:06Z,,https://www.benzinga.com/node/5182241,
5180087,ILMN,"Earnings Scheduled For January 27, 2015",,Benzinga,2015-01-27T09:34:57Z,2015-01-27T09:34:57Z,,https://www.benzinga.com/node/5180087,
5183808,ILMN,"Illumina Shares Up Nearly 2% Following Better-Than-Expected Q4 Results: Adj. EPS $0.87 vs $0.78 Est, Sales $512M vs $507.7M",,Benzinga,2015-01-27T22:14:23Z,2015-01-27T22:14:23Z,,https://www.benzinga.com/node/5183808,
5177593,INTC,Apple Earnings: Colossal May Not Be Enough; But This Is,,Benzinga,2015-01-26T15:57:39Z,2015-01-27T12:59:22Z,,https://www.benzinga.com/node/5177593,
5180091,JD,JD.com to Bring Imported Foods to its Customers,,Benzinga,2015-01-27T09:39:16Z,2015-01-27T09:39:16Z,,https://www.benzinga.com/node/5180091,
5180161,JJSF,KeyBanc Downgrades J&J Snack Foods to Hold,,Benzinga,2015-01-27T10:03:39Z,2015-01-27T10:03:39Z,,https://www.benzinga.com/node/5180161,
5181680,JJSF,Morning Market Losers,,Benzinga,2015-01-27T15:00:19Z,2015-01-27T15:00:19Z,,https://www.benzinga.com/node/5181680,
5181959,JJSF,Mid-Morning Market Update: Markets Open Lower; Caterpillar Issues Weak Outlook,,Benzinga,2015-01-27T15:34:36Z,2015-01-27T15:34:37Z,,https://www.benzinga.com/node/5181959,
5180341,KLAC,"BNP Paribas Downgrades KLA-Tencor to Neutral, Raises PT to $66.00",,Benzinga,2015-01-27T11:17:17Z,2015-01-27T11:17:18Z,,https://www.benzinga.com/node/5180341,
5183340,KTCC,Key Tronic Corporation Reports Q2 EPS of $0.14/share,,Benzinga,2015-01-27T21:07:15Z,2015-01-27T21:07:15Z,,https://www.benzinga.com/node/5183340,
5180325,LSCC,Lattice Semiconductor to Acquire Silicon Image for ~$600M,,Benzinga,2015-01-27T11:12:28Z,2015-01-27T11:12:28Z,,https://www.benzinga.com/node/5180325,
5180331,LSCC,UPDATE: Lattice Semiconductor to Acquire Silicon Image Through All-Cash Tender Offer of $7.30/Share,,Benzinga,2015-01-27T11:13:41Z,2015-01-27T11:13:41Z,,https://www.benzinga.com/node/5180331,
5180333,LKFN,"Raymond James Downgrades Lakeland Financial to Outperform, Maintains $44.00 PT",,Benzinga,2015-01-27T11:14:57Z,2015-01-27T11:14:57Z,,https://www.benzinga.com/node/5180333,
5177591,LOCO,IPO Outlook: Shake Shack IPO Set To Wrap Up Busy Week,,Benzinga,2015-01-27T12:25:35Z,2015-01-27T12:25:35Z,,https://www.benzinga.com/node/5177591,
5181000,LSCC,Benzinga's Top #PreMarket Gainers,,Benzinga,2015-01-27T13:13:19Z,2015-01-27T13:13:19Z,,https://www.benzinga.com/node/5181000,
5181002,LSCC,Silicon Image Shares Rise 23% Premarket on Announcement of $7.30/Share Tender Offer by Lattice Semiconductor,,Benzinga,2015-01-27T13:13:31Z,2015-01-27T13:13:31Z,,https://www.benzinga.com/node/5181002,
5181605,LSCC,Morning Market Gainers,,Benzinga,2015-01-27T14:47:32Z,2015-01-27T14:47:32Z,,https://www.benzinga.com/node/5181605,
5181959,LSCC,Mid-Morning Market Update: Markets Open Lower; Caterpillar Issues Weak Outlook,,Benzinga,2015-01-27T15:34:36Z,2015-01-27T15:34:37Z,,https://www.benzinga.com/node/5181959,
5182223,LSCC,Silicon Image Soars Following Acquisition News,,Benzinga,2015-01-27T16:36:20Z,2015-01-27T16:39:14Z,,https://www.benzinga.com/node/5182223,
